clip_id,source_video_id,start_timestamp,end_timestamp
no_throw_clip_1,source_video_0001,00:00:00,00:00:07
no_throw_clip_2,source_video_0001,00:00:08,00:00:15
no_throw_clip_3,source_video_0001,00:00:16,00:00:23
no_throw_clip_4,source_video_0001,00:00:24,00:00:31
no_throw_clip_5,source_video_0001,00:00:32,00:00:39
no_throw_clip_6,source_video_0001,00:00:40,00:00:47
no_throw_clip_7,source_video_0001,00:00:48,00:00:55
no_throw_clip_8,source_video_0001,00:00:56,00:01:03
no_throw_clip_9,source_video_0001,00:01:04,00:01:11
no_throw_clip_10,source_video_0001,00:01:12,00:01:19
no_throw_clip_11,source_video_0001,00:01:20,00:01:27
no_throw_clip_12,source_video_0001,00:01:28,00:01:35
no_throw_clip_13,source_video_0001,00:01:49,00:01:56
no_throw_clip_14,source_video_0001,00:01:57,00:02:04
no_throw_clip_15,source_video_0001,00:02:05,00:02:12
no_throw_clip_16,source_video_0001,00:02:13,00:02:20
no_throw_clip_17,source_video_0001,00:02:21,00:02:28
no_throw_clip_18,source_video_0001,00:02:29,00:02:36
no_throw_clip_19,source_video_0001,00:02:37,00:02:44
no_throw_clip_20,source_video_0001,00:03:04,00:03:11
no_throw_clip_21,source_video_0001,00:03:26,00:03:33
no_throw_clip_22,source_video_0001,00:03:34,00:03:41
no_throw_clip_23,source_video_0001,00:03:42,00:03:49
no_throw_clip_24,source_video_0001,00:04:07,00:04:14
no_throw_clip_25,source_video_0001,00:04:15,00:04:22
no_throw_clip_26,source_video_0001,00:04:23,00:04:30
no_throw_clip_27,source_video_0001,00:04:45,00:04:52
no_throw_clip_28,source_video_0001,00:04:53,00:05:00
no_throw_clip_29,source_video_0001,00:05:17,00:05:24
no_throw_clip_30,source_video_0001,00:05:39,00:05:46
no_throw_clip_31,source_video_0001,00:05:47,00:05:54
no_throw_clip_32,source_video_0001,00:06:19,00:06:26
no_throw_clip_33,source_video_0001,00:06:38,00:06:45
no_throw_clip_34,source_video_0001,00:06:46,00:06:53
no_throw_clip_35,source_video_0001,00:06:54,00:07:01
no_throw_clip_36,source_video_0001,00:07:02,00:07:09
no_throw_clip_37,source_video_0001,00:07:10,00:07:17
no_throw_clip_38,source_video_0001,00:07:18,00:07:25
no_throw_clip_39,source_video_0001,00:07:26,00:07:33
no_throw_clip_40,source_video_0001,00:07:34,00:07:41
no_throw_clip_41,source_video_0001,00:07:58,00:08:05
no_throw_clip_42,source_video_0001,00:08:19,00:08:26
no_throw_clip_43,source_video_0001,00:09:00,00:09:07
no_throw_clip_44,source_video_0001,00:09:08,00:09:15
no_throw_clip_45,source_video_0001,00:09:27,00:09:34
no_throw_clip_46,source_video_0001,00:09:35,00:09:42
no_throw_clip_47,source_video_0001,00:09:55,00:10:02
no_throw_clip_48,source_video_0001,00:10:20,00:10:27
no_throw_clip_49,source_video_0001,00:10:28,00:10:35
no_throw_clip_50,source_video_0001,00:10:48,00:10:55
no_throw_clip_51,source_video_0001,00:11:12,00:11:19
no_throw_clip_52,source_video_0001,00:11:20,00:11:27
no_throw_clip_53,source_video_0001,00:11:44,00:11:51
no_throw_clip_54,source_video_0001,00:11:52,00:11:59
no_throw_clip_55,source_video_0001,00:12:20,00:12:27
no_throw_clip_56,source_video_0001,00:12:28,00:12:35
no_throw_clip_57,source_video_0001,00:12:57,00:13:04
no_throw_clip_58,source_video_0001,00:13:05,00:13:12
no_throw_clip_59,source_video_0001,00:13:27,00:13:34
no_throw_clip_60,source_video_0001,00:13:35,00:13:42
no_throw_clip_61,source_video_0001,00:13:43,00:13:50
no_throw_clip_62,source_video_0001,00:13:51,00:13:58
no_throw_clip_63,source_video_0001,00:13:59,00:14:06
no_throw_clip_64,source_video_0001,00:14:07,00:14:14
no_throw_clip_65,source_video_0001,00:14:15,00:14:22
no_throw_clip_66,source_video_0001,00:14:23,00:14:30
no_throw_clip_67,source_video_0001,00:14:31,00:14:38
no_throw_clip_68,source_video_0001,00:14:39,00:14:46
no_throw_clip_69,source_video_0001,00:14:47,00:14:54
no_throw_clip_70,source_video_0001,00:14:55,00:15:02
no_throw_clip_71,source_video_0001,00:15:03,00:15:10
no_throw_clip_72,source_video_0001,00:15:11,00:15:18
no_throw_clip_73,source_video_0001,00:15:19,00:15:26
no_throw_clip_74,source_video_0001,00:15:27,00:15:34
no_throw_clip_75,source_video_0001,00:15:35,00:15:42
no_throw_clip_76,source_video_0001,00:15:43,00:15:50
no_throw_clip_77,source_video_0001,00:15:51,00:15:58
no_throw_clip_78,source_video_0001,00:15:59,00:16:06
no_throw_clip_79,source_video_0001,00:16:07,00:16:14
no_throw_clip_80,source_video_0001,00:16:15,00:16:22
no_throw_clip_81,source_video_0001,00:16:23,00:16:30
no_throw_clip_82,source_video_0001,00:16:31,00:16:38
no_throw_clip_83,source_video_0001,00:16:39,00:16:46
no_throw_clip_84,source_video_0001,00:16:47,00:16:54
no_throw_clip_85,source_video_0001,00:16:55,00:17:02
no_throw_clip_86,source_video_0001,00:17:03,00:17:10
no_throw_clip_87,source_video_0001,00:17:11,00:17:18
no_throw_clip_88,source_video_0001,00:17:19,00:17:26
no_throw_clip_89,source_video_0001,00:17:27,00:17:34
no_throw_clip_90,source_video_0001,00:17:35,00:17:42
no_throw_clip_91,source_video_0001,00:17:43,00:17:50
no_throw_clip_92,source_video_0001,00:17:51,00:17:58
no_throw_clip_93,source_video_0001,00:17:59,00:18:06
no_throw_clip_94,source_video_0001,00:18:07,00:18:14
no_throw_clip_95,source_video_0001,00:18:32,00:18:39
no_throw_clip_96,source_video_0001,00:18:40,00:18:47
no_throw_clip_97,source_video_0001,00:19:01,00:19:08
no_throw_clip_98,source_video_0001,00:19:09,00:19:16
no_throw_clip_99,source_video_0001,00:19:17,00:19:24
no_throw_clip_100,source_video_0001,00:19:42,00:19:49
no_throw_clip_101,source_video_0001,00:19:50,00:19:57
no_throw_clip_102,source_video_0001,00:19:58,00:20:05
no_throw_clip_103,source_video_0001,00:20:06,00:20:13
no_throw_clip_104,source_video_0001,00:20:14,00:20:21
no_throw_clip_105,source_video_0001,00:20:22,00:20:29
no_throw_clip_106,source_video_0001,00:20:45,00:20:52
no_throw_clip_107,source_video_0001,00:20:53,00:21:00
no_throw_clip_108,source_video_0001,00:21:01,00:21:08
no_throw_clip_109,source_video_0001,00:21:27,00:21:34
no_throw_clip_110,source_video_0001,00:21:52,00:21:59
no_throw_clip_111,source_video_0001,00:22:00,00:22:07
no_throw_clip_112,source_video_0001,00:22:08,00:22:15
no_throw_clip_113,source_video_0001,00:22:16,00:22:23
no_throw_clip_114,source_video_0001,00:22:24,00:22:31
no_throw_clip_115,source_video_0001,00:22:32,00:22:39
no_throw_clip_116,source_video_0001,00:22:40,00:22:47
no_throw_clip_117,source_video_0001,00:22:48,00:22:55
no_throw_clip_118,source_video_0001,00:22:56,00:23:03
no_throw_clip_119,source_video_0001,00:23:04,00:23:11
no_throw_clip_120,source_video_0001,00:23:12,00:23:19
no_throw_clip_121,source_video_0001,00:23:20,00:23:27
no_throw_clip_122,source_video_0001,00:23:28,00:23:35
no_throw_clip_123,source_video_0001,00:23:36,00:23:43
no_throw_clip_124,source_video_0001,00:23:44,00:23:51
no_throw_clip_125,source_video_0001,00:23:52,00:23:59
no_throw_clip_126,source_video_0001,00:24:00,00:24:07
no_throw_clip_127,source_video_0001,00:24:08,00:24:15
no_throw_clip_128,source_video_0001,00:24:16,00:24:23
no_throw_clip_129,source_video_0001,00:24:24,00:24:31
no_throw_clip_130,source_video_0001,00:24:32,00:24:39
no_throw_clip_131,source_video_0001,00:24:40,00:24:47
no_throw_clip_132,source_video_0001,00:24:48,00:24:55
no_throw_clip_133,source_video_0001,00:24:56,00:25:03
no_throw_clip_134,source_video_0001,00:25:04,00:25:11
no_throw_clip_135,source_video_0001,00:25:12,00:25:19
no_throw_clip_136,source_video_0001,00:25:54,00:26:01
no_throw_clip_137,source_video_0001,00:26:02,00:26:09
no_throw_clip_138,source_video_0001,00:26:10,00:26:17
no_throw_clip_139,source_video_0001,00:26:18,00:26:25
no_throw_clip_140,source_video_0001,00:26:26,00:26:33
no_throw_clip_141,source_video_0001,00:26:34,00:26:41
no_throw_clip_142,source_video_0001,00:26:42,00:26:49
no_throw_clip_143,source_video_0001,00:26:50,00:26:57
no_throw_clip_144,source_video_0001,00:26:58,00:27:05
no_throw_clip_145,source_video_0001,00:27:06,00:27:13
no_throw_clip_146,source_video_0001,00:27:14,00:27:21
no_throw_clip_147,source_video_0001,00:27:22,00:27:29
no_throw_clip_148,source_video_0001,00:27:30,00:27:37
no_throw_clip_149,source_video_0001,00:27:54,00:28:01
no_throw_clip_150,source_video_0001,00:28:02,00:28:09
no_throw_clip_151,source_video_0001,00:28:10,00:28:17
no_throw_clip_152,source_video_0001,00:28:34,00:28:41
no_throw_clip_153,source_video_0001,00:28:42,00:28:49
no_throw_clip_154,source_video_0001,00:28:50,00:28:57
no_throw_clip_155,source_video_0001,00:29:12,00:29:19
no_throw_clip_156,source_video_0001,00:29:20,00:29:27
no_throw_clip_157,source_video_0001,00:29:49,00:29:56
no_throw_clip_158,source_video_0001,00:29:57,00:30:04
no_throw_clip_159,source_video_0001,00:30:05,00:30:12
no_throw_clip_160,source_video_0001,00:30:13,00:30:20
no_throw_clip_161,source_video_0001,00:30:21,00:30:28
no_throw_clip_162,source_video_0001,00:30:29,00:30:36
no_throw_clip_163,source_video_0001,00:30:37,00:30:44
no_throw_clip_164,source_video_0001,00:30:45,00:30:52
no_throw_clip_165,source_video_0001,00:30:53,00:31:00
no_throw_clip_166,source_video_0001,00:31:01,00:31:08
no_throw_clip_167,source_video_0001,00:31:09,00:31:16
no_throw_clip_168,source_video_0001,00:31:17,00:31:24
no_throw_clip_169,source_video_0001,00:31:25,00:31:32
no_throw_clip_170,source_video_0001,00:31:33,00:31:40
no_throw_clip_171,source_video_0001,00:31:41,00:31:48
no_throw_clip_172,source_video_0001,00:31:49,00:31:56
no_throw_clip_173,source_video_0001,00:31:57,00:32:04
no_throw_clip_174,source_video_0001,00:32:05,00:32:12
no_throw_clip_175,source_video_0001,00:32:13,00:32:20
no_throw_clip_176,source_video_0001,00:32:21,00:32:28
no_throw_clip_177,source_video_0001,00:32:29,00:32:36
no_throw_clip_178,source_video_0001,00:32:53,00:33:00
no_throw_clip_179,source_video_0001,00:33:01,00:33:08
no_throw_clip_180,source_video_0001,00:33:09,00:33:16
no_throw_clip_181,source_video_0001,00:33:17,00:33:24
no_throw_clip_182,source_video_0001,00:33:25,00:33:32
no_throw_clip_183,source_video_0001,00:33:33,00:33:40
no_throw_clip_184,source_video_0001,00:33:41,00:33:48
no_throw_clip_185,source_video_0001,00:33:49,00:33:56
no_throw_clip_186,source_video_0001,00:33:57,00:34:04
no_throw_clip_187,source_video_0001,00:34:05,00:34:12
no_throw_clip_188,source_video_0001,00:34:13,00:34:20
no_throw_clip_189,source_video_0001,00:34:21,00:34:28
no_throw_clip_190,source_video_0001,00:34:46,00:34:53
no_throw_clip_191,source_video_0001,00:34:54,00:35:01
no_throw_clip_192,source_video_0001,00:35:02,00:35:09
no_throw_clip_193,source_video_0001,00:35:25,00:35:32
no_throw_clip_194,source_video_0001,00:35:33,00:35:40
no_throw_clip_195,source_video_0001,00:35:52,00:35:59
no_throw_clip_196,source_video_0001,00:36:00,00:36:07
no_throw_clip_197,source_video_0001,00:36:08,00:36:15
no_throw_clip_198,source_video_0001,00:36:16,00:36:23
no_throw_clip_199,source_video_0001,00:36:24,00:36:31
no_throw_clip_200,source_video_0001,00:36:32,00:36:39
no_throw_clip_201,source_video_0001,00:36:40,00:36:47
no_throw_clip_202,source_video_0001,00:37:13,00:37:20
no_throw_clip_203,source_video_0001,00:37:43,00:37:50
no_throw_clip_204,source_video_0001,00:37:51,00:37:58
no_throw_clip_205,source_video_0001,00:37:59,00:38:06
no_throw_clip_206,source_video_0001,00:38:07,00:38:14
no_throw_clip_207,source_video_0001,00:38:15,00:38:22
no_throw_clip_208,source_video_0001,00:38:23,00:38:30
no_throw_clip_209,source_video_0001,00:38:31,00:38:38
no_throw_clip_210,source_video_0001,00:38:39,00:38:46
no_throw_clip_211,source_video_0001,00:38:47,00:38:54
no_throw_clip_212,source_video_0001,00:38:55,00:39:02
no_throw_clip_213,source_video_0001,00:39:03,00:39:10
no_throw_clip_214,source_video_0001,00:39:11,00:39:18
no_throw_clip_215,source_video_0001,00:39:19,00:39:26
no_throw_clip_216,source_video_0001,00:39:27,00:39:34
no_throw_clip_217,source_video_0002,00:00:00,00:00:07
no_throw_clip_218,source_video_0002,00:00:08,00:00:15
no_throw_clip_219,source_video_0002,00:00:16,00:00:23
no_throw_clip_220,source_video_0002,00:00:24,00:00:31
no_throw_clip_221,source_video_0002,00:00:32,00:00:39
no_throw_clip_222,source_video_0002,00:00:40,00:00:47
no_throw_clip_223,source_video_0002,00:00:48,00:00:55
no_throw_clip_224,source_video_0002,00:01:14,00:01:21
no_throw_clip_225,source_video_0002,00:01:22,00:01:29
no_throw_clip_226,source_video_0002,00:01:30,00:01:37
no_throw_clip_227,source_video_0002,00:01:38,00:01:45
no_throw_clip_228,source_video_0002,00:01:46,00:01:53
no_throw_clip_229,source_video_0002,00:01:54,00:02:01
no_throw_clip_230,source_video_0002,00:02:02,00:02:09
no_throw_clip_231,source_video_0002,00:02:10,00:02:17
no_throw_clip_232,source_video_0002,00:02:18,00:02:25
no_throw_clip_233,source_video_0002,00:02:26,00:02:33
no_throw_clip_234,source_video_0002,00:02:34,00:02:41
no_throw_clip_235,source_video_0002,00:02:42,00:02:49
no_throw_clip_236,source_video_0002,00:02:50,00:02:57
no_throw_clip_237,source_video_0002,00:02:58,00:03:05
no_throw_clip_238,source_video_0002,00:03:06,00:03:13
no_throw_clip_239,source_video_0002,00:03:14,00:03:21
no_throw_clip_240,source_video_0002,00:03:22,00:03:29
no_throw_clip_241,source_video_0002,00:03:30,00:03:37
no_throw_clip_242,source_video_0002,00:03:38,00:03:45
no_throw_clip_243,source_video_0002,00:03:46,00:03:53
no_throw_clip_244,source_video_0002,00:03:54,00:04:01
no_throw_clip_245,source_video_0002,00:04:20,00:04:27
no_throw_clip_246,source_video_0002,00:04:28,00:04:35
no_throw_clip_247,source_video_0002,00:04:36,00:04:43
no_throw_clip_248,source_video_0002,00:04:58,00:05:05
no_throw_clip_249,source_video_0002,00:05:06,00:05:13
no_throw_clip_250,source_video_0002,00:05:32,00:05:39
no_throw_clip_251,source_video_0002,00:05:40,00:05:47
no_throw_clip_252,source_video_0002,00:06:06,00:06:13
no_throw_clip_253,source_video_0002,00:06:14,00:06:21
no_throw_clip_254,source_video_0002,00:06:36,00:06:43
no_throw_clip_255,source_video_0002,00:06:44,00:06:51
no_throw_clip_256,source_video_0002,00:06:52,00:06:59
no_throw_clip_257,source_video_0002,00:07:00,00:07:07
no_throw_clip_258,source_video_0002,00:07:08,00:07:15
no_throw_clip_259,source_video_0002,00:07:16,00:07:23
no_throw_clip_260,source_video_0002,00:07:44,00:07:51
no_throw_clip_261,source_video_0002,00:07:52,00:07:59
no_throw_clip_262,source_video_0002,00:08:00,00:08:07
no_throw_clip_263,source_video_0002,00:08:43,00:08:50
no_throw_clip_264,source_video_0002,00:08:51,00:08:58
no_throw_clip_265,source_video_0002,00:08:59,00:09:06
no_throw_clip_266,source_video_0002,00:09:07,00:09:14
no_throw_clip_267,source_video_0002,00:09:15,00:09:22
no_throw_clip_268,source_video_0002,00:09:23,00:09:30
no_throw_clip_269,source_video_0002,00:09:31,00:09:38
no_throw_clip_270,source_video_0002,00:09:39,00:09:46
no_throw_clip_271,source_video_0002,00:09:47,00:09:54
no_throw_clip_272,source_video_0002,00:09:55,00:10:02
no_throw_clip_273,source_video_0002,00:10:03,00:10:10
no_throw_clip_274,source_video_0002,00:10:11,00:10:18
no_throw_clip_275,source_video_0002,00:10:19,00:10:26
no_throw_clip_276,source_video_0002,00:10:27,00:10:34
no_throw_clip_277,source_video_0002,00:10:35,00:10:42
no_throw_clip_278,source_video_0002,00:10:43,00:10:50
no_throw_clip_279,source_video_0002,00:10:51,00:10:58
no_throw_clip_280,source_video_0002,00:11:24,00:11:31
no_throw_clip_281,source_video_0002,00:11:32,00:11:39
no_throw_clip_282,source_video_0002,00:12:12,00:12:19
no_throw_clip_283,source_video_0002,00:12:20,00:12:27
no_throw_clip_284,source_video_0002,00:12:43,00:12:50
no_throw_clip_285,source_video_0002,00:12:51,00:12:58
no_throw_clip_286,source_video_0002,00:13:19,00:13:26
no_throw_clip_287,source_video_0002,00:13:27,00:13:34
no_throw_clip_288,source_video_0002,00:13:35,00:13:42
no_throw_clip_289,source_video_0002,00:13:55,00:14:02
no_throw_clip_290,source_video_0002,00:14:22,00:14:29
no_throw_clip_291,source_video_0002,00:14:46,00:14:53
no_throw_clip_292,source_video_0002,00:14:54,00:15:01
no_throw_clip_293,source_video_0002,00:15:15,00:15:22
no_throw_clip_294,source_video_0002,00:15:38,00:15:45
no_throw_clip_295,source_video_0002,00:16:02,00:16:09
no_throw_clip_296,source_video_0002,00:16:10,00:16:17
no_throw_clip_297,source_video_0002,00:16:18,00:16:25
no_throw_clip_298,source_video_0002,00:16:26,00:16:33
no_throw_clip_299,source_video_0002,00:16:34,00:16:41
no_throw_clip_300,source_video_0002,00:16:56,00:17:03
no_throw_clip_301,source_video_0002,00:17:15,00:17:22
no_throw_clip_302,source_video_0002,00:17:23,00:17:30
no_throw_clip_303,source_video_0002,00:17:31,00:17:38
no_throw_clip_304,source_video_0002,00:17:39,00:17:46
no_throw_clip_305,source_video_0002,00:18:02,00:18:09
no_throw_clip_306,source_video_0002,00:18:10,00:18:17
no_throw_clip_307,source_video_0002,00:18:18,00:18:25
no_throw_clip_308,source_video_0002,00:18:39,00:18:46
no_throw_clip_309,source_video_0002,00:18:47,00:18:54
no_throw_clip_310,source_video_0002,00:18:55,00:19:02
no_throw_clip_311,source_video_0002,00:19:03,00:19:10
no_throw_clip_312,source_video_0002,00:19:11,00:19:18
no_throw_clip_313,source_video_0002,00:19:19,00:19:26
no_throw_clip_314,source_video_0002,00:19:27,00:19:34
no_throw_clip_315,source_video_0002,00:19:35,00:19:42
no_throw_clip_316,source_video_0002,00:19:43,00:19:50
no_throw_clip_317,source_video_0002,00:19:51,00:19:58
no_throw_clip_318,source_video_0002,00:19:59,00:20:06
no_throw_clip_319,source_video_0002,00:20:07,00:20:14
no_throw_clip_320,source_video_0002,00:20:15,00:20:22
no_throw_clip_321,source_video_0002,00:20:23,00:20:30
no_throw_clip_322,source_video_0002,00:20:31,00:20:38
no_throw_clip_323,source_video_0002,00:20:39,00:20:46
no_throw_clip_324,source_video_0002,00:20:59,00:21:06
no_throw_clip_325,source_video_0002,00:21:07,00:21:14
no_throw_clip_326,source_video_0002,00:21:15,00:21:22
no_throw_clip_327,source_video_0002,00:21:23,00:21:30
no_throw_clip_328,source_video_0002,00:21:31,00:21:38
no_throw_clip_329,source_video_0002,00:21:54,00:22:01
no_throw_clip_330,source_video_0002,00:22:02,00:22:09
no_throw_clip_331,source_video_0002,00:22:10,00:22:17
no_throw_clip_332,source_video_0002,00:22:18,00:22:25
no_throw_clip_333,source_video_0002,00:22:45,00:22:52
no_throw_clip_334,source_video_0002,00:22:53,00:23:00
no_throw_clip_335,source_video_0002,00:23:01,00:23:08
no_throw_clip_336,source_video_0002,00:23:09,00:23:16
no_throw_clip_337,source_video_0002,00:23:28,00:23:35
no_throw_clip_338,source_video_0002,00:23:36,00:23:43
no_throw_clip_339,source_video_0002,00:23:44,00:23:51
no_throw_clip_340,source_video_0002,00:23:52,00:23:59
no_throw_clip_341,source_video_0002,00:24:00,00:24:07
no_throw_clip_342,source_video_0002,00:24:08,00:24:15
no_throw_clip_343,source_video_0002,00:24:16,00:24:23
no_throw_clip_344,source_video_0002,00:24:47,00:24:54
no_throw_clip_345,source_video_0002,00:24:55,00:25:02
no_throw_clip_346,source_video_0002,00:25:03,00:25:10
no_throw_clip_347,source_video_0002,00:25:26,00:25:33
no_throw_clip_348,source_video_0002,00:25:34,00:25:41
no_throw_clip_349,source_video_0002,00:25:42,00:25:49
no_throw_clip_350,source_video_0002,00:25:50,00:25:57
no_throw_clip_351,source_video_0002,00:25:58,00:26:05
no_throw_clip_352,source_video_0002,00:26:23,00:26:30
no_throw_clip_353,source_video_0002,00:26:31,00:26:38
no_throw_clip_354,source_video_0002,00:26:39,00:26:46
no_throw_clip_355,source_video_0002,00:27:04,00:27:11
no_throw_clip_356,source_video_0002,00:27:12,00:27:19
no_throw_clip_357,source_video_0002,00:27:20,00:27:27
no_throw_clip_358,source_video_0002,00:27:47,00:27:54
no_throw_clip_359,source_video_0002,00:27:55,00:28:02
no_throw_clip_360,source_video_0002,00:28:03,00:28:10
no_throw_clip_361,source_video_0002,00:28:11,00:28:18
no_throw_clip_362,source_video_0002,00:28:19,00:28:26
no_throw_clip_363,source_video_0002,00:28:27,00:28:34
no_throw_clip_364,source_video_0002,00:28:35,00:28:42
no_throw_clip_365,source_video_0002,00:28:43,00:28:50
no_throw_clip_366,source_video_0002,00:28:51,00:28:58
no_throw_clip_367,source_video_0002,00:29:15,00:29:22
no_throw_clip_368,source_video_0002,00:29:23,00:29:30
no_throw_clip_369,source_video_0002,00:29:45,00:29:52
no_throw_clip_370,source_video_0002,00:29:53,00:30:00
no_throw_clip_371,source_video_0002,00:30:01,00:30:08
no_throw_clip_372,source_video_0002,00:30:09,00:30:16
no_throw_clip_373,source_video_0002,00:30:17,00:30:24
no_throw_clip_374,source_video_0002,00:30:25,00:30:32
no_throw_clip_375,source_video_0002,00:30:33,00:30:40
no_throw_clip_376,source_video_0002,00:30:41,00:30:48
no_throw_clip_377,source_video_0002,00:30:49,00:30:56
no_throw_clip_378,source_video_0002,00:30:57,00:31:04
no_throw_clip_379,source_video_0002,00:31:05,00:31:12
no_throw_clip_380,source_video_0002,00:31:13,00:31:20
no_throw_clip_381,source_video_0002,00:31:21,00:31:28
no_throw_clip_382,source_video_0002,00:31:29,00:31:36
no_throw_clip_383,source_video_0002,00:31:37,00:31:44
no_throw_clip_384,source_video_0002,00:31:45,00:31:52
no_throw_clip_385,source_video_0002,00:31:53,00:32:00
no_throw_clip_386,source_video_0002,00:32:01,00:32:08
no_throw_clip_387,source_video_0002,00:32:09,00:32:16
no_throw_clip_388,source_video_0002,00:32:17,00:32:24
no_throw_clip_389,source_video_0002,00:32:37,00:32:44
no_throw_clip_390,source_video_0002,00:32:45,00:32:52
no_throw_clip_391,source_video_0002,00:33:11,00:33:18
no_throw_clip_392,source_video_0002,00:33:19,00:33:26
no_throw_clip_393,source_video_0002,00:33:27,00:33:34
no_throw_clip_394,source_video_0002,00:33:35,00:33:42
no_throw_clip_395,source_video_0002,00:33:43,00:33:50
no_throw_clip_396,source_video_0002,00:33:51,00:33:58
no_throw_clip_397,source_video_0002,00:34:10,00:34:17
no_throw_clip_398,source_video_0002,00:34:18,00:34:25
no_throw_clip_399,source_video_0002,00:34:26,00:34:33
no_throw_clip_400,source_video_0002,00:34:34,00:34:41
no_throw_clip_401,source_video_0002,00:34:42,00:34:49
no_throw_clip_402,source_video_0002,00:34:50,00:34:57
no_throw_clip_403,source_video_0002,00:34:58,00:35:05
no_throw_clip_404,source_video_0002,00:35:06,00:35:13
no_throw_clip_405,source_video_0002,00:35:14,00:35:21
no_throw_clip_406,source_video_0002,00:35:22,00:35:29
no_throw_clip_407,source_video_0002,00:35:30,00:35:37
no_throw_clip_408,source_video_0002,00:35:38,00:35:45
no_throw_clip_409,source_video_0002,00:35:46,00:35:53
no_throw_clip_410,source_video_0002,00:35:54,00:36:01
no_throw_clip_411,source_video_0002,00:36:27,00:36:34
no_throw_clip_412,source_video_0002,00:36:35,00:36:42
no_throw_clip_413,source_video_0002,00:36:43,00:36:50
no_throw_clip_414,source_video_0002,00:36:51,00:36:58
no_throw_clip_415,source_video_0002,00:36:59,00:37:06
no_throw_clip_416,source_video_0002,00:37:07,00:37:14
no_throw_clip_417,source_video_0002,00:37:15,00:37:22
no_throw_clip_418,source_video_0002,00:37:44,00:37:51
no_throw_clip_419,source_video_0002,00:37:52,00:37:59
no_throw_clip_420,source_video_0002,00:38:20,00:38:27
no_throw_clip_421,source_video_0002,00:38:28,00:38:35
no_throw_clip_422,source_video_0002,00:38:36,00:38:43
no_throw_clip_423,source_video_0002,00:38:44,00:38:51
no_throw_clip_424,source_video_0002,00:38:52,00:38:59
no_throw_clip_425,source_video_0002,00:39:00,00:39:07
no_throw_clip_426,source_video_0002,00:39:08,00:39:15
no_throw_clip_427,source_video_0002,00:39:16,00:39:23
no_throw_clip_428,source_video_0002,00:39:24,00:39:31
no_throw_clip_429,source_video_0002,00:39:32,00:39:39
no_throw_clip_430,source_video_0002,00:39:40,00:39:47
no_throw_clip_431,source_video_0002,00:39:48,00:39:55
no_throw_clip_432,source_video_0002,00:39:56,00:40:03
no_throw_clip_433,source_video_0002,00:40:04,00:40:11
no_throw_clip_434,source_video_0002,00:40:12,00:40:19
no_throw_clip_435,source_video_0002,00:40:20,00:40:27
no_throw_clip_436,source_video_0002,00:40:28,00:40:35
no_throw_clip_437,source_video_0002,00:40:36,00:40:43
no_throw_clip_438,source_video_0002,00:40:44,00:40:51
no_throw_clip_439,source_video_0002,00:40:52,00:40:59
no_throw_clip_440,source_video_0002,00:41:00,00:41:07
no_throw_clip_441,source_video_0002,00:41:08,00:41:15
no_throw_clip_442,source_video_0002,00:41:16,00:41:23
no_throw_clip_443,source_video_0002,00:41:24,00:41:31
no_throw_clip_444,source_video_0002,00:41:32,00:41:39
no_throw_clip_445,source_video_0002,00:41:40,00:41:47
no_throw_clip_446,source_video_0002,00:41:48,00:41:55
no_throw_clip_447,source_video_0002,00:41:56,00:42:03
no_throw_clip_448,source_video_0002,00:42:04,00:42:11
no_throw_clip_449,source_video_0002,00:42:12,00:42:19
no_throw_clip_450,source_video_0002,00:42:20,00:42:27
no_throw_clip_451,source_video_0002,00:42:28,00:42:35
no_throw_clip_452,source_video_0002,00:42:36,00:42:43
no_throw_clip_453,source_video_0002,00:42:44,00:42:51
no_throw_clip_454,source_video_0002,00:42:52,00:42:59
no_throw_clip_455,source_video_0002,00:43:00,00:43:07
no_throw_clip_456,source_video_0002,00:43:08,00:43:15
no_throw_clip_457,source_video_0002,00:43:16,00:43:23
no_throw_clip_458,source_video_0002,00:43:24,00:43:31
no_throw_clip_459,source_video_0002,00:43:32,00:43:39
no_throw_clip_460,source_video_0002,00:43:40,00:43:47
no_throw_clip_461,source_video_0002,00:43:48,00:43:55
no_throw_clip_462,source_video_0002,00:43:56,00:44:03
no_throw_clip_463,source_video_0002,00:44:04,00:44:11
no_throw_clip_464,source_video_0002,00:44:12,00:44:19
no_throw_clip_465,source_video_0002,00:44:20,00:44:27
no_throw_clip_466,source_video_0002,00:44:28,00:44:35
no_throw_clip_467,source_video_0002,00:44:36,00:44:43
no_throw_clip_468,source_video_0002,00:44:44,00:44:51
no_throw_clip_469,source_video_0002,00:44:52,00:44:59
no_throw_clip_470,source_video_0002,00:45:00,00:45:07
no_throw_clip_471,source_video_0002,00:45:08,00:45:15
no_throw_clip_472,source_video_0002,00:45:16,00:45:23
no_throw_clip_473,source_video_0002,00:45:24,00:45:31
no_throw_clip_474,source_video_0002,00:45:32,00:45:39
no_throw_clip_475,source_video_0002,00:45:40,00:45:47
no_throw_clip_476,source_video_0002,00:45:48,00:45:55
no_throw_clip_477,source_video_0002,00:45:56,00:46:03
no_throw_clip_478,source_video_0002,00:46:04,00:46:11
no_throw_clip_479,source_video_0002,00:46:12,00:46:19
no_throw_clip_480,source_video_0002,00:46:20,00:46:27
no_throw_clip_481,source_video_0002,00:46:28,00:46:35
no_throw_clip_482,source_video_0002,00:46:36,00:46:43
no_throw_clip_483,source_video_0002,00:46:44,00:46:51
no_throw_clip_484,source_video_0002,00:46:52,00:46:59
no_throw_clip_485,source_video_0002,00:47:00,00:47:07
no_throw_clip_486,source_video_0002,00:47:08,00:47:15
no_throw_clip_487,source_video_0002,00:47:16,00:47:23
no_throw_clip_488,source_video_0002,00:47:24,00:47:31
no_throw_clip_489,source_video_0002,00:47:32,00:47:39
no_throw_clip_490,source_video_0002,00:47:40,00:47:47
no_throw_clip_491,source_video_0002,00:47:48,00:47:55
no_throw_clip_492,source_video_0002,00:47:56,00:48:03
no_throw_clip_493,source_video_0002,00:48:04,00:48:11
no_throw_clip_494,source_video_0002,00:48:12,00:48:19
no_throw_clip_495,source_video_0002,00:48:20,00:48:27
no_throw_clip_496,source_video_0002,00:48:28,00:48:35
no_throw_clip_497,source_video_0002,00:48:36,00:48:43
no_throw_clip_498,source_video_0002,00:48:44,00:48:51
no_throw_clip_499,source_video_0002,00:48:52,00:48:59
no_throw_clip_500,source_video_0002,00:49:00,00:49:07
no_throw_clip_501,source_video_0002,00:49:08,00:49:15
no_throw_clip_502,source_video_0002,00:49:16,00:49:23
no_throw_clip_503,source_video_0002,00:49:24,00:49:31
no_throw_clip_504,source_video_0002,00:49:32,00:49:39
no_throw_clip_505,source_video_0002,00:49:40,00:49:47
no_throw_clip_506,source_video_0002,00:49:48,00:49:55
no_throw_clip_507,source_video_0002,00:49:56,00:50:03
no_throw_clip_508,source_video_0002,00:50:04,00:50:11
no_throw_clip_509,source_video_0002,00:50:12,00:50:19
no_throw_clip_510,source_video_0002,00:50:20,00:50:27
no_throw_clip_511,source_video_0002,00:50:28,00:50:35
no_throw_clip_512,source_video_0002,00:50:36,00:50:43
no_throw_clip_513,source_video_0002,00:50:44,00:50:51
no_throw_clip_514,source_video_0002,00:50:52,00:50:59
no_throw_clip_515,source_video_0002,00:51:00,00:51:07
no_throw_clip_516,source_video_0002,00:51:08,00:51:15
no_throw_clip_517,source_video_0002,00:51:16,00:51:23
no_throw_clip_518,source_video_0002,00:51:24,00:51:31
no_throw_clip_519,source_video_0002,00:51:32,00:51:39
no_throw_clip_520,source_video_0002,00:51:40,00:51:47
no_throw_clip_521,source_video_0002,00:51:48,00:51:55
no_throw_clip_522,source_video_0002,00:51:56,00:52:03
no_throw_clip_523,source_video_0002,00:52:04,00:52:11
no_throw_clip_524,source_video_0002,00:52:12,00:52:19
no_throw_clip_525,source_video_0002,00:52:20,00:52:27
no_throw_clip_526,source_video_0002,00:52:28,00:52:35
no_throw_clip_527,source_video_0002,00:52:36,00:52:43
no_throw_clip_528,source_video_0002,00:52:44,00:52:51
no_throw_clip_529,source_video_0002,00:52:52,00:52:59
no_throw_clip_530,source_video_0002,00:53:00,00:53:07
no_throw_clip_531,source_video_0002,00:53:08,00:53:15
no_throw_clip_532,source_video_0002,00:53:16,00:53:23
no_throw_clip_533,source_video_0002,00:53:24,00:53:31
no_throw_clip_534,source_video_0002,00:53:32,00:53:39
no_throw_clip_535,source_video_0002,00:53:40,00:53:47
no_throw_clip_536,source_video_0002,00:53:48,00:53:55
no_throw_clip_537,source_video_0002,00:53:56,00:54:03
no_throw_clip_538,source_video_0002,00:54:04,00:54:11
no_throw_clip_539,source_video_0002,00:54:12,00:54:19
no_throw_clip_540,source_video_0003,00:00:00,00:00:07
no_throw_clip_541,source_video_0003,00:00:08,00:00:15
no_throw_clip_542,source_video_0003,00:00:16,00:00:23
no_throw_clip_543,source_video_0003,00:00:24,00:00:31
no_throw_clip_544,source_video_0003,00:00:32,00:00:39
no_throw_clip_545,source_video_0003,00:00:40,00:00:47
no_throw_clip_546,source_video_0003,00:01:00,00:01:07
no_throw_clip_547,source_video_0003,00:01:08,00:01:15
no_throw_clip_548,source_video_0003,00:01:16,00:01:23
no_throw_clip_549,source_video_0003,00:02:05,00:02:12
no_throw_clip_550,source_video_0003,00:02:13,00:02:20
no_throw_clip_551,source_video_0003,00:02:21,00:02:28
no_throw_clip_552,source_video_0003,00:02:29,00:02:36
no_throw_clip_553,source_video_0003,00:02:37,00:02:44
no_throw_clip_554,source_video_0003,00:02:45,00:02:52
no_throw_clip_555,source_video_0003,00:02:53,00:03:00
no_throw_clip_556,source_video_0003,00:03:01,00:03:08
no_throw_clip_557,source_video_0003,00:03:53,00:04:00
no_throw_clip_558,source_video_0003,00:04:01,00:04:08
no_throw_clip_559,source_video_0003,00:04:38,00:04:45
no_throw_clip_560,source_video_0003,00:04:46,00:04:53
no_throw_clip_561,source_video_0003,00:04:54,00:05:01
no_throw_clip_562,source_video_0003,00:05:02,00:05:09
no_throw_clip_563,source_video_0003,00:05:10,00:05:17
no_throw_clip_564,source_video_0003,00:05:30,00:05:37
no_throw_clip_565,source_video_0003,00:05:38,00:05:45
no_throw_clip_566,source_video_0003,00:05:46,00:05:53
no_throw_clip_567,source_video_0003,00:05:54,00:06:01
no_throw_clip_568,source_video_0003,00:06:02,00:06:09
no_throw_clip_569,source_video_0003,00:06:10,00:06:17
no_throw_clip_570,source_video_0003,00:06:30,00:06:37
no_throw_clip_571,source_video_0003,00:06:38,00:06:45
no_throw_clip_572,source_video_0003,00:07:00,00:07:07
no_throw_clip_573,source_video_0003,00:07:08,00:07:15
no_throw_clip_574,source_video_0003,00:07:16,00:07:23
no_throw_clip_575,source_video_0003,00:07:24,00:07:31
no_throw_clip_576,source_video_0003,00:07:32,00:07:39
no_throw_clip_577,source_video_0003,00:07:40,00:07:47
no_throw_clip_578,source_video_0003,00:07:48,00:07:55
no_throw_clip_579,source_video_0003,00:07:56,00:08:03
no_throw_clip_580,source_video_0003,00:08:04,00:08:11
no_throw_clip_581,source_video_0003,00:08:12,00:08:19
no_throw_clip_582,source_video_0003,00:08:37,00:08:44
no_throw_clip_583,source_video_0003,00:09:00,00:09:07
no_throw_clip_584,source_video_0003,00:09:08,00:09:15
no_throw_clip_585,source_video_0003,00:09:38,00:09:45
no_throw_clip_586,source_video_0003,00:09:46,00:09:53
no_throw_clip_587,source_video_0003,00:09:54,00:10:01
no_throw_clip_588,source_video_0003,00:10:02,00:10:09
no_throw_clip_589,source_video_0003,00:10:38,00:10:45
no_throw_clip_590,source_video_0003,00:10:57,00:11:04
no_throw_clip_591,source_video_0003,00:11:05,00:11:12
no_throw_clip_592,source_video_0003,00:11:34,00:11:41
no_throw_clip_593,source_video_0003,00:11:42,00:11:49
no_throw_clip_594,source_video_0003,00:11:50,00:11:57
no_throw_clip_595,source_video_0003,00:11:58,00:12:05
no_throw_clip_596,source_video_0003,00:12:06,00:12:13
no_throw_clip_597,source_video_0003,00:12:14,00:12:21
no_throw_clip_598,source_video_0003,00:12:22,00:12:29
no_throw_clip_599,source_video_0003,00:12:42,00:12:49
no_throw_clip_600,source_video_0003,00:13:01,00:13:08
no_throw_clip_601,source_video_0003,00:13:09,00:13:16
no_throw_clip_602,source_video_0003,00:13:17,00:13:24
no_throw_clip_603,source_video_0003,00:13:25,00:13:32
no_throw_clip_604,source_video_0003,00:13:33,00:13:40
no_throw_clip_605,source_video_0003,00:13:59,00:14:06
no_throw_clip_606,source_video_0003,00:14:07,00:14:14
no_throw_clip_607,source_video_0003,00:14:15,00:14:22
no_throw_clip_608,source_video_0003,00:14:23,00:14:30
no_throw_clip_609,source_video_0003,00:14:31,00:14:38
no_throw_clip_610,source_video_0003,00:14:39,00:14:46
no_throw_clip_611,source_video_0003,00:14:47,00:14:54
no_throw_clip_612,source_video_0003,00:15:08,00:15:15
no_throw_clip_613,source_video_0003,00:15:16,00:15:23
no_throw_clip_614,source_video_0003,00:15:24,00:15:31
no_throw_clip_615,source_video_0003,00:16:00,00:16:07
no_throw_clip_616,source_video_0003,00:16:08,00:16:15
no_throw_clip_617,source_video_0003,00:16:16,00:16:23
no_throw_clip_618,source_video_0003,00:16:40,00:16:47
no_throw_clip_619,source_video_0003,00:17:03,00:17:10
no_throw_clip_620,source_video_0003,00:17:27,00:17:34
no_throw_clip_621,source_video_0003,00:17:35,00:17:42
no_throw_clip_622,source_video_0003,00:17:43,00:17:50
no_throw_clip_623,source_video_0003,00:17:51,00:17:58
no_throw_clip_624,source_video_0003,00:17:59,00:18:06
no_throw_clip_625,source_video_0003,00:18:07,00:18:14
no_throw_clip_626,source_video_0003,00:18:15,00:18:22
no_throw_clip_627,source_video_0003,00:18:23,00:18:30
no_throw_clip_628,source_video_0003,00:18:31,00:18:38
no_throw_clip_629,source_video_0003,00:19:01,00:19:08
no_throw_clip_630,source_video_0003,00:19:27,00:19:34
no_throw_clip_631,source_video_0003,00:19:35,00:19:42
no_throw_clip_632,source_video_0003,00:19:54,00:20:01
no_throw_clip_633,source_video_0003,00:20:02,00:20:09
no_throw_clip_634,source_video_0003,00:20:10,00:20:17
no_throw_clip_635,source_video_0003,00:20:18,00:20:25
no_throw_clip_636,source_video_0003,00:20:26,00:20:33
no_throw_clip_637,source_video_0003,00:20:34,00:20:41
no_throw_clip_638,source_video_0003,00:20:42,00:20:49
no_throw_clip_639,source_video_0003,00:20:50,00:20:57
no_throw_clip_640,source_video_0003,00:21:15,00:21:22
no_throw_clip_641,source_video_0003,00:21:23,00:21:30
no_throw_clip_642,source_video_0003,00:21:31,00:21:38
no_throw_clip_643,source_video_0003,00:21:39,00:21:46
no_throw_clip_644,source_video_0003,00:21:47,00:21:54
no_throw_clip_645,source_video_0003,00:21:55,00:22:02
no_throw_clip_646,source_video_0003,00:22:03,00:22:10
no_throw_clip_647,source_video_0003,00:22:11,00:22:18
no_throw_clip_648,source_video_0003,00:22:19,00:22:26
no_throw_clip_649,source_video_0003,00:22:27,00:22:34
no_throw_clip_650,source_video_0003,00:22:35,00:22:42
no_throw_clip_651,source_video_0003,00:22:43,00:22:50
no_throw_clip_652,source_video_0003,00:22:51,00:22:58
no_throw_clip_653,source_video_0003,00:22:59,00:23:06
no_throw_clip_654,source_video_0003,00:23:07,00:23:14
no_throw_clip_655,source_video_0003,00:23:15,00:23:22
no_throw_clip_656,source_video_0003,00:23:23,00:23:30
no_throw_clip_657,source_video_0003,00:23:31,00:23:38
no_throw_clip_658,source_video_0003,00:23:39,00:23:46
no_throw_clip_659,source_video_0003,00:23:47,00:23:54
no_throw_clip_660,source_video_0003,00:23:55,00:24:02
no_throw_clip_661,source_video_0003,00:24:03,00:24:10
no_throw_clip_662,source_video_0003,00:24:11,00:24:18
no_throw_clip_663,source_video_0003,00:24:49,00:24:56
no_throw_clip_664,source_video_0003,00:24:57,00:25:04
no_throw_clip_665,source_video_0003,00:25:20,00:25:27
no_throw_clip_666,source_video_0003,00:25:28,00:25:35
no_throw_clip_667,source_video_0003,00:25:36,00:25:43
no_throw_clip_668,source_video_0003,00:25:44,00:25:51
no_throw_clip_669,source_video_0003,00:25:52,00:25:59
no_throw_clip_670,source_video_0003,00:26:11,00:26:18
no_throw_clip_671,source_video_0003,00:26:19,00:26:26
no_throw_clip_672,source_video_0003,00:26:27,00:26:34
no_throw_clip_673,source_video_0003,00:26:35,00:26:42
no_throw_clip_674,source_video_0003,00:26:43,00:26:50
no_throw_clip_675,source_video_0003,00:27:07,00:27:14
no_throw_clip_676,source_video_0003,00:27:15,00:27:22
no_throw_clip_677,source_video_0003,00:27:43,00:27:50
no_throw_clip_678,source_video_0003,00:27:51,00:27:58
no_throw_clip_679,source_video_0003,00:28:15,00:28:22
no_throw_clip_680,source_video_0003,00:28:23,00:28:30
no_throw_clip_681,source_video_0003,00:28:47,00:28:54
no_throw_clip_682,source_video_0003,00:28:55,00:29:02
no_throw_clip_683,source_video_0003,00:29:21,00:29:28
no_throw_clip_684,source_video_0003,00:29:29,00:29:36
no_throw_clip_685,source_video_0003,00:29:37,00:29:44
no_throw_clip_686,source_video_0003,00:29:45,00:29:52
no_throw_clip_687,source_video_0003,00:29:53,00:30:00
no_throw_clip_688,source_video_0003,00:30:01,00:30:08
no_throw_clip_689,source_video_0003,00:30:09,00:30:16
no_throw_clip_690,source_video_0003,00:30:17,00:30:24
no_throw_clip_691,source_video_0003,00:30:25,00:30:32
no_throw_clip_692,source_video_0003,00:30:33,00:30:40
no_throw_clip_693,source_video_0003,00:30:41,00:30:48
no_throw_clip_694,source_video_0003,00:30:49,00:30:56
no_throw_clip_695,source_video_0003,00:30:57,00:31:04
no_throw_clip_696,source_video_0003,00:31:05,00:31:12
no_throw_clip_697,source_video_0003,00:31:13,00:31:20
no_throw_clip_698,source_video_0003,00:31:21,00:31:28
no_throw_clip_699,source_video_0004,00:00:00,00:00:07
no_throw_clip_700,source_video_0004,00:00:08,00:00:15
no_throw_clip_701,source_video_0004,00:00:16,00:00:23
no_throw_clip_702,source_video_0004,00:00:24,00:00:31
no_throw_clip_703,source_video_0004,00:00:32,00:00:39
no_throw_clip_704,source_video_0004,00:00:40,00:00:47
no_throw_clip_705,source_video_0004,00:00:48,00:00:55
no_throw_clip_706,source_video_0004,00:00:56,00:01:03
no_throw_clip_707,source_video_0004,00:01:04,00:01:11
no_throw_clip_708,source_video_0004,00:01:12,00:01:19
no_throw_clip_709,source_video_0004,00:01:20,00:01:27
no_throw_clip_710,source_video_0004,00:01:43,00:01:50
no_throw_clip_711,source_video_0004,00:01:51,00:01:58
no_throw_clip_712,source_video_0004,00:02:27,00:02:34
no_throw_clip_713,source_video_0004,00:02:51,00:02:58
no_throw_clip_714,source_video_0004,00:02:59,00:03:06
no_throw_clip_715,source_video_0004,00:03:07,00:03:14
no_throw_clip_716,source_video_0004,00:03:26,00:03:33
no_throw_clip_717,source_video_0004,00:03:34,00:03:41
no_throw_clip_718,source_video_0004,00:03:42,00:03:49
no_throw_clip_719,source_video_0004,00:04:07,00:04:14
no_throw_clip_720,source_video_0004,00:04:15,00:04:22
no_throw_clip_721,source_video_0004,00:04:41,00:04:48
no_throw_clip_722,source_video_0004,00:04:49,00:04:56
no_throw_clip_723,source_video_0004,00:05:11,00:05:18
no_throw_clip_724,source_video_0004,00:05:50,00:05:57
no_throw_clip_725,source_video_0004,00:05:58,00:06:05
no_throw_clip_726,source_video_0004,00:06:06,00:06:13
no_throw_clip_727,source_video_0004,00:06:14,00:06:21
no_throw_clip_728,source_video_0004,00:06:22,00:06:29
no_throw_clip_729,source_video_0004,00:06:30,00:06:37
no_throw_clip_730,source_video_0004,00:06:53,00:07:00
no_throw_clip_731,source_video_0004,00:07:01,00:07:08
no_throw_clip_732,source_video_0004,00:07:09,00:07:16
no_throw_clip_733,source_video_0004,00:07:30,00:07:37
no_throw_clip_734,source_video_0004,00:07:54,00:08:01
no_throw_clip_735,source_video_0004,00:08:02,00:08:09
no_throw_clip_736,source_video_0004,00:08:10,00:08:17
no_throw_clip_737,source_video_0004,00:08:18,00:08:25
no_throw_clip_738,source_video_0004,00:08:26,00:08:33
no_throw_clip_739,source_video_0004,00:08:34,00:08:41
no_throw_clip_740,source_video_0004,00:08:42,00:08:49
no_throw_clip_741,source_video_0004,00:08:50,00:08:57
no_throw_clip_742,source_video_0004,00:08:58,00:09:05
no_throw_clip_743,source_video_0004,00:09:06,00:09:13
no_throw_clip_744,source_video_0004,00:09:14,00:09:21
no_throw_clip_745,source_video_0004,00:09:22,00:09:29
no_throw_clip_746,source_video_0004,00:09:30,00:09:37
no_throw_clip_747,source_video_0004,00:09:38,00:09:45
no_throw_clip_748,source_video_0004,00:09:46,00:09:53
no_throw_clip_749,source_video_0004,00:09:54,00:10:01
no_throw_clip_750,source_video_0004,00:10:02,00:10:09
no_throw_clip_751,source_video_0004,00:10:10,00:10:17
no_throw_clip_752,source_video_0004,00:10:18,00:10:25
no_throw_clip_753,source_video_0004,00:10:26,00:10:33
no_throw_clip_754,source_video_0004,00:10:34,00:10:41
no_throw_clip_755,source_video_0004,00:10:42,00:10:49
no_throw_clip_756,source_video_0004,00:10:50,00:10:57
no_throw_clip_757,source_video_0004,00:10:58,00:11:05
no_throw_clip_758,source_video_0004,00:11:06,00:11:13
no_throw_clip_759,source_video_0004,00:11:14,00:11:21
no_throw_clip_760,source_video_0004,00:11:22,00:11:29
no_throw_clip_761,source_video_0004,00:11:30,00:11:37
no_throw_clip_762,source_video_0004,00:11:38,00:11:45
no_throw_clip_763,source_video_0004,00:11:46,00:11:53
no_throw_clip_764,source_video_0004,00:11:54,00:12:01
no_throw_clip_765,source_video_0004,00:12:02,00:12:09
no_throw_clip_766,source_video_0004,00:12:10,00:12:17
no_throw_clip_767,source_video_0004,00:12:18,00:12:25
no_throw_clip_768,source_video_0004,00:12:26,00:12:33
no_throw_clip_769,source_video_0004,00:12:34,00:12:41
no_throw_clip_770,source_video_0004,00:12:42,00:12:49
no_throw_clip_771,source_video_0004,00:12:50,00:12:57
no_throw_clip_772,source_video_0004,00:12:58,00:13:05
no_throw_clip_773,source_video_0004,00:13:06,00:13:13
no_throw_clip_774,source_video_0004,00:13:14,00:13:21
no_throw_clip_775,source_video_0005,00:00:00,00:00:07
no_throw_clip_776,source_video_0005,00:00:08,00:00:15
no_throw_clip_777,source_video_0005,00:00:16,00:00:23
no_throw_clip_778,source_video_0005,00:00:24,00:00:31
no_throw_clip_779,source_video_0005,00:00:32,00:00:39
no_throw_clip_780,source_video_0005,00:00:40,00:00:47
no_throw_clip_781,source_video_0005,00:00:48,00:00:55
no_throw_clip_782,source_video_0005,00:00:56,00:01:03
no_throw_clip_783,source_video_0005,00:01:04,00:01:11
no_throw_clip_784,source_video_0005,00:01:12,00:01:19
no_throw_clip_785,source_video_0005,00:01:20,00:01:27
no_throw_clip_786,source_video_0005,00:01:28,00:01:35
no_throw_clip_787,source_video_0005,00:01:36,00:01:43
no_throw_clip_788,source_video_0005,00:01:44,00:01:51
no_throw_clip_789,source_video_0005,00:01:52,00:01:59
no_throw_clip_790,source_video_0005,00:02:00,00:02:07
no_throw_clip_791,source_video_0005,00:02:08,00:02:15
no_throw_clip_792,source_video_0005,00:02:16,00:02:23
no_throw_clip_793,source_video_0005,00:02:24,00:02:31
no_throw_clip_794,source_video_0005,00:02:32,00:02:39
no_throw_clip_795,source_video_0005,00:02:40,00:02:47
no_throw_clip_796,source_video_0005,00:02:48,00:02:55
no_throw_clip_797,source_video_0005,00:02:56,00:03:03
no_throw_clip_798,source_video_0005,00:03:04,00:03:11
no_throw_clip_799,source_video_0005,00:03:12,00:03:19
no_throw_clip_800,source_video_0005,00:03:20,00:03:27
no_throw_clip_801,source_video_0005,00:03:28,00:03:35
no_throw_clip_802,source_video_0005,00:03:36,00:03:43
no_throw_clip_803,source_video_0005,00:03:44,00:03:51
no_throw_clip_804,source_video_0005,00:03:52,00:03:59
no_throw_clip_805,source_video_0005,00:04:00,00:04:07
no_throw_clip_806,source_video_0005,00:04:08,00:04:15
no_throw_clip_807,source_video_0005,00:04:16,00:04:23
no_throw_clip_808,source_video_0005,00:04:24,00:04:31
no_throw_clip_809,source_video_0005,00:04:32,00:04:39
no_throw_clip_810,source_video_0005,00:04:40,00:04:47
no_throw_clip_811,source_video_0005,00:04:48,00:04:55
no_throw_clip_812,source_video_0005,00:04:56,00:05:03
no_throw_clip_813,source_video_0005,00:05:04,00:05:11
no_throw_clip_814,source_video_0005,00:05:12,00:05:19
no_throw_clip_815,source_video_0006,00:00:00,00:00:07
no_throw_clip_816,source_video_0006,00:00:08,00:00:15
no_throw_clip_817,source_video_0006,00:00:16,00:00:23
no_throw_clip_818,source_video_0006,00:00:51,00:00:58
no_throw_clip_819,source_video_0006,00:00:59,00:01:06
no_throw_clip_820,source_video_0006,00:01:07,00:01:14
no_throw_clip_821,source_video_0006,00:01:35,00:01:42
no_throw_clip_822,source_video_0006,00:01:43,00:01:50
no_throw_clip_823,source_video_0006,00:02:24,00:02:31
no_throw_clip_824,source_video_0006,00:02:32,00:02:39
no_throw_clip_825,source_video_0006,00:03:11,00:03:18
no_throw_clip_826,source_video_0006,00:03:19,00:03:26
no_throw_clip_827,source_video_0006,00:04:02,00:04:09
no_throw_clip_828,source_video_0006,00:04:10,00:04:17
no_throw_clip_829,source_video_0006,00:04:33,00:04:40
no_throw_clip_830,source_video_0006,00:04:41,00:04:48
no_throw_clip_831,source_video_0006,00:05:03,00:05:10
no_throw_clip_832,source_video_0006,00:05:11,00:05:18
no_throw_clip_833,source_video_0006,00:05:19,00:05:26
no_throw_clip_834,source_video_0006,00:05:27,00:05:34
no_throw_clip_835,source_video_0006,00:05:35,00:05:42
no_throw_clip_836,source_video_0006,00:05:43,00:05:50
no_throw_clip_837,source_video_0006,00:05:51,00:05:58
no_throw_clip_838,source_video_0006,00:05:59,00:06:06
no_throw_clip_839,source_video_0007,00:00:00,00:00:07
no_throw_clip_840,source_video_0007,00:00:08,00:00:15
no_throw_clip_841,source_video_0007,00:00:16,00:00:23
no_throw_clip_842,source_video_0007,00:00:38,00:00:45
no_throw_clip_843,source_video_0007,00:00:46,00:00:53
no_throw_clip_844,source_video_0007,00:00:54,00:01:01
no_throw_clip_845,source_video_0007,00:01:02,00:01:09
no_throw_clip_846,source_video_0007,00:01:10,00:01:17
no_throw_clip_847,source_video_0007,00:01:34,00:01:41
no_throw_clip_848,source_video_0007,00:01:42,00:01:49
no_throw_clip_849,source_video_0007,00:02:04,00:02:11
no_throw_clip_850,source_video_0007,00:02:12,00:02:19
no_throw_clip_851,source_video_0007,00:02:20,00:02:27
no_throw_clip_852,source_video_0007,00:02:45,00:02:52
no_throw_clip_853,source_video_0007,00:02:53,00:03:00
no_throw_clip_854,source_video_0007,00:03:27,00:03:34
no_throw_clip_855,source_video_0007,00:03:35,00:03:42
no_throw_clip_856,source_video_0007,00:03:43,00:03:50
no_throw_clip_857,source_video_0007,00:03:51,00:03:58
no_throw_clip_858,source_video_0007,00:03:59,00:04:06
no_throw_clip_859,source_video_0007,00:04:07,00:04:14
no_throw_clip_860,source_video_0007,00:04:15,00:04:22
no_throw_clip_861,source_video_0007,00:04:23,00:04:30
no_throw_clip_862,source_video_0007,00:04:31,00:04:38
no_throw_clip_863,source_video_0007,00:04:39,00:04:46
no_throw_clip_864,source_video_0007,00:04:59,00:05:06
no_throw_clip_865,source_video_0007,00:05:07,00:05:14
no_throw_clip_866,source_video_0007,00:05:15,00:05:22
no_throw_clip_867,source_video_0007,00:05:35,00:05:42
no_throw_clip_868,source_video_0007,00:05:56,00:06:03
no_throw_clip_869,source_video_0007,00:06:15,00:06:22
no_throw_clip_870,source_video_0007,00:06:23,00:06:30
no_throw_clip_871,source_video_0007,00:06:31,00:06:38
no_throw_clip_872,source_video_0007,00:06:39,00:06:46
no_throw_clip_873,source_video_0007,00:06:47,00:06:54
no_throw_clip_874,source_video_0008,00:00:00,00:00:07
no_throw_clip_875,source_video_0008,00:00:08,00:00:15
no_throw_clip_876,source_video_0008,00:00:16,00:00:23
no_throw_clip_877,source_video_0008,00:00:24,00:00:31
no_throw_clip_878,source_video_0008,00:00:32,00:00:39
no_throw_clip_879,source_video_0008,00:00:40,00:00:47
no_throw_clip_880,source_video_0008,00:01:01,00:01:08
no_throw_clip_881,source_video_0008,00:01:09,00:01:16
no_throw_clip_882,source_video_0008,00:01:30,00:01:37
no_throw_clip_883,source_video_0008,00:01:38,00:01:45
no_throw_clip_884,source_video_0008,00:02:04,00:02:11
no_throw_clip_885,source_video_0008,00:02:37,00:02:44
no_throw_clip_886,source_video_0008,00:04:05,00:04:12
no_throw_clip_887,source_video_0008,00:04:13,00:04:20
no_throw_clip_888,source_video_0008,00:04:21,00:04:28
no_throw_clip_889,source_video_0008,00:04:45,00:04:52
no_throw_clip_890,source_video_0008,00:04:53,00:05:00
no_throw_clip_891,source_video_0008,00:05:01,00:05:08
no_throw_clip_892,source_video_0008,00:05:46,00:05:53
no_throw_clip_893,source_video_0008,00:06:53,00:07:00
no_throw_clip_894,source_video_0008,00:07:01,00:07:08
no_throw_clip_895,source_video_0008,00:07:09,00:07:16
no_throw_clip_896,source_video_0008,00:07:17,00:07:24
no_throw_clip_897,source_video_0008,00:07:25,00:07:32
no_throw_clip_898,source_video_0008,00:07:33,00:07:40
no_throw_clip_899,source_video_0008,00:07:41,00:07:48
no_throw_clip_900,source_video_0008,00:07:49,00:07:56
no_throw_clip_901,source_video_0008,00:07:57,00:08:04
no_throw_clip_902,source_video_0008,00:08:05,00:08:12
no_throw_clip_903,source_video_0008,00:08:13,00:08:20
no_throw_clip_904,source_video_0008,00:08:21,00:08:28
no_throw_clip_905,source_video_0008,00:08:29,00:08:36
no_throw_clip_906,source_video_0008,00:08:37,00:08:44
no_throw_clip_907,source_video_0008,00:08:45,00:08:52
no_throw_clip_908,source_video_0008,00:08:53,00:09:00
no_throw_clip_909,source_video_0008,00:09:19,00:09:26
no_throw_clip_910,source_video_0008,00:09:56,00:10:03
no_throw_clip_911,source_video_0008,00:10:04,00:10:11
no_throw_clip_912,source_video_0008,00:10:12,00:10:19
no_throw_clip_913,source_video_0008,00:10:20,00:10:27
no_throw_clip_914,source_video_0008,00:10:28,00:10:35
no_throw_clip_915,source_video_0008,00:10:36,00:10:43
no_throw_clip_916,source_video_0008,00:11:16,00:11:23
no_throw_clip_917,source_video_0008,00:11:24,00:11:31
no_throw_clip_918,source_video_0008,00:11:44,00:11:51
no_throw_clip_919,source_video_0008,00:11:52,00:11:59
no_throw_clip_920,source_video_0008,00:12:19,00:12:26
no_throw_clip_921,source_video_0008,00:12:27,00:12:34
no_throw_clip_922,source_video_0008,00:12:46,00:12:53
no_throw_clip_923,source_video_0008,00:12:54,00:13:01
no_throw_clip_924,source_video_0008,00:13:19,00:13:26
no_throw_clip_925,source_video_0008,00:13:45,00:13:52
no_throw_clip_926,source_video_0008,00:14:07,00:14:14
no_throw_clip_927,source_video_0008,00:14:28,00:14:35
no_throw_clip_928,source_video_0008,00:14:36,00:14:43
no_throw_clip_929,source_video_0008,00:14:44,00:14:51
no_throw_clip_930,source_video_0008,00:14:52,00:14:59
no_throw_clip_931,source_video_0008,00:15:14,00:15:21
no_throw_clip_932,source_video_0008,00:15:22,00:15:29
no_throw_clip_933,source_video_0008,00:15:30,00:15:37
no_throw_clip_934,source_video_0008,00:15:38,00:15:45
no_throw_clip_935,source_video_0008,00:15:46,00:15:53
no_throw_clip_936,source_video_0008,00:15:54,00:16:01
no_throw_clip_937,source_video_0008,00:16:02,00:16:09
no_throw_clip_938,source_video_0008,00:16:10,00:16:17
no_throw_clip_939,source_video_0008,00:16:18,00:16:25
no_throw_clip_940,source_video_0008,00:16:26,00:16:33
no_throw_clip_941,source_video_0008,00:16:34,00:16:41
no_throw_clip_942,source_video_0008,00:16:42,00:16:49
no_throw_clip_943,source_video_0008,00:16:50,00:16:57
no_throw_clip_944,source_video_0008,00:16:58,00:17:05
no_throw_clip_945,source_video_0008,00:17:06,00:17:13
no_throw_clip_946,source_video_0008,00:17:14,00:17:21
no_throw_clip_947,source_video_0008,00:17:22,00:17:29
no_throw_clip_948,source_video_0008,00:17:30,00:17:37
no_throw_clip_949,source_video_0008,00:17:38,00:17:45
no_throw_clip_950,source_video_0008,00:17:46,00:17:53
no_throw_clip_951,source_video_0008,00:17:54,00:18:01
no_throw_clip_952,source_video_0008,00:18:13,00:18:20
no_throw_clip_953,source_video_0008,00:18:21,00:18:28
no_throw_clip_954,source_video_0008,00:18:29,00:18:36
no_throw_clip_955,source_video_0008,00:18:49,00:18:56
no_throw_clip_956,source_video_0008,00:18:57,00:19:04
no_throw_clip_957,source_video_0008,00:19:18,00:19:25
no_throw_clip_958,source_video_0008,00:19:26,00:19:33
no_throw_clip_959,source_video_0008,00:19:57,00:20:04
no_throw_clip_960,source_video_0008,00:20:05,00:20:12
no_throw_clip_961,source_video_0008,00:20:13,00:20:20
no_throw_clip_962,source_video_0008,00:20:32,00:20:39
no_throw_clip_963,source_video_0008,00:20:40,00:20:47
no_throw_clip_964,source_video_0008,00:21:08,00:21:15
no_throw_clip_965,source_video_0008,00:21:27,00:21:34
no_throw_clip_966,source_video_0008,00:21:35,00:21:42
no_throw_clip_967,source_video_0008,00:21:43,00:21:50
no_throw_clip_968,source_video_0008,00:21:51,00:21:58
no_throw_clip_969,source_video_0008,00:22:15,00:22:22
no_throw_clip_970,source_video_0008,00:22:23,00:22:30
no_throw_clip_971,source_video_0008,00:22:31,00:22:38
no_throw_clip_972,source_video_0008,00:22:39,00:22:46
no_throw_clip_973,source_video_0008,00:22:47,00:22:54
no_throw_clip_974,source_video_0008,00:22:55,00:23:02
no_throw_clip_975,source_video_0008,00:23:03,00:23:10
no_throw_clip_976,source_video_0008,00:23:11,00:23:18
no_throw_clip_977,source_video_0008,00:23:19,00:23:26
no_throw_clip_978,source_video_0008,00:23:27,00:23:34
no_throw_clip_979,source_video_0008,00:23:53,00:24:00
no_throw_clip_980,source_video_0008,00:24:01,00:24:08
no_throw_clip_981,source_video_0008,00:24:09,00:24:16
no_throw_clip_982,source_video_0008,00:24:17,00:24:24
no_throw_clip_983,source_video_0008,00:24:56,00:25:03
no_throw_clip_984,source_video_0008,00:25:16,00:25:23
no_throw_clip_985,source_video_0008,00:25:24,00:25:31
no_throw_clip_986,source_video_0008,00:25:32,00:25:39
no_throw_clip_987,source_video_0008,00:25:40,00:25:47
no_throw_clip_988,source_video_0008,00:25:48,00:25:55
no_throw_clip_989,source_video_0008,00:25:56,00:26:03
no_throw_clip_990,source_video_0008,00:26:04,00:26:11
no_throw_clip_991,source_video_0008,00:26:12,00:26:19
no_throw_clip_992,source_video_0008,00:26:20,00:26:27
no_throw_clip_993,source_video_0008,00:26:28,00:26:35
no_throw_clip_994,source_video_0008,00:26:36,00:26:43
no_throw_clip_995,source_video_0008,00:26:44,00:26:51
no_throw_clip_996,source_video_0008,00:26:52,00:26:59
no_throw_clip_997,source_video_0008,00:27:12,00:27:19
no_throw_clip_998,source_video_0008,00:27:39,00:27:46
no_throw_clip_999,source_video_0008,00:28:17,00:28:24
no_throw_clip_1000,source_video_0008,00:28:25,00:28:32
no_throw_clip_1001,source_video_0008,00:28:33,00:28:40
no_throw_clip_1002,source_video_0008,00:28:41,00:28:48
no_throw_clip_1003,source_video_0008,00:28:49,00:28:56
no_throw_clip_1004,source_video_0008,00:28:57,00:29:04
no_throw_clip_1005,source_video_0008,00:29:05,00:29:12
no_throw_clip_1006,source_video_0008,00:29:13,00:29:20
no_throw_clip_1007,source_video_0008,00:29:21,00:29:28
no_throw_clip_1008,source_video_0008,00:29:29,00:29:36
no_throw_clip_1009,source_video_0008,00:29:37,00:29:44
no_throw_clip_1010,source_video_0008,00:30:01,00:30:08
no_throw_clip_1011,source_video_0008,00:30:22,00:30:29
no_throw_clip_1012,source_video_0008,00:30:47,00:30:54
no_throw_clip_1013,source_video_0008,00:31:12,00:31:19
no_throw_clip_1014,source_video_0008,00:31:20,00:31:27
no_throw_clip_1015,source_video_0008,00:31:28,00:31:35
no_throw_clip_1016,source_video_0008,00:31:36,00:31:43
no_throw_clip_1017,source_video_0008,00:31:44,00:31:51
no_throw_clip_1018,source_video_0008,00:31:52,00:31:59
no_throw_clip_1019,source_video_0008,00:32:00,00:32:07
no_throw_clip_1020,source_video_0008,00:32:08,00:32:15
no_throw_clip_1021,source_video_0008,00:32:16,00:32:23
no_throw_clip_1022,source_video_0008,00:32:24,00:32:31
no_throw_clip_1023,source_video_0008,00:32:32,00:32:39
no_throw_clip_1024,source_video_0008,00:32:40,00:32:47
no_throw_clip_1025,source_video_0008,00:32:48,00:32:55
no_throw_clip_1026,source_video_0008,00:32:56,00:33:03
no_throw_clip_1027,source_video_0008,00:33:04,00:33:11
no_throw_clip_1028,source_video_0008,00:33:12,00:33:19
no_throw_clip_1029,source_video_0008,00:33:20,00:33:27
no_throw_clip_1030,source_video_0008,00:34:02,00:34:09
no_throw_clip_1031,source_video_0008,00:34:10,00:34:17
no_throw_clip_1032,source_video_0008,00:34:18,00:34:25
no_throw_clip_1033,source_video_0008,00:34:26,00:34:33
no_throw_clip_1034,source_video_0008,00:34:34,00:34:41
no_throw_clip_1035,source_video_0008,00:34:42,00:34:49
no_throw_clip_1036,source_video_0008,00:34:50,00:34:57
no_throw_clip_1037,source_video_0008,00:34:58,00:35:05
no_throw_clip_1038,source_video_0008,00:35:06,00:35:13
no_throw_clip_1039,source_video_0008,00:35:14,00:35:21
no_throw_clip_1040,source_video_0008,00:35:39,00:35:46
no_throw_clip_1041,source_video_0008,00:36:00,00:36:07
no_throw_clip_1042,source_video_0008,00:36:08,00:36:15
no_throw_clip_1043,source_video_0008,00:36:16,00:36:23
no_throw_clip_1044,source_video_0008,00:36:24,00:36:31
no_throw_clip_1045,source_video_0008,00:36:32,00:36:39
no_throw_clip_1046,source_video_0008,00:36:40,00:36:47
no_throw_clip_1047,source_video_0008,00:36:48,00:36:55
no_throw_clip_1048,source_video_0008,00:36:56,00:37:03
no_throw_clip_1049,source_video_0008,00:37:04,00:37:11
no_throw_clip_1050,source_video_0008,00:37:12,00:37:19
no_throw_clip_1051,source_video_0008,00:37:20,00:37:27
no_throw_clip_1052,source_video_0008,00:37:28,00:37:35
no_throw_clip_1053,source_video_0008,00:37:36,00:37:43
no_throw_clip_1054,source_video_0008,00:37:44,00:37:51
no_throw_clip_1055,source_video_0009,00:00:00,00:00:07
no_throw_clip_1056,source_video_0009,00:00:08,00:00:15
no_throw_clip_1057,source_video_0009,00:00:16,00:00:23
no_throw_clip_1058,source_video_0009,00:00:24,00:00:31
no_throw_clip_1059,source_video_0009,00:00:32,00:00:39
no_throw_clip_1060,source_video_0009,00:00:40,00:00:47
no_throw_clip_1061,source_video_0009,00:00:48,00:00:55
no_throw_clip_1062,source_video_0009,00:00:56,00:01:03
no_throw_clip_1063,source_video_0009,00:01:04,00:01:11
no_throw_clip_1064,source_video_0009,00:01:12,00:01:19
no_throw_clip_1065,source_video_0009,00:01:20,00:01:27
no_throw_clip_1066,source_video_0009,00:01:28,00:01:35
no_throw_clip_1067,source_video_0009,00:01:36,00:01:43
no_throw_clip_1068,source_video_0009,00:01:44,00:01:51
no_throw_clip_1069,source_video_0009,00:01:52,00:01:59
no_throw_clip_1070,source_video_0009,00:02:00,00:02:07
no_throw_clip_1071,source_video_0009,00:02:08,00:02:15
no_throw_clip_1072,source_video_0009,00:02:16,00:02:23
no_throw_clip_1073,source_video_0010,00:00:00,00:00:07
no_throw_clip_1074,source_video_0010,00:00:08,00:00:15
no_throw_clip_1075,source_video_0010,00:00:16,00:00:23
no_throw_clip_1076,source_video_0010,00:00:38,00:00:45
no_throw_clip_1077,source_video_0010,00:00:46,00:00:53
no_throw_clip_1078,source_video_0010,00:00:54,00:01:01
no_throw_clip_1079,source_video_0010,00:01:17,00:01:24
no_throw_clip_1080,source_video_0010,00:01:25,00:01:32
no_throw_clip_1081,source_video_0010,00:01:49,00:01:56
no_throw_clip_1082,source_video_0010,00:01:57,00:02:04
no_throw_clip_1083,source_video_0010,00:02:17,00:02:24
no_throw_clip_1084,source_video_0010,00:02:43,00:02:50
no_throw_clip_1085,source_video_0010,00:02:51,00:02:58
no_throw_clip_1086,source_video_0010,00:03:13,00:03:20
no_throw_clip_1087,source_video_0010,00:03:21,00:03:28
no_throw_clip_1088,source_video_0010,00:03:47,00:03:54
no_throw_clip_1089,source_video_0010,00:04:13,00:04:20
no_throw_clip_1090,source_video_0010,00:04:21,00:04:28
no_throw_clip_1091,source_video_0010,00:04:43,00:04:50
no_throw_clip_1092,source_video_0010,00:04:51,00:04:58
no_throw_clip_1093,source_video_0010,00:04:59,00:05:06
no_throw_clip_1094,source_video_0010,00:05:07,00:05:14
no_throw_clip_1095,source_video_0010,00:05:15,00:05:22
no_throw_clip_1096,source_video_0010,00:05:23,00:05:30
no_throw_clip_1097,source_video_0010,00:05:31,00:05:38
no_throw_clip_1098,source_video_0010,00:05:39,00:05:46
no_throw_clip_1099,source_video_0010,00:05:59,00:06:06
no_throw_clip_1100,source_video_0010,00:06:18,00:06:25
no_throw_clip_1101,source_video_0010,00:06:26,00:06:33
no_throw_clip_1102,source_video_0010,00:06:52,00:06:59
no_throw_clip_1103,source_video_0010,00:07:00,00:07:07
no_throw_clip_1104,source_video_0010,00:07:28,00:07:35
no_throw_clip_1105,source_video_0010,00:07:36,00:07:43
no_throw_clip_1106,source_video_0010,00:07:56,00:08:03
no_throw_clip_1107,source_video_0010,00:08:04,00:08:11
no_throw_clip_1108,source_video_0010,00:08:12,00:08:19
no_throw_clip_1109,source_video_0010,00:08:20,00:08:27
no_throw_clip_1110,source_video_0010,00:08:28,00:08:35
no_throw_clip_1111,source_video_0010,00:08:36,00:08:43
no_throw_clip_1112,source_video_0010,00:08:57,00:09:04
no_throw_clip_1113,source_video_0010,00:09:16,00:09:23
no_throw_clip_1114,source_video_0010,00:09:24,00:09:31
no_throw_clip_1115,source_video_0010,00:09:45,00:09:52
no_throw_clip_1116,source_video_0010,00:09:53,00:10:00
no_throw_clip_1117,source_video_0010,00:10:18,00:10:25
no_throw_clip_1118,source_video_0010,00:10:26,00:10:33
no_throw_clip_1119,source_video_0010,00:10:34,00:10:41
no_throw_clip_1120,source_video_0010,00:10:42,00:10:49
no_throw_clip_1121,source_video_0010,00:10:50,00:10:57
no_throw_clip_1122,source_video_0010,00:10:58,00:11:05
no_throw_clip_1123,source_video_0010,00:11:20,00:11:27
no_throw_clip_1124,source_video_0010,00:11:40,00:11:47
no_throw_clip_1125,source_video_0010,00:11:48,00:11:55
no_throw_clip_1126,source_video_0010,00:11:56,00:12:03
no_throw_clip_1127,source_video_0010,00:12:04,00:12:11
no_throw_clip_1128,source_video_0010,00:12:12,00:12:19
no_throw_clip_1129,source_video_0010,00:12:20,00:12:27
no_throw_clip_1130,source_video_0010,00:12:47,00:12:54
no_throw_clip_1131,source_video_0010,00:12:55,00:13:02
no_throw_clip_1132,source_video_0010,00:13:03,00:13:10
no_throw_clip_1133,source_video_0010,00:13:11,00:13:18
no_throw_clip_1134,source_video_0010,00:13:19,00:13:26
no_throw_clip_1135,source_video_0010,00:13:27,00:13:34
no_throw_clip_1136,source_video_0010,00:13:35,00:13:42
no_throw_clip_1137,source_video_0010,00:13:43,00:13:50
no_throw_clip_1138,source_video_0010,00:13:51,00:13:58
no_throw_clip_1139,source_video_0010,00:13:59,00:14:06
no_throw_clip_1140,source_video_0010,00:14:07,00:14:14
no_throw_clip_1141,source_video_0010,00:14:15,00:14:22
no_throw_clip_1142,source_video_0010,00:14:23,00:14:30
no_throw_clip_1143,source_video_0010,00:14:31,00:14:38
no_throw_clip_1144,source_video_0010,00:14:39,00:14:46
no_throw_clip_1145,source_video_0010,00:14:47,00:14:54
no_throw_clip_1146,source_video_0010,00:14:55,00:15:02
no_throw_clip_1147,source_video_0010,00:15:03,00:15:10
no_throw_clip_1148,source_video_0010,00:15:11,00:15:18
no_throw_clip_1149,source_video_0010,00:15:19,00:15:26
no_throw_clip_1150,source_video_0010,00:15:27,00:15:34
no_throw_clip_1151,source_video_0010,00:15:35,00:15:42
no_throw_clip_1152,source_video_0010,00:15:43,00:15:50
no_throw_clip_1153,source_video_0010,00:16:19,00:16:26
no_throw_clip_1154,source_video_0010,00:16:27,00:16:34
no_throw_clip_1155,source_video_0010,00:16:48,00:16:55
no_throw_clip_1156,source_video_0010,00:16:56,00:17:03
no_throw_clip_1157,source_video_0010,00:17:15,00:17:22
no_throw_clip_1158,source_video_0010,00:18:13,00:18:20
no_throw_clip_1159,source_video_0010,00:18:36,00:18:43
no_throw_clip_1160,source_video_0010,00:18:44,00:18:51
no_throw_clip_1161,source_video_0010,00:19:03,00:19:10
no_throw_clip_1162,source_video_0010,00:19:42,00:19:49
no_throw_clip_1163,source_video_0010,00:20:23,00:20:30
no_throw_clip_1164,source_video_0010,00:20:31,00:20:38
no_throw_clip_1165,source_video_0010,00:20:39,00:20:46
no_throw_clip_1166,source_video_0010,00:20:47,00:20:54
no_throw_clip_1167,source_video_0010,00:20:55,00:21:02
no_throw_clip_1168,source_video_0010,00:21:03,00:21:10
no_throw_clip_1169,source_video_0010,00:21:11,00:21:18
no_throw_clip_1170,source_video_0010,00:21:19,00:21:26
no_throw_clip_1171,source_video_0010,00:21:27,00:21:34
no_throw_clip_1172,source_video_0010,00:21:35,00:21:42
no_throw_clip_1173,source_video_0010,00:21:43,00:21:50
no_throw_clip_1174,source_video_0010,00:21:51,00:21:58
no_throw_clip_1175,source_video_0010,00:21:59,00:22:06
no_throw_clip_1176,source_video_0010,00:22:07,00:22:14
no_throw_clip_1177,source_video_0010,00:22:15,00:22:22
no_throw_clip_1178,source_video_0010,00:22:23,00:22:30
no_throw_clip_1179,source_video_0010,00:22:31,00:22:38
no_throw_clip_1180,source_video_0010,00:22:57,00:23:04
no_throw_clip_1181,source_video_0010,00:23:05,00:23:12
no_throw_clip_1182,source_video_0010,00:23:26,00:23:33
no_throw_clip_1183,source_video_0010,00:23:34,00:23:41
no_throw_clip_1184,source_video_0010,00:23:42,00:23:49
no_throw_clip_1185,source_video_0010,00:24:33,00:24:40
no_throw_clip_1186,source_video_0010,00:24:41,00:24:48
no_throw_clip_1187,source_video_0010,00:24:49,00:24:56
no_throw_clip_1188,source_video_0010,00:24:57,00:25:04
no_throw_clip_1189,source_video_0010,00:25:05,00:25:12
no_throw_clip_1190,source_video_0010,00:25:25,00:25:32
no_throw_clip_1191,source_video_0010,00:25:49,00:25:56
no_throw_clip_1192,source_video_0010,00:26:11,00:26:18
no_throw_clip_1193,source_video_0010,00:26:33,00:26:40
no_throw_clip_1194,source_video_0010,00:26:59,00:27:06
no_throw_clip_1195,source_video_0010,00:27:07,00:27:14
no_throw_clip_1196,source_video_0010,00:27:15,00:27:22
no_throw_clip_1197,source_video_0010,00:27:46,00:27:53
no_throw_clip_1198,source_video_0010,00:27:54,00:28:01
no_throw_clip_1199,source_video_0010,00:28:19,00:28:26
no_throw_clip_1200,source_video_0010,00:28:27,00:28:34
no_throw_clip_1201,source_video_0010,00:28:35,00:28:42
no_throw_clip_1202,source_video_0010,00:28:57,00:29:04
no_throw_clip_1203,source_video_0010,00:29:05,00:29:12
no_throw_clip_1204,source_video_0010,00:29:13,00:29:20
no_throw_clip_1205,source_video_0010,00:29:21,00:29:28
no_throw_clip_1206,source_video_0010,00:29:29,00:29:36
no_throw_clip_1207,source_video_0010,00:29:37,00:29:44
no_throw_clip_1208,source_video_0010,00:30:02,00:30:09
no_throw_clip_1209,source_video_0010,00:30:27,00:30:34
no_throw_clip_1210,source_video_0010,00:30:35,00:30:42
no_throw_clip_1211,source_video_0010,00:30:43,00:30:50
no_throw_clip_1212,source_video_0010,00:31:26,00:31:33
no_throw_clip_1213,source_video_0010,00:31:49,00:31:56
no_throw_clip_1214,source_video_0010,00:31:57,00:32:04
no_throw_clip_1215,source_video_0010,00:32:05,00:32:12
no_throw_clip_1216,source_video_0010,00:32:13,00:32:20
no_throw_clip_1217,source_video_0010,00:32:21,00:32:28
no_throw_clip_1218,source_video_0010,00:32:29,00:32:36
no_throw_clip_1219,source_video_0010,00:32:50,00:32:57
no_throw_clip_1220,source_video_0010,00:32:58,00:33:05
no_throw_clip_1221,source_video_0010,00:33:19,00:33:26
no_throw_clip_1222,source_video_0010,00:33:27,00:33:34
no_throw_clip_1223,source_video_0010,00:34:27,00:34:34
no_throw_clip_1224,source_video_0010,00:34:53,00:35:00
no_throw_clip_1225,source_video_0010,00:35:01,00:35:08
no_throw_clip_1226,source_video_0010,00:35:09,00:35:16
no_throw_clip_1227,source_video_0010,00:35:17,00:35:24
no_throw_clip_1228,source_video_0010,00:35:25,00:35:32
no_throw_clip_1229,source_video_0010,00:35:33,00:35:40
no_throw_clip_1230,source_video_0010,00:35:41,00:35:48
no_throw_clip_1231,source_video_0010,00:36:07,00:36:14
no_throw_clip_1232,source_video_0010,00:36:15,00:36:22
no_throw_clip_1233,source_video_0010,00:36:23,00:36:30
no_throw_clip_1234,source_video_0010,00:36:31,00:36:38
no_throw_clip_1235,source_video_0010,00:36:39,00:36:46
no_throw_clip_1236,source_video_0010,00:36:47,00:36:54
no_throw_clip_1237,source_video_0010,00:36:55,00:37:02
no_throw_clip_1238,source_video_0010,00:37:03,00:37:10
no_throw_clip_1239,source_video_0010,00:37:11,00:37:18
no_throw_clip_1240,source_video_0010,00:37:19,00:37:26
no_throw_clip_1241,source_video_0010,00:37:27,00:37:34
no_throw_clip_1242,source_video_0010,00:37:35,00:37:42
no_throw_clip_1243,source_video_0010,00:37:43,00:37:50
no_throw_clip_1244,source_video_0010,00:37:51,00:37:58
no_throw_clip_1245,source_video_0010,00:37:59,00:38:06
no_throw_clip_1246,source_video_0010,00:38:07,00:38:14
no_throw_clip_1247,source_video_0010,00:38:15,00:38:22
no_throw_clip_1248,source_video_0010,00:38:41,00:38:48
no_throw_clip_1249,source_video_0010,00:39:02,00:39:09
no_throw_clip_1250,source_video_0010,00:39:10,00:39:17
no_throw_clip_1251,source_video_0010,00:39:18,00:39:25
no_throw_clip_1252,source_video_0010,00:39:43,00:39:50
no_throw_clip_1253,source_video_0010,00:39:51,00:39:58
no_throw_clip_1254,source_video_0010,00:39:59,00:40:06
no_throw_clip_1255,source_video_0010,00:40:07,00:40:14
no_throw_clip_1256,source_video_0010,00:40:15,00:40:22
no_throw_clip_1257,source_video_0010,00:40:23,00:40:30
no_throw_clip_1258,source_video_0010,00:40:51,00:40:58
no_throw_clip_1259,source_video_0010,00:41:16,00:41:23
no_throw_clip_1260,source_video_0010,00:41:24,00:41:31
no_throw_clip_1261,source_video_0010,00:41:32,00:41:39
no_throw_clip_1262,source_video_0010,00:41:55,00:42:02
no_throw_clip_1263,source_video_0010,00:42:16,00:42:23
no_throw_clip_1264,source_video_0010,00:42:44,00:42:51
no_throw_clip_1265,source_video_0010,00:43:08,00:43:15
no_throw_clip_1266,source_video_0010,00:43:16,00:43:23
no_throw_clip_1267,source_video_0010,00:43:56,00:44:03
no_throw_clip_1268,source_video_0010,00:44:19,00:44:26
no_throw_clip_1269,source_video_0010,00:44:42,00:44:49
no_throw_clip_1270,source_video_0010,00:45:05,00:45:12
no_throw_clip_1271,source_video_0010,00:45:13,00:45:20
no_throw_clip_1272,source_video_0010,00:45:21,00:45:28
no_throw_clip_1273,source_video_0010,00:45:29,00:45:36
no_throw_clip_1274,source_video_0010,00:45:37,00:45:44
no_throw_clip_1275,source_video_0010,00:45:45,00:45:52
no_throw_clip_1276,source_video_0011,00:00:00,00:00:07
no_throw_clip_1277,source_video_0011,00:00:08,00:00:15
no_throw_clip_1278,source_video_0011,00:00:16,00:00:23
no_throw_clip_1279,source_video_0011,00:00:24,00:00:31
no_throw_clip_1280,source_video_0011,00:00:32,00:00:39
no_throw_clip_1281,source_video_0011,00:00:40,00:00:47
no_throw_clip_1282,source_video_0011,00:00:48,00:00:55
no_throw_clip_1283,source_video_0011,00:00:56,00:01:03
no_throw_clip_1284,source_video_0011,00:01:22,00:01:29
no_throw_clip_1285,source_video_0011,00:01:30,00:01:37
no_throw_clip_1286,source_video_0011,00:02:01,00:02:08
no_throw_clip_1287,source_video_0011,00:02:09,00:02:16
no_throw_clip_1288,source_video_0011,00:02:29,00:02:36
no_throw_clip_1289,source_video_0011,00:02:54,00:03:01
no_throw_clip_1290,source_video_0011,00:03:02,00:03:09
no_throw_clip_1291,source_video_0011,00:03:10,00:03:17
no_throw_clip_1292,source_video_0011,00:03:18,00:03:25
no_throw_clip_1293,source_video_0011,00:03:26,00:03:33
no_throw_clip_1294,source_video_0011,00:03:52,00:03:59
no_throw_clip_1295,source_video_0011,00:04:00,00:04:07
no_throw_clip_1296,source_video_0011,00:04:08,00:04:15
no_throw_clip_1297,source_video_0011,00:04:16,00:04:23
no_throw_clip_1298,source_video_0011,00:04:24,00:04:31
no_throw_clip_1299,source_video_0011,00:04:32,00:04:39
no_throw_clip_1300,source_video_0011,00:04:40,00:04:47
no_throw_clip_1301,source_video_0011,00:04:48,00:04:55
no_throw_clip_1302,source_video_0011,00:04:56,00:05:03
no_throw_clip_1303,source_video_0011,00:05:04,00:05:11
no_throw_clip_1304,source_video_0011,00:05:30,00:05:37
no_throw_clip_1305,source_video_0011,00:05:38,00:05:45
no_throw_clip_1306,source_video_0011,00:06:04,00:06:11
no_throw_clip_1307,source_video_0011,00:06:12,00:06:19
no_throw_clip_1308,source_video_0011,00:06:20,00:06:27
no_throw_clip_1309,source_video_0011,00:06:45,00:06:52
no_throw_clip_1310,source_video_0011,00:07:07,00:07:14
no_throw_clip_1311,source_video_0011,00:07:30,00:07:37
no_throw_clip_1312,source_video_0011,00:07:53,00:08:00
no_throw_clip_1313,source_video_0011,00:08:01,00:08:08
no_throw_clip_1314,source_video_0011,00:08:20,00:08:27
no_throw_clip_1315,source_video_0011,00:08:51,00:08:58
no_throw_clip_1316,source_video_0011,00:09:18,00:09:25
no_throw_clip_1317,source_video_0011,00:09:26,00:09:33
no_throw_clip_1318,source_video_0011,00:10:03,00:10:10
no_throw_clip_1319,source_video_0011,00:10:11,00:10:18
no_throw_clip_1320,source_video_0011,00:10:19,00:10:26
no_throw_clip_1321,source_video_0011,00:10:27,00:10:34
no_throw_clip_1322,source_video_0011,00:10:49,00:10:56
no_throw_clip_1323,source_video_0011,00:10:57,00:11:04
no_throw_clip_1324,source_video_0011,00:11:05,00:11:12
no_throw_clip_1325,source_video_0011,00:11:13,00:11:20
no_throw_clip_1326,source_video_0011,00:11:21,00:11:28
no_throw_clip_1327,source_video_0011,00:11:29,00:11:36
no_throw_clip_1328,source_video_0011,00:11:37,00:11:44
no_throw_clip_1329,source_video_0011,00:11:59,00:12:06
no_throw_clip_1330,source_video_0011,00:12:07,00:12:14
no_throw_clip_1331,source_video_0011,00:12:32,00:12:39
no_throw_clip_1332,source_video_0011,00:12:40,00:12:47
no_throw_clip_1333,source_video_0011,00:12:48,00:12:55
no_throw_clip_1334,source_video_0011,00:12:56,00:13:03
no_throw_clip_1335,source_video_0011,00:13:04,00:13:11
no_throw_clip_1336,source_video_0011,00:13:12,00:13:19
no_throw_clip_1337,source_video_0011,00:13:32,00:13:39
no_throw_clip_1338,source_video_0011,00:14:13,00:14:20
no_throw_clip_1339,source_video_0011,00:14:21,00:14:28
no_throw_clip_1340,source_video_0011,00:14:29,00:14:36
no_throw_clip_1341,source_video_0011,00:14:49,00:14:56
no_throw_clip_1342,source_video_0011,00:14:57,00:15:04
no_throw_clip_1343,source_video_0011,00:15:05,00:15:12
no_throw_clip_1344,source_video_0011,00:15:27,00:15:34
no_throw_clip_1345,source_video_0011,00:16:10,00:16:17
no_throw_clip_1346,source_video_0011,00:16:18,00:16:25
no_throw_clip_1347,source_video_0011,00:16:26,00:16:33
no_throw_clip_1348,source_video_0011,00:16:52,00:16:59
no_throw_clip_1349,source_video_0011,00:18:04,00:18:11
no_throw_clip_1350,source_video_0011,00:18:12,00:18:19
no_throw_clip_1351,source_video_0011,00:18:20,00:18:27
no_throw_clip_1352,source_video_0011,00:18:28,00:18:35
no_throw_clip_1353,source_video_0011,00:18:36,00:18:43
no_throw_clip_1354,source_video_0011,00:18:44,00:18:51
no_throw_clip_1355,source_video_0011,00:18:52,00:18:59
no_throw_clip_1356,source_video_0011,00:19:00,00:19:07
no_throw_clip_1357,source_video_0011,00:19:08,00:19:15
no_throw_clip_1358,source_video_0011,00:19:31,00:19:38
no_throw_clip_1359,source_video_0011,00:19:39,00:19:46
no_throw_clip_1360,source_video_0011,00:19:47,00:19:54
no_throw_clip_1361,source_video_0011,00:20:09,00:20:16
no_throw_clip_1362,source_video_0011,00:20:17,00:20:24
no_throw_clip_1363,source_video_0011,00:20:25,00:20:32
no_throw_clip_1364,source_video_0011,00:20:33,00:20:40
no_throw_clip_1365,source_video_0011,00:20:41,00:20:48
no_throw_clip_1366,source_video_0011,00:20:49,00:20:56
no_throw_clip_1367,source_video_0011,00:21:08,00:21:15
no_throw_clip_1368,source_video_0011,00:21:16,00:21:23
no_throw_clip_1369,source_video_0011,00:21:24,00:21:31
no_throw_clip_1370,source_video_0011,00:21:32,00:21:39
no_throw_clip_1371,source_video_0011,00:21:52,00:21:59
no_throw_clip_1372,source_video_0011,00:22:00,00:22:07
no_throw_clip_1373,source_video_0011,00:22:08,00:22:15
no_throw_clip_1374,source_video_0011,00:22:29,00:22:36
no_throw_clip_1375,source_video_0011,00:22:37,00:22:44
no_throw_clip_1376,source_video_0011,00:22:45,00:22:52
no_throw_clip_1377,source_video_0011,00:22:53,00:23:00
no_throw_clip_1378,source_video_0011,00:23:01,00:23:08
no_throw_clip_1379,source_video_0011,00:23:28,00:23:35
no_throw_clip_1380,source_video_0011,00:23:36,00:23:43
no_throw_clip_1381,source_video_0011,00:23:44,00:23:51
no_throw_clip_1382,source_video_0011,00:23:52,00:23:59
no_throw_clip_1383,source_video_0011,00:24:11,00:24:18
no_throw_clip_1384,source_video_0011,00:24:37,00:24:44
no_throw_clip_1385,source_video_0011,00:24:45,00:24:52
no_throw_clip_1386,source_video_0011,00:24:53,00:25:00
no_throw_clip_1387,source_video_0011,00:25:14,00:25:21
no_throw_clip_1388,source_video_0011,00:25:22,00:25:29
no_throw_clip_1389,source_video_0011,00:25:30,00:25:37
no_throw_clip_1390,source_video_0011,00:25:38,00:25:45
no_throw_clip_1391,source_video_0011,00:25:46,00:25:53
no_throw_clip_1392,source_video_0011,00:25:54,00:26:01
no_throw_clip_1393,source_video_0012,00:00:00,00:00:07
no_throw_clip_1394,source_video_0012,00:00:08,00:00:15
no_throw_clip_1395,source_video_0012,00:00:16,00:00:23
no_throw_clip_1396,source_video_0012,00:00:24,00:00:31
no_throw_clip_1397,source_video_0012,00:00:32,00:00:39
no_throw_clip_1398,source_video_0012,00:00:40,00:00:47
no_throw_clip_1399,source_video_0012,00:00:48,00:00:55
no_throw_clip_1400,source_video_0012,00:00:56,00:01:03
no_throw_clip_1401,source_video_0012,00:01:04,00:01:11
no_throw_clip_1402,source_video_0012,00:01:12,00:01:19
no_throw_clip_1403,source_video_0012,00:01:20,00:01:27
no_throw_clip_1404,source_video_0012,00:01:28,00:01:35
no_throw_clip_1405,source_video_0012,00:01:36,00:01:43
no_throw_clip_1406,source_video_0012,00:01:44,00:01:51
no_throw_clip_1407,source_video_0012,00:01:52,00:01:59
no_throw_clip_1408,source_video_0012,00:02:00,00:02:07
no_throw_clip_1409,source_video_0012,00:02:08,00:02:15
no_throw_clip_1410,source_video_0012,00:02:16,00:02:23
no_throw_clip_1411,source_video_0012,00:02:24,00:02:31
no_throw_clip_1412,source_video_0012,00:02:44,00:02:51
no_throw_clip_1413,source_video_0012,00:02:52,00:02:59
no_throw_clip_1414,source_video_0012,00:03:00,00:03:07
no_throw_clip_1415,source_video_0012,00:03:08,00:03:15
no_throw_clip_1416,source_video_0012,00:03:16,00:03:23
no_throw_clip_1417,source_video_0012,00:03:24,00:03:31
no_throw_clip_1418,source_video_0012,00:03:32,00:03:39
no_throw_clip_1419,source_video_0012,00:03:40,00:03:47
no_throw_clip_1420,source_video_0012,00:03:48,00:03:55
no_throw_clip_1421,source_video_0012,00:04:16,00:04:23
no_throw_clip_1422,source_video_0012,00:04:24,00:04:31
no_throw_clip_1423,source_video_0012,00:04:32,00:04:39
no_throw_clip_1424,source_video_0012,00:04:58,00:05:05
no_throw_clip_1425,source_video_0012,00:05:06,00:05:13
no_throw_clip_1426,source_video_0012,00:05:14,00:05:21
no_throw_clip_1427,source_video_0012,00:05:22,00:05:29
no_throw_clip_1428,source_video_0012,00:05:30,00:05:37
no_throw_clip_1429,source_video_0012,00:05:38,00:05:45
no_throw_clip_1430,source_video_0012,00:05:46,00:05:53
no_throw_clip_1431,source_video_0012,00:06:19,00:06:26
no_throw_clip_1432,source_video_0012,00:06:27,00:06:34
no_throw_clip_1433,source_video_0012,00:06:35,00:06:42
no_throw_clip_1434,source_video_0012,00:06:43,00:06:50
no_throw_clip_1435,source_video_0012,00:06:51,00:06:58
no_throw_clip_1436,source_video_0012,00:07:20,00:07:27
no_throw_clip_1437,source_video_0012,00:07:28,00:07:35
no_throw_clip_1438,source_video_0012,00:07:36,00:07:43
no_throw_clip_1439,source_video_0012,00:07:44,00:07:51
no_throw_clip_1440,source_video_0012,00:07:52,00:07:59
no_throw_clip_1441,source_video_0012,00:08:00,00:08:07
no_throw_clip_1442,source_video_0012,00:08:08,00:08:15
no_throw_clip_1443,source_video_0012,00:08:16,00:08:23
no_throw_clip_1444,source_video_0012,00:08:38,00:08:45
no_throw_clip_1445,source_video_0012,00:08:46,00:08:53
no_throw_clip_1446,source_video_0012,00:08:54,00:09:01
no_throw_clip_1447,source_video_0012,00:09:02,00:09:09
no_throw_clip_1448,source_video_0012,00:09:10,00:09:17
no_throw_clip_1449,source_video_0012,00:09:18,00:09:25
no_throw_clip_1450,source_video_0012,00:09:26,00:09:33
no_throw_clip_1451,source_video_0012,00:09:52,00:09:59
no_throw_clip_1452,source_video_0012,00:10:00,00:10:07
no_throw_clip_1453,source_video_0012,00:10:08,00:10:15
no_throw_clip_1454,source_video_0012,00:10:32,00:10:39
no_throw_clip_1455,source_video_0012,00:10:40,00:10:47
no_throw_clip_1456,source_video_0012,00:10:48,00:10:55
no_throw_clip_1457,source_video_0012,00:10:56,00:11:03
no_throw_clip_1458,source_video_0012,00:11:04,00:11:11
no_throw_clip_1459,source_video_0012,00:11:12,00:11:19
no_throw_clip_1460,source_video_0012,00:11:20,00:11:27
no_throw_clip_1461,source_video_0012,00:11:28,00:11:35
no_throw_clip_1462,source_video_0012,00:11:36,00:11:43
no_throw_clip_1463,source_video_0012,00:12:07,00:12:14
no_throw_clip_1464,source_video_0012,00:12:15,00:12:22
no_throw_clip_1465,source_video_0012,00:12:41,00:12:48
no_throw_clip_1466,source_video_0012,00:12:49,00:12:56
no_throw_clip_1467,source_video_0012,00:12:57,00:13:04
no_throw_clip_1468,source_video_0012,00:13:05,00:13:12
no_throw_clip_1469,source_video_0012,00:13:13,00:13:20
no_throw_clip_1470,source_video_0012,00:13:33,00:13:40
no_throw_clip_1471,source_video_0012,00:13:56,00:14:03
no_throw_clip_1472,source_video_0012,00:14:04,00:14:11
no_throw_clip_1473,source_video_0012,00:14:12,00:14:19
no_throw_clip_1474,source_video_0012,00:14:20,00:14:27
no_throw_clip_1475,source_video_0012,00:14:28,00:14:35
no_throw_clip_1476,source_video_0012,00:14:36,00:14:43
no_throw_clip_1477,source_video_0012,00:14:44,00:14:51
no_throw_clip_1478,source_video_0012,00:14:52,00:14:59
no_throw_clip_1479,source_video_0012,00:15:00,00:15:07
no_throw_clip_1480,source_video_0012,00:15:44,00:15:51
no_throw_clip_1481,source_video_0012,00:16:06,00:16:13
no_throw_clip_1482,source_video_0012,00:16:29,00:16:36
no_throw_clip_1483,source_video_0012,00:16:37,00:16:44
no_throw_clip_1484,source_video_0012,00:16:45,00:16:52
no_throw_clip_1485,source_video_0012,00:16:53,00:17:00
no_throw_clip_1486,source_video_0012,00:17:01,00:17:08
no_throw_clip_1487,source_video_0012,00:17:25,00:17:32
no_throw_clip_1488,source_video_0012,00:17:33,00:17:40
no_throw_clip_1489,source_video_0012,00:17:41,00:17:48
no_throw_clip_1490,source_video_0012,00:17:49,00:17:56
no_throw_clip_1491,source_video_0012,00:17:57,00:18:04
no_throw_clip_1492,source_video_0012,00:18:05,00:18:12
no_throw_clip_1493,source_video_0012,00:18:13,00:18:20
no_throw_clip_1494,source_video_0012,00:18:21,00:18:28
no_throw_clip_1495,source_video_0012,00:18:29,00:18:36
no_throw_clip_1496,source_video_0012,00:18:37,00:18:44
no_throw_clip_1497,source_video_0012,00:19:03,00:19:10
no_throw_clip_1498,source_video_0012,00:19:11,00:19:18
no_throw_clip_1499,source_video_0012,00:19:19,00:19:26
no_throw_clip_1500,source_video_0012,00:19:40,00:19:47
no_throw_clip_1501,source_video_0012,00:19:48,00:19:55
no_throw_clip_1502,source_video_0012,00:19:56,00:20:03
no_throw_clip_1503,source_video_0012,00:20:04,00:20:11
no_throw_clip_1504,source_video_0012,00:20:12,00:20:19
no_throw_clip_1505,source_video_0012,00:20:20,00:20:27
no_throw_clip_1506,source_video_0012,00:20:28,00:20:35
no_throw_clip_1507,source_video_0012,00:20:36,00:20:43
no_throw_clip_1508,source_video_0012,00:20:44,00:20:51
no_throw_clip_1509,source_video_0012,00:20:52,00:20:59
no_throw_clip_1510,source_video_0012,00:21:00,00:21:07
no_throw_clip_1511,source_video_0012,00:21:08,00:21:15
no_throw_clip_1512,source_video_0012,00:21:16,00:21:23
no_throw_clip_1513,source_video_0012,00:21:24,00:21:31
no_throw_clip_1514,source_video_0012,00:21:32,00:21:39
no_throw_clip_1515,source_video_0013,00:00:00,00:00:07
no_throw_clip_1516,source_video_0013,00:00:08,00:00:15
no_throw_clip_1517,source_video_0013,00:00:16,00:00:23
no_throw_clip_1518,source_video_0013,00:00:24,00:00:31
no_throw_clip_1519,source_video_0013,00:00:32,00:00:39
no_throw_clip_1520,source_video_0013,00:00:40,00:00:47
no_throw_clip_1521,source_video_0013,00:00:48,00:00:55
no_throw_clip_1522,source_video_0013,00:00:56,00:01:03
no_throw_clip_1523,source_video_0013,00:01:04,00:01:11
no_throw_clip_1524,source_video_0013,00:01:12,00:01:19
no_throw_clip_1525,source_video_0013,00:01:20,00:01:27
no_throw_clip_1526,source_video_0013,00:01:28,00:01:35
no_throw_clip_1527,source_video_0013,00:01:36,00:01:43
no_throw_clip_1528,source_video_0013,00:01:44,00:01:51
no_throw_clip_1529,source_video_0013,00:01:52,00:01:59
no_throw_clip_1530,source_video_0013,00:02:00,00:02:07
no_throw_clip_1531,source_video_0013,00:02:08,00:02:15
no_throw_clip_1532,source_video_0013,00:02:16,00:02:23
no_throw_clip_1533,source_video_0013,00:02:24,00:02:31
no_throw_clip_1534,source_video_0013,00:02:32,00:02:39
no_throw_clip_1535,source_video_0013,00:02:40,00:02:47
no_throw_clip_1536,source_video_0013,00:02:48,00:02:55
no_throw_clip_1537,source_video_0013,00:02:56,00:03:03
no_throw_clip_1538,source_video_0013,00:03:04,00:03:11
no_throw_clip_1539,source_video_0013,00:03:12,00:03:19
no_throw_clip_1540,source_video_0013,00:03:20,00:03:27
no_throw_clip_1541,source_video_0013,00:03:28,00:03:35
no_throw_clip_1542,source_video_0013,00:03:36,00:03:43
no_throw_clip_1543,source_video_0013,00:03:44,00:03:51
no_throw_clip_1544,source_video_0013,00:03:52,00:03:59
no_throw_clip_1545,source_video_0013,00:04:00,00:04:07
no_throw_clip_1546,source_video_0013,00:04:08,00:04:15
no_throw_clip_1547,source_video_0013,00:04:16,00:04:23
no_throw_clip_1548,source_video_0013,00:04:24,00:04:31
no_throw_clip_1549,source_video_0013,00:04:32,00:04:39
no_throw_clip_1550,source_video_0013,00:04:40,00:04:47
no_throw_clip_1551,source_video_0013,00:04:48,00:04:55
no_throw_clip_1552,source_video_0013,00:04:56,00:05:03
no_throw_clip_1553,source_video_0013,00:05:04,00:05:11
no_throw_clip_1554,source_video_0013,00:05:12,00:05:19
no_throw_clip_1555,source_video_0013,00:05:20,00:05:27
no_throw_clip_1556,source_video_0013,00:05:28,00:05:35
no_throw_clip_1557,source_video_0013,00:05:36,00:05:43
no_throw_clip_1558,source_video_0013,00:05:44,00:05:51
no_throw_clip_1559,source_video_0013,00:05:52,00:05:59
no_throw_clip_1560,source_video_0013,00:06:00,00:06:07
no_throw_clip_1561,source_video_0013,00:06:08,00:06:15
no_throw_clip_1562,source_video_0013,00:06:16,00:06:23
no_throw_clip_1563,source_video_0013,00:06:24,00:06:31
no_throw_clip_1564,source_video_0013,00:06:32,00:06:39
no_throw_clip_1565,source_video_0013,00:06:40,00:06:47
no_throw_clip_1566,source_video_0013,00:06:48,00:06:55
no_throw_clip_1567,source_video_0013,00:06:56,00:07:03
no_throw_clip_1568,source_video_0013,00:07:04,00:07:11
no_throw_clip_1569,source_video_0013,00:07:12,00:07:19
no_throw_clip_1570,source_video_0013,00:07:20,00:07:27
no_throw_clip_1571,source_video_0013,00:07:28,00:07:35
no_throw_clip_1572,source_video_0013,00:07:36,00:07:43
no_throw_clip_1573,source_video_0013,00:07:44,00:07:51
no_throw_clip_1574,source_video_0013,00:07:52,00:07:59
no_throw_clip_1575,source_video_0013,00:08:00,00:08:07
no_throw_clip_1576,source_video_0013,00:08:08,00:08:15
no_throw_clip_1577,source_video_0013,00:08:16,00:08:23
no_throw_clip_1578,source_video_0013,00:08:24,00:08:31
no_throw_clip_1579,source_video_0013,00:08:32,00:08:39
no_throw_clip_1580,source_video_0013,00:08:40,00:08:47
no_throw_clip_1581,source_video_0013,00:08:48,00:08:55
no_throw_clip_1582,source_video_0013,00:08:56,00:09:03
no_throw_clip_1583,source_video_0013,00:09:04,00:09:11
no_throw_clip_1584,source_video_0013,00:09:12,00:09:19
no_throw_clip_1585,source_video_0013,00:09:20,00:09:27
no_throw_clip_1586,source_video_0013,00:09:28,00:09:35
no_throw_clip_1587,source_video_0013,00:09:36,00:09:43
no_throw_clip_1588,source_video_0013,00:09:44,00:09:51
no_throw_clip_1589,source_video_0013,00:09:52,00:09:59
no_throw_clip_1590,source_video_0013,00:10:00,00:10:07
no_throw_clip_1591,source_video_0013,00:10:08,00:10:15
no_throw_clip_1592,source_video_0013,00:10:16,00:10:23
no_throw_clip_1593,source_video_0013,00:10:24,00:10:31
no_throw_clip_1594,source_video_0013,00:10:32,00:10:39
no_throw_clip_1595,source_video_0013,00:10:40,00:10:47
no_throw_clip_1596,source_video_0013,00:10:48,00:10:55
no_throw_clip_1597,source_video_0013,00:10:56,00:11:03
no_throw_clip_1598,source_video_0013,00:11:04,00:11:11
no_throw_clip_1599,source_video_0013,00:11:12,00:11:19
no_throw_clip_1600,source_video_0013,00:11:20,00:11:27
no_throw_clip_1601,source_video_0013,00:11:28,00:11:35
no_throw_clip_1602,source_video_0013,00:11:36,00:11:43
no_throw_clip_1603,source_video_0013,00:11:44,00:11:51
no_throw_clip_1604,source_video_0013,00:11:52,00:11:59
no_throw_clip_1605,source_video_0013,00:12:00,00:12:07
no_throw_clip_1606,source_video_0013,00:12:08,00:12:15
no_throw_clip_1607,source_video_0013,00:12:16,00:12:23
no_throw_clip_1608,source_video_0013,00:12:24,00:12:31
no_throw_clip_1609,source_video_0013,00:12:32,00:12:39
no_throw_clip_1610,source_video_0013,00:12:40,00:12:47
no_throw_clip_1611,source_video_0013,00:12:48,00:12:55
no_throw_clip_1612,source_video_0013,00:12:56,00:13:03
no_throw_clip_1613,source_video_0013,00:13:04,00:13:11
no_throw_clip_1614,source_video_0013,00:13:12,00:13:19
no_throw_clip_1615,source_video_0013,00:13:20,00:13:27
no_throw_clip_1616,source_video_0013,00:13:28,00:13:35
no_throw_clip_1617,source_video_0013,00:13:36,00:13:43
no_throw_clip_1618,source_video_0013,00:13:44,00:13:51
no_throw_clip_1619,source_video_0013,00:13:52,00:13:59
no_throw_clip_1620,source_video_0013,00:14:00,00:14:07
no_throw_clip_1621,source_video_0013,00:14:08,00:14:15
no_throw_clip_1622,source_video_0013,00:14:16,00:14:23
no_throw_clip_1623,source_video_0013,00:14:24,00:14:31
no_throw_clip_1624,source_video_0013,00:14:32,00:14:39
no_throw_clip_1625,source_video_0013,00:14:40,00:14:47
no_throw_clip_1626,source_video_0013,00:14:48,00:14:55
no_throw_clip_1627,source_video_0013,00:14:56,00:15:03
no_throw_clip_1628,source_video_0015,00:00:00,00:00:07
no_throw_clip_1629,source_video_0015,00:00:08,00:00:15
no_throw_clip_1630,source_video_0015,00:00:16,00:00:23
no_throw_clip_1631,source_video_0015,00:00:24,00:00:31
no_throw_clip_1632,source_video_0015,00:00:32,00:00:39
no_throw_clip_1633,source_video_0015,00:00:40,00:00:47
no_throw_clip_1634,source_video_0015,00:00:48,00:00:55
no_throw_clip_1635,source_video_0015,00:00:56,00:01:03
no_throw_clip_1636,source_video_0015,00:01:04,00:01:11
no_throw_clip_1637,source_video_0015,00:01:12,00:01:19
no_throw_clip_1638,source_video_0015,00:01:20,00:01:27
no_throw_clip_1639,source_video_0015,00:01:28,00:01:35
no_throw_clip_1640,source_video_0015,00:01:36,00:01:43
no_throw_clip_1641,source_video_0015,00:01:44,00:01:51
no_throw_clip_1642,source_video_0015,00:01:52,00:01:59
no_throw_clip_1643,source_video_0015,00:02:00,00:02:07
no_throw_clip_1644,source_video_0015,00:02:08,00:02:15
no_throw_clip_1645,source_video_0015,00:02:16,00:02:23
no_throw_clip_1646,source_video_0015,00:02:24,00:02:31
no_throw_clip_1647,source_video_0015,00:02:32,00:02:39
no_throw_clip_1648,source_video_0015,00:02:40,00:02:47
no_throw_clip_1649,source_video_0015,00:02:48,00:02:55
no_throw_clip_1650,source_video_0015,00:02:56,00:03:03
no_throw_clip_1651,source_video_0015,00:03:04,00:03:11
no_throw_clip_1652,source_video_0015,00:03:25,00:03:32
no_throw_clip_1653,source_video_0015,00:03:33,00:03:40
no_throw_clip_1654,source_video_0015,00:03:41,00:03:48
no_throw_clip_1655,source_video_0015,00:03:49,00:03:56
no_throw_clip_1656,source_video_0015,00:03:57,00:04:04
no_throw_clip_1657,source_video_0015,00:04:05,00:04:12
no_throw_clip_1658,source_video_0015,00:04:13,00:04:20
no_throw_clip_1659,source_video_0015,00:04:21,00:04:28
no_throw_clip_1660,source_video_0015,00:04:29,00:04:36
no_throw_clip_1661,source_video_0015,00:04:37,00:04:44
no_throw_clip_1662,source_video_0015,00:04:45,00:04:52
no_throw_clip_1663,source_video_0015,00:04:53,00:05:00
no_throw_clip_1664,source_video_0015,00:05:14,00:05:21
no_throw_clip_1665,source_video_0015,00:05:22,00:05:29
no_throw_clip_1666,source_video_0015,00:05:46,00:05:53
no_throw_clip_1667,source_video_0015,00:05:54,00:06:01
no_throw_clip_1668,source_video_0015,00:06:02,00:06:09
no_throw_clip_1669,source_video_0015,00:06:10,00:06:17
no_throw_clip_1670,source_video_0015,00:06:18,00:06:25
no_throw_clip_1671,source_video_0015,00:06:26,00:06:33
no_throw_clip_1672,source_video_0015,00:06:34,00:06:41
no_throw_clip_1673,source_video_0015,00:06:42,00:06:49
no_throw_clip_1674,source_video_0015,00:06:50,00:06:57
no_throw_clip_1675,source_video_0015,00:06:58,00:07:05
no_throw_clip_1676,source_video_0015,00:07:06,00:07:13
no_throw_clip_1677,source_video_0015,00:07:14,00:07:21
no_throw_clip_1678,source_video_0015,00:07:22,00:07:29
no_throw_clip_1679,source_video_0015,00:07:30,00:07:37
no_throw_clip_1680,source_video_0015,00:07:38,00:07:45
no_throw_clip_1681,source_video_0015,00:07:46,00:07:53
no_throw_clip_1682,source_video_0015,00:07:54,00:08:01
no_throw_clip_1683,source_video_0015,00:08:02,00:08:09
no_throw_clip_1684,source_video_0015,00:08:10,00:08:17
no_throw_clip_1685,source_video_0015,00:08:18,00:08:25
no_throw_clip_1686,source_video_0015,00:08:26,00:08:33
no_throw_clip_1687,source_video_0015,00:08:34,00:08:41
no_throw_clip_1688,source_video_0015,00:08:42,00:08:49
no_throw_clip_1689,source_video_0015,00:08:50,00:08:57
no_throw_clip_1690,source_video_0015,00:08:58,00:09:05
no_throw_clip_1691,source_video_0015,00:09:06,00:09:13
no_throw_clip_1692,source_video_0015,00:09:14,00:09:21
no_throw_clip_1693,source_video_0015,00:09:22,00:09:29
no_throw_clip_1694,source_video_0015,00:09:30,00:09:37
no_throw_clip_1695,source_video_0015,00:09:38,00:09:45
no_throw_clip_1696,source_video_0015,00:09:46,00:09:53
no_throw_clip_1697,source_video_0015,00:09:54,00:10:01
no_throw_clip_1698,source_video_0015,00:10:02,00:10:09
no_throw_clip_1699,source_video_0015,00:10:10,00:10:17
no_throw_clip_1700,source_video_0015,00:10:18,00:10:25
no_throw_clip_1701,source_video_0015,00:10:26,00:10:33
no_throw_clip_1702,source_video_0015,00:10:34,00:10:41
no_throw_clip_1703,source_video_0015,00:10:42,00:10:49
no_throw_clip_1704,source_video_0015,00:10:50,00:10:57
no_throw_clip_1705,source_video_0015,00:10:58,00:11:05
no_throw_clip_1706,source_video_0015,00:11:06,00:11:13
no_throw_clip_1707,source_video_0015,00:11:14,00:11:21
no_throw_clip_1708,source_video_0015,00:11:22,00:11:29
no_throw_clip_1709,source_video_0015,00:11:30,00:11:37
no_throw_clip_1710,source_video_0015,00:11:38,00:11:45
no_throw_clip_1711,source_video_0015,00:11:46,00:11:53
no_throw_clip_1712,source_video_0015,00:11:54,00:12:01
no_throw_clip_1713,source_video_0015,00:12:02,00:12:09
no_throw_clip_1714,source_video_0015,00:12:10,00:12:17
no_throw_clip_1715,source_video_0015,00:12:18,00:12:25
no_throw_clip_1716,source_video_0016,00:00:00,00:00:07
no_throw_clip_1717,source_video_0016,00:00:25,00:00:32
no_throw_clip_1718,source_video_0016,00:00:50,00:00:57
no_throw_clip_1719,source_video_0016,00:00:58,00:01:05
no_throw_clip_1720,source_video_0016,00:01:06,00:01:13
no_throw_clip_1721,source_video_0016,00:01:14,00:01:21
no_throw_clip_1722,source_video_0016,00:01:22,00:01:29
no_throw_clip_1723,source_video_0016,00:01:43,00:01:50
no_throw_clip_1724,source_video_0016,00:01:51,00:01:58
no_throw_clip_1725,source_video_0016,00:01:59,00:02:06
no_throw_clip_1726,source_video_0016,00:02:07,00:02:14
no_throw_clip_1727,source_video_0016,00:02:15,00:02:22
no_throw_clip_1728,source_video_0016,00:02:23,00:02:30
no_throw_clip_1729,source_video_0016,00:02:51,00:02:58
no_throw_clip_1730,source_video_0016,00:02:59,00:03:06
no_throw_clip_1731,source_video_0016,00:03:07,00:03:14
no_throw_clip_1732,source_video_0016,00:03:15,00:03:22
no_throw_clip_1733,source_video_0016,00:03:39,00:03:46
no_throw_clip_1734,source_video_0016,00:03:47,00:03:54
no_throw_clip_1735,source_video_0016,00:03:55,00:04:02
no_throw_clip_1736,source_video_0016,00:04:03,00:04:10
no_throw_clip_1737,source_video_0016,00:04:11,00:04:18
no_throw_clip_1738,source_video_0016,00:04:19,00:04:26
no_throw_clip_1739,source_video_0016,00:04:27,00:04:34
no_throw_clip_1740,source_video_0016,00:04:52,00:04:59
no_throw_clip_1741,source_video_0016,00:05:00,00:05:07
no_throw_clip_1742,source_video_0016,00:05:08,00:05:15
no_throw_clip_1743,source_video_0016,00:05:16,00:05:23
no_throw_clip_1744,source_video_0016,00:05:24,00:05:31
no_throw_clip_1745,source_video_0016,00:05:57,00:06:04
no_throw_clip_1746,source_video_0016,00:06:05,00:06:12
no_throw_clip_1747,source_video_0016,00:06:13,00:06:20
no_throw_clip_1748,source_video_0016,00:06:39,00:06:46
no_throw_clip_1749,source_video_0016,00:06:47,00:06:54
no_throw_clip_1750,source_video_0016,00:07:08,00:07:15
no_throw_clip_1751,source_video_0016,00:07:34,00:07:41
no_throw_clip_1752,source_video_0016,00:07:58,00:08:05
no_throw_clip_1753,source_video_0016,00:08:23,00:08:30
no_throw_clip_1754,source_video_0016,00:08:31,00:08:38
no_throw_clip_1755,source_video_0016,00:08:39,00:08:46
no_throw_clip_1756,source_video_0016,00:08:47,00:08:54
no_throw_clip_1757,source_video_0016,00:09:12,00:09:19
no_throw_clip_1758,source_video_0016,00:09:20,00:09:27
no_throw_clip_1759,source_video_0016,00:09:28,00:09:35
no_throw_clip_1760,source_video_0016,00:09:36,00:09:43
no_throw_clip_1761,source_video_0016,00:09:44,00:09:51
no_throw_clip_1762,source_video_0016,00:09:52,00:09:59
no_throw_clip_1763,source_video_0016,00:10:00,00:10:07
no_throw_clip_1764,source_video_0016,00:10:08,00:10:15
no_throw_clip_1765,source_video_0016,00:10:16,00:10:23
no_throw_clip_1766,source_video_0016,00:10:24,00:10:31
no_throw_clip_1767,source_video_0016,00:10:32,00:10:39
no_throw_clip_1768,source_video_0016,00:10:40,00:10:47
no_throw_clip_1769,source_video_0016,00:11:03,00:11:10
no_throw_clip_1770,source_video_0016,00:11:11,00:11:18
no_throw_clip_1771,source_video_0016,00:11:31,00:11:38
no_throw_clip_1772,source_video_0016,00:11:39,00:11:46
no_throw_clip_1773,source_video_0016,00:11:47,00:11:54
no_throw_clip_1774,source_video_0016,00:12:15,00:12:22
no_throw_clip_1775,source_video_0016,00:12:23,00:12:30
no_throw_clip_1776,source_video_0016,00:12:31,00:12:38
no_throw_clip_1777,source_video_0016,00:12:54,00:13:01
no_throw_clip_1778,source_video_0016,00:13:02,00:13:09
no_throw_clip_1779,source_video_0016,00:13:21,00:13:28
no_throw_clip_1780,source_video_0016,00:13:29,00:13:36
no_throw_clip_1781,source_video_0016,00:14:04,00:14:11
no_throw_clip_1782,source_video_0016,00:14:12,00:14:19
no_throw_clip_1783,source_video_0016,00:14:54,00:15:01
no_throw_clip_1784,source_video_0016,00:15:02,00:15:09
no_throw_clip_1785,source_video_0016,00:15:10,00:15:17
no_throw_clip_1786,source_video_0016,00:15:18,00:15:25
no_throw_clip_1787,source_video_0017,00:00:00,00:00:07
no_throw_clip_1788,source_video_0017,00:00:08,00:00:15
no_throw_clip_1789,source_video_0017,00:00:16,00:00:23
no_throw_clip_1790,source_video_0017,00:00:24,00:00:31
no_throw_clip_1791,source_video_0017,00:00:32,00:00:39
no_throw_clip_1792,source_video_0017,00:00:40,00:00:47
no_throw_clip_1793,source_video_0017,00:00:48,00:00:55
no_throw_clip_1794,source_video_0017,00:00:56,00:01:03
no_throw_clip_1795,source_video_0017,00:01:04,00:01:11
no_throw_clip_1796,source_video_0017,00:01:12,00:01:19
no_throw_clip_1797,source_video_0017,00:01:20,00:01:27
no_throw_clip_1798,source_video_0017,00:01:28,00:01:35
no_throw_clip_1799,source_video_0017,00:01:54,00:02:01
no_throw_clip_1800,source_video_0017,00:02:19,00:02:26
no_throw_clip_1801,source_video_0017,00:02:43,00:02:50
no_throw_clip_1802,source_video_0017,00:02:51,00:02:58
no_throw_clip_1803,source_video_0017,00:02:59,00:03:06
no_throw_clip_1804,source_video_0017,00:03:07,00:03:14
no_throw_clip_1805,source_video_0017,00:03:15,00:03:22
no_throw_clip_1806,source_video_0017,00:03:23,00:03:30
no_throw_clip_1807,source_video_0017,00:03:31,00:03:38
no_throw_clip_1808,source_video_0017,00:03:39,00:03:46
no_throw_clip_1809,source_video_0017,00:03:47,00:03:54
no_throw_clip_1810,source_video_0017,00:03:55,00:04:02
no_throw_clip_1811,source_video_0017,00:04:03,00:04:10
no_throw_clip_1812,source_video_0017,00:04:11,00:04:18
no_throw_clip_1813,source_video_0017,00:04:19,00:04:26
no_throw_clip_1814,source_video_0017,00:04:27,00:04:34
no_throw_clip_1815,source_video_0017,00:04:35,00:04:42
no_throw_clip_1816,source_video_0017,00:04:43,00:04:50
no_throw_clip_1817,source_video_0017,00:05:09,00:05:16
no_throw_clip_1818,source_video_0017,00:05:17,00:05:24
no_throw_clip_1819,source_video_0017,00:05:41,00:05:48
no_throw_clip_1820,source_video_0017,00:05:49,00:05:56
no_throw_clip_1821,source_video_0017,00:05:57,00:06:04
no_throw_clip_1822,source_video_0017,00:06:34,00:06:41
no_throw_clip_1823,source_video_0017,00:06:42,00:06:49
no_throw_clip_1824,source_video_0017,00:06:50,00:06:57
no_throw_clip_1825,source_video_0017,00:07:13,00:07:20
no_throw_clip_1826,source_video_0017,00:07:33,00:07:40
no_throw_clip_1827,source_video_0017,00:08:12,00:08:19
no_throw_clip_1828,source_video_0017,00:08:36,00:08:43
no_throw_clip_1829,source_video_0017,00:08:44,00:08:51
no_throw_clip_1830,source_video_0017,00:09:07,00:09:14
no_throw_clip_1831,source_video_0017,00:09:15,00:09:22
no_throw_clip_1832,source_video_0017,00:09:23,00:09:30
no_throw_clip_1833,source_video_0017,00:09:31,00:09:38
no_throw_clip_1834,source_video_0017,00:09:39,00:09:46
no_throw_clip_1835,source_video_0017,00:09:47,00:09:54
no_throw_clip_1836,source_video_0017,00:09:55,00:10:02
no_throw_clip_1837,source_video_0017,00:10:15,00:10:22
no_throw_clip_1838,source_video_0017,00:10:23,00:10:30
no_throw_clip_1839,source_video_0017,00:10:44,00:10:51
no_throw_clip_1840,source_video_0017,00:11:04,00:11:11
no_throw_clip_1841,source_video_0017,00:11:12,00:11:19
no_throw_clip_1842,source_video_0017,00:11:38,00:11:45
no_throw_clip_1843,source_video_0017,00:11:46,00:11:53
no_throw_clip_1844,source_video_0017,00:11:54,00:12:01
no_throw_clip_1845,source_video_0017,00:12:02,00:12:09
no_throw_clip_1846,source_video_0017,00:12:10,00:12:17
no_throw_clip_1847,source_video_0017,00:12:18,00:12:25
no_throw_clip_1848,source_video_0017,00:12:26,00:12:33
no_throw_clip_1849,source_video_0017,00:12:34,00:12:41
no_throw_clip_1850,source_video_0017,00:12:55,00:13:02
no_throw_clip_1851,source_video_0017,00:13:03,00:13:10
no_throw_clip_1852,source_video_0017,00:13:11,00:13:18
no_throw_clip_1853,source_video_0017,00:13:19,00:13:26
no_throw_clip_1854,source_video_0017,00:13:27,00:13:34
no_throw_clip_1855,source_video_0017,00:13:35,00:13:42
no_throw_clip_1856,source_video_0017,00:13:43,00:13:50
no_throw_clip_1857,source_video_0017,00:13:51,00:13:58
no_throw_clip_1858,source_video_0017,00:13:59,00:14:06
no_throw_clip_1859,source_video_0017,00:14:07,00:14:14
no_throw_clip_1860,source_video_0017,00:14:15,00:14:22
no_throw_clip_1861,source_video_0017,00:14:23,00:14:30
no_throw_clip_1862,source_video_0017,00:14:31,00:14:38
no_throw_clip_1863,source_video_0017,00:14:39,00:14:46
no_throw_clip_1864,source_video_0017,00:14:47,00:14:54
no_throw_clip_1865,source_video_0017,00:14:55,00:15:02
no_throw_clip_1866,source_video_0017,00:15:03,00:15:10
no_throw_clip_1867,source_video_0017,00:15:11,00:15:18
no_throw_clip_1868,source_video_0017,00:15:34,00:15:41
no_throw_clip_1869,source_video_0017,00:15:42,00:15:49
no_throw_clip_1870,source_video_0017,00:15:50,00:15:57
no_throw_clip_1871,source_video_0017,00:15:58,00:16:05
no_throw_clip_1872,source_video_0017,00:16:06,00:16:13
no_throw_clip_1873,source_video_0017,00:16:28,00:16:35
no_throw_clip_1874,source_video_0017,00:16:36,00:16:43
no_throw_clip_1875,source_video_0017,00:16:44,00:16:51
no_throw_clip_1876,source_video_0017,00:16:52,00:16:59
no_throw_clip_1877,source_video_0017,00:17:00,00:17:07
no_throw_clip_1878,source_video_0017,00:17:08,00:17:15
no_throw_clip_1879,source_video_0017,00:17:16,00:17:23
no_throw_clip_1880,source_video_0017,00:17:24,00:17:31
no_throw_clip_1881,source_video_0017,00:17:32,00:17:39
no_throw_clip_1882,source_video_0017,00:17:40,00:17:47
no_throw_clip_1883,source_video_0017,00:17:48,00:17:55
no_throw_clip_1884,source_video_0017,00:17:56,00:18:03
no_throw_clip_1885,source_video_0017,00:18:04,00:18:11
no_throw_clip_1886,source_video_0017,00:18:24,00:18:31
no_throw_clip_1887,source_video_0017,00:18:32,00:18:39
no_throw_clip_1888,source_video_0017,00:18:40,00:18:47
no_throw_clip_1889,source_video_0017,00:18:48,00:18:55
no_throw_clip_1890,source_video_0017,00:18:56,00:19:03
no_throw_clip_1891,source_video_0017,00:19:04,00:19:11
no_throw_clip_1892,source_video_0017,00:19:12,00:19:19
no_throw_clip_1893,source_video_0017,00:19:20,00:19:27
no_throw_clip_1894,source_video_0017,00:19:28,00:19:35
no_throw_clip_1895,source_video_0017,00:19:36,00:19:43
no_throw_clip_1896,source_video_0017,00:19:44,00:19:51
no_throw_clip_1897,source_video_0017,00:19:52,00:19:59
no_throw_clip_1898,source_video_0017,00:20:00,00:20:07
no_throw_clip_1899,source_video_0017,00:20:08,00:20:15
no_throw_clip_1900,source_video_0017,00:20:16,00:20:23
no_throw_clip_1901,source_video_0017,00:20:24,00:20:31
no_throw_clip_1902,source_video_0017,00:20:49,00:20:56
no_throw_clip_1903,source_video_0017,00:20:57,00:21:04
no_throw_clip_1904,source_video_0017,00:21:05,00:21:12
no_throw_clip_1905,source_video_0017,00:21:13,00:21:20
no_throw_clip_1906,source_video_0017,00:21:21,00:21:28
no_throw_clip_1907,source_video_0017,00:21:29,00:21:36
no_throw_clip_1908,source_video_0017,00:21:37,00:21:44
no_throw_clip_1909,source_video_0017,00:21:45,00:21:52
no_throw_clip_1910,source_video_0017,00:21:53,00:22:00
no_throw_clip_1911,source_video_0017,00:22:01,00:22:08
no_throw_clip_1912,source_video_0017,00:22:09,00:22:16
no_throw_clip_1913,source_video_0017,00:22:17,00:22:24
no_throw_clip_1914,source_video_0017,00:22:25,00:22:32
no_throw_clip_1915,source_video_0017,00:22:44,00:22:51
no_throw_clip_1916,source_video_0017,00:22:52,00:22:59
no_throw_clip_1917,source_video_0017,00:23:00,00:23:07
no_throw_clip_1918,source_video_0017,00:23:23,00:23:30
no_throw_clip_1919,source_video_0017,00:23:31,00:23:38
no_throw_clip_1920,source_video_0017,00:23:39,00:23:46
no_throw_clip_1921,source_video_0017,00:23:47,00:23:54
no_throw_clip_1922,source_video_0017,00:23:55,00:24:02
no_throw_clip_1923,source_video_0017,00:24:03,00:24:10
no_throw_clip_1924,source_video_0017,00:24:23,00:24:30
no_throw_clip_1925,source_video_0017,00:24:45,00:24:52
no_throw_clip_1926,source_video_0017,00:24:53,00:25:00
no_throw_clip_1927,source_video_0017,00:25:12,00:25:19
no_throw_clip_1928,source_video_0017,00:25:33,00:25:40
no_throw_clip_1929,source_video_0017,00:25:41,00:25:48
no_throw_clip_1930,source_video_0017,00:25:49,00:25:56
no_throw_clip_1931,source_video_0017,00:25:57,00:26:04
no_throw_clip_1932,source_video_0017,00:26:05,00:26:12
no_throw_clip_1933,source_video_0017,00:26:13,00:26:20
no_throw_clip_1934,source_video_0017,00:26:21,00:26:28
no_throw_clip_1935,source_video_0017,00:26:29,00:26:36
no_throw_clip_1936,source_video_0017,00:26:37,00:26:44
no_throw_clip_1937,source_video_0017,00:26:45,00:26:52
no_throw_clip_1938,source_video_0017,00:26:53,00:27:00
no_throw_clip_1939,source_video_0017,00:27:01,00:27:08
no_throw_clip_1940,source_video_0017,00:27:25,00:27:32
no_throw_clip_1941,source_video_0017,00:27:33,00:27:40
no_throw_clip_1942,source_video_0017,00:27:41,00:27:48
no_throw_clip_1943,source_video_0017,00:28:03,00:28:10
no_throw_clip_1944,source_video_0017,00:28:11,00:28:18
no_throw_clip_1945,source_video_0017,00:28:19,00:28:26
no_throw_clip_1946,source_video_0017,00:28:27,00:28:34
no_throw_clip_1947,source_video_0017,00:28:35,00:28:42
no_throw_clip_1948,source_video_0017,00:28:43,00:28:50
no_throw_clip_1949,source_video_0017,00:28:51,00:28:58
no_throw_clip_1950,source_video_0017,00:29:15,00:29:22
no_throw_clip_1951,source_video_0017,00:29:23,00:29:30
no_throw_clip_1952,source_video_0017,00:29:31,00:29:38
no_throw_clip_1953,source_video_0017,00:29:39,00:29:46
no_throw_clip_1954,source_video_0017,00:30:00,00:30:07
no_throw_clip_1955,source_video_0017,00:30:08,00:30:15
no_throw_clip_1956,source_video_0017,00:30:31,00:30:38
no_throw_clip_1957,source_video_0017,00:30:39,00:30:46
no_throw_clip_1958,source_video_0017,00:30:47,00:30:54
no_throw_clip_1959,source_video_0017,00:31:11,00:31:18
no_throw_clip_1960,source_video_0017,00:31:19,00:31:26
no_throw_clip_1961,source_video_0017,00:31:27,00:31:34
no_throw_clip_1962,source_video_0017,00:31:50,00:31:57
no_throw_clip_1963,source_video_0017,00:31:58,00:32:05
no_throw_clip_1964,source_video_0017,00:32:06,00:32:13
no_throw_clip_1965,source_video_0017,00:32:26,00:32:33
no_throw_clip_1966,source_video_0017,00:32:34,00:32:41
no_throw_clip_1967,source_video_0017,00:32:42,00:32:49
no_throw_clip_1968,source_video_0017,00:32:50,00:32:57
no_throw_clip_1969,source_video_0017,00:32:58,00:33:05
no_throw_clip_1970,source_video_0017,00:33:06,00:33:13
no_throw_clip_1971,source_video_0017,00:33:14,00:33:21
no_throw_clip_1972,source_video_0017,00:33:22,00:33:29
no_throw_clip_1973,source_video_0017,00:33:30,00:33:37
no_throw_clip_1974,source_video_0017,00:33:49,00:33:56
no_throw_clip_1975,source_video_0017,00:33:57,00:34:04
no_throw_clip_1976,source_video_0017,00:34:05,00:34:12
no_throw_clip_1977,source_video_0017,00:34:13,00:34:20
no_throw_clip_1978,source_video_0017,00:34:21,00:34:28
no_throw_clip_1979,source_video_0017,00:34:29,00:34:36
no_throw_clip_1980,source_video_0017,00:34:48,00:34:55
no_throw_clip_1981,source_video_0017,00:34:56,00:35:03
no_throw_clip_1982,source_video_0017,00:35:04,00:35:11
no_throw_clip_1983,source_video_0017,00:35:29,00:35:36
no_throw_clip_1984,source_video_0017,00:35:37,00:35:44
no_throw_clip_1985,source_video_0017,00:35:45,00:35:52
no_throw_clip_1986,source_video_0017,00:35:53,00:36:00
no_throw_clip_1987,source_video_0017,00:36:01,00:36:08
no_throw_clip_1988,source_video_0017,00:36:09,00:36:16
no_throw_clip_1989,source_video_0017,00:36:17,00:36:24
no_throw_clip_1990,source_video_0017,00:36:25,00:36:32
no_throw_clip_1991,source_video_0017,00:36:33,00:36:40
no_throw_clip_1992,source_video_0017,00:37:00,00:37:07
no_throw_clip_1993,source_video_0017,00:37:08,00:37:15
no_throw_clip_1994,source_video_0017,00:37:16,00:37:23
no_throw_clip_1995,source_video_0017,00:37:24,00:37:31
no_throw_clip_1996,source_video_0017,00:37:32,00:37:39
no_throw_clip_1997,source_video_0017,00:37:40,00:37:47
no_throw_clip_1998,source_video_0017,00:37:48,00:37:55
no_throw_clip_1999,source_video_0017,00:37:56,00:38:03
no_throw_clip_2000,source_video_0017,00:38:04,00:38:11
no_throw_clip_2001,source_video_0017,00:38:23,00:38:30
no_throw_clip_2002,source_video_0017,00:38:31,00:38:38
no_throw_clip_2003,source_video_0017,00:38:39,00:38:46
no_throw_clip_2004,source_video_0017,00:38:47,00:38:54
no_throw_clip_2005,source_video_0017,00:38:55,00:39:02
no_throw_clip_2006,source_video_0017,00:39:03,00:39:10
no_throw_clip_2007,source_video_0017,00:39:11,00:39:18
no_throw_clip_2008,source_video_0017,00:39:19,00:39:26
no_throw_clip_2009,source_video_0017,00:39:27,00:39:34
no_throw_clip_2010,source_video_0017,00:39:35,00:39:42
no_throw_clip_2011,source_video_0017,00:39:43,00:39:50
no_throw_clip_2012,source_video_0017,00:39:51,00:39:58
no_throw_clip_2013,source_video_0017,00:39:59,00:40:06
no_throw_clip_2014,source_video_0017,00:40:07,00:40:14
no_throw_clip_2015,source_video_0017,00:40:15,00:40:22
no_throw_clip_2016,source_video_0017,00:40:23,00:40:30
no_throw_clip_2017,source_video_0017,00:40:31,00:40:38
no_throw_clip_2018,source_video_0017,00:40:39,00:40:46
no_throw_clip_2019,source_video_0017,00:40:47,00:40:54
no_throw_clip_2020,source_video_0017,00:40:55,00:41:02
no_throw_clip_2021,source_video_0017,00:41:03,00:41:10
no_throw_clip_2022,source_video_0017,00:41:11,00:41:18
no_throw_clip_2023,source_video_0017,00:41:19,00:41:26
no_throw_clip_2024,source_video_0017,00:41:27,00:41:34
no_throw_clip_2025,source_video_0017,00:41:35,00:41:42
no_throw_clip_2026,source_video_0017,00:41:43,00:41:50
no_throw_clip_2027,source_video_0017,00:41:51,00:41:58
no_throw_clip_2028,source_video_0017,00:41:59,00:42:06
no_throw_clip_2029,source_video_0017,00:42:07,00:42:14
no_throw_clip_2030,source_video_0017,00:42:15,00:42:22
no_throw_clip_2031,source_video_0017,00:42:23,00:42:30
no_throw_clip_2032,source_video_0017,00:42:31,00:42:38
no_throw_clip_2033,source_video_0017,00:42:39,00:42:46
no_throw_clip_2034,source_video_0017,00:42:47,00:42:54
no_throw_clip_2035,source_video_0017,00:42:55,00:43:02
no_throw_clip_2036,source_video_0017,00:43:03,00:43:10
no_throw_clip_2037,source_video_0017,00:43:11,00:43:18
no_throw_clip_2038,source_video_0017,00:43:19,00:43:26
no_throw_clip_2039,source_video_0017,00:43:27,00:43:34
no_throw_clip_2040,source_video_0017,00:43:35,00:43:42
no_throw_clip_2041,source_video_0017,00:43:43,00:43:50
no_throw_clip_2042,source_video_0017,00:43:51,00:43:58
no_throw_clip_2043,source_video_0017,00:43:59,00:44:06
no_throw_clip_2044,source_video_0017,00:44:07,00:44:14
no_throw_clip_2045,source_video_0017,00:44:15,00:44:22
no_throw_clip_2046,source_video_0017,00:44:23,00:44:30
no_throw_clip_2047,source_video_0017,00:44:31,00:44:38
no_throw_clip_2048,source_video_0018,00:00:00,00:00:07
no_throw_clip_2049,source_video_0018,00:00:08,00:00:15
no_throw_clip_2050,source_video_0018,00:00:16,00:00:23
no_throw_clip_2051,source_video_0018,00:00:24,00:00:31
no_throw_clip_2052,source_video_0018,00:00:32,00:00:39
no_throw_clip_2053,source_video_0018,00:00:40,00:00:47
no_throw_clip_2054,source_video_0018,00:00:48,00:00:55
no_throw_clip_2055,source_video_0018,00:00:56,00:01:03
no_throw_clip_2056,source_video_0018,00:01:04,00:01:11
no_throw_clip_2057,source_video_0018,00:01:25,00:01:32
no_throw_clip_2058,source_video_0018,00:01:49,00:01:56
no_throw_clip_2059,source_video_0018,00:01:57,00:02:04
no_throw_clip_2060,source_video_0018,00:02:05,00:02:12
no_throw_clip_2061,source_video_0018,00:02:25,00:02:32
no_throw_clip_2062,source_video_0018,00:02:33,00:02:40
no_throw_clip_2063,source_video_0018,00:02:41,00:02:48
no_throw_clip_2064,source_video_0018,00:03:07,00:03:14
no_throw_clip_2065,source_video_0018,00:03:15,00:03:22
no_throw_clip_2066,source_video_0018,00:03:36,00:03:43
no_throw_clip_2067,source_video_0018,00:03:44,00:03:51
no_throw_clip_2068,source_video_0018,00:03:52,00:03:59
no_throw_clip_2069,source_video_0018,00:04:00,00:04:07
no_throw_clip_2070,source_video_0018,00:04:08,00:04:15
no_throw_clip_2071,source_video_0018,00:04:16,00:04:23
no_throw_clip_2072,source_video_0018,00:04:24,00:04:31
no_throw_clip_2073,source_video_0018,00:04:50,00:04:57
no_throw_clip_2074,source_video_0018,00:04:58,00:05:05
no_throw_clip_2075,source_video_0018,00:05:06,00:05:13
no_throw_clip_2076,source_video_0018,00:05:42,00:05:49
no_throw_clip_2077,source_video_0018,00:05:50,00:05:57
no_throw_clip_2078,source_video_0018,00:05:58,00:06:05
no_throw_clip_2079,source_video_0018,00:06:06,00:06:13
no_throw_clip_2080,source_video_0018,00:06:14,00:06:21
no_throw_clip_2081,source_video_0018,00:06:35,00:06:42
no_throw_clip_2082,source_video_0018,00:06:43,00:06:50
no_throw_clip_2083,source_video_0018,00:07:08,00:07:15
no_throw_clip_2084,source_video_0018,00:07:16,00:07:23
no_throw_clip_2085,source_video_0018,00:07:24,00:07:31
no_throw_clip_2086,source_video_0018,00:07:32,00:07:39
no_throw_clip_2087,source_video_0018,00:07:40,00:07:47
no_throw_clip_2088,source_video_0018,00:07:48,00:07:55
no_throw_clip_2089,source_video_0018,00:08:14,00:08:21
no_throw_clip_2090,source_video_0018,00:08:22,00:08:29
no_throw_clip_2091,source_video_0018,00:08:30,00:08:37
no_throw_clip_2092,source_video_0018,00:08:38,00:08:45
no_throw_clip_2093,source_video_0018,00:09:00,00:09:07
no_throw_clip_2094,source_video_0018,00:09:08,00:09:15
no_throw_clip_2095,source_video_0018,00:09:16,00:09:23
no_throw_clip_2096,source_video_0018,00:09:24,00:09:31
no_throw_clip_2097,source_video_0018,00:09:50,00:09:57
no_throw_clip_2098,source_video_0018,00:09:58,00:10:05
no_throw_clip_2099,source_video_0018,00:10:21,00:10:28
no_throw_clip_2100,source_video_0018,00:10:29,00:10:36
no_throw_clip_2101,source_video_0018,00:10:37,00:10:44
no_throw_clip_2102,source_video_0018,00:10:59,00:11:06
no_throw_clip_2103,source_video_0018,00:11:21,00:11:28
no_throw_clip_2104,source_video_0018,00:11:29,00:11:36
no_throw_clip_2105,source_video_0018,00:11:52,00:11:59
no_throw_clip_2106,source_video_0018,00:12:00,00:12:07
no_throw_clip_2107,source_video_0018,00:12:08,00:12:15
no_throw_clip_2108,source_video_0018,00:12:16,00:12:23
no_throw_clip_2109,source_video_0018,00:12:24,00:12:31
no_throw_clip_2110,source_video_0018,00:12:32,00:12:39
no_throw_clip_2111,source_video_0018,00:12:40,00:12:47
no_throw_clip_2112,source_video_0018,00:12:48,00:12:55
no_throw_clip_2113,source_video_0018,00:13:07,00:13:14
no_throw_clip_2114,source_video_0018,00:13:15,00:13:22
no_throw_clip_2115,source_video_0018,00:13:23,00:13:30
no_throw_clip_2116,source_video_0018,00:13:31,00:13:38
no_throw_clip_2117,source_video_0018,00:13:39,00:13:46
no_throw_clip_2118,source_video_0018,00:13:58,00:14:05
no_throw_clip_2119,source_video_0018,00:14:06,00:14:13
no_throw_clip_2120,source_video_0018,00:14:31,00:14:38
no_throw_clip_2121,source_video_0018,00:14:39,00:14:46
no_throw_clip_2122,source_video_0018,00:14:47,00:14:54
no_throw_clip_2123,source_video_0018,00:14:55,00:15:02
no_throw_clip_2124,source_video_0018,00:15:03,00:15:10
no_throw_clip_2125,source_video_0018,00:15:11,00:15:18
no_throw_clip_2126,source_video_0018,00:15:19,00:15:26
no_throw_clip_2127,source_video_0018,00:15:27,00:15:34
no_throw_clip_2128,source_video_0018,00:15:50,00:15:57
no_throw_clip_2129,source_video_0018,00:15:58,00:16:05
no_throw_clip_2130,source_video_0018,00:16:17,00:16:24
no_throw_clip_2131,source_video_0018,00:16:25,00:16:32
no_throw_clip_2132,source_video_0018,00:16:33,00:16:40
no_throw_clip_2133,source_video_0018,00:16:41,00:16:48
no_throw_clip_2134,source_video_0018,00:16:49,00:16:56
no_throw_clip_2135,source_video_0018,00:16:57,00:17:04
no_throw_clip_2136,source_video_0018,00:17:05,00:17:12
no_throw_clip_2137,source_video_0018,00:17:13,00:17:20
no_throw_clip_2138,source_video_0018,00:17:41,00:17:48
no_throw_clip_2139,source_video_0018,00:18:08,00:18:15
no_throw_clip_2140,source_video_0018,00:18:16,00:18:23
no_throw_clip_2141,source_video_0018,00:18:24,00:18:31
no_throw_clip_2142,source_video_0018,00:18:32,00:18:39
no_throw_clip_2143,source_video_0018,00:18:40,00:18:47
no_throw_clip_2144,source_video_0018,00:18:48,00:18:55
no_throw_clip_2145,source_video_0018,00:18:56,00:19:03
no_throw_clip_2146,source_video_0018,00:19:04,00:19:11
no_throw_clip_2147,source_video_0018,00:19:12,00:19:19
no_throw_clip_2148,source_video_0018,00:19:34,00:19:41
no_throw_clip_2149,source_video_0018,00:19:42,00:19:49
no_throw_clip_2150,source_video_0018,00:19:50,00:19:57
no_throw_clip_2151,source_video_0018,00:19:58,00:20:05
no_throw_clip_2152,source_video_0018,00:20:06,00:20:13
no_throw_clip_2153,source_video_0018,00:20:14,00:20:21
no_throw_clip_2154,source_video_0018,00:20:22,00:20:29
no_throw_clip_2155,source_video_0018,00:21:03,00:21:10
no_throw_clip_2156,source_video_0018,00:21:11,00:21:18
no_throw_clip_2157,source_video_0018,00:21:19,00:21:26
no_throw_clip_2158,source_video_0018,00:21:27,00:21:34
no_throw_clip_2159,source_video_0018,00:21:35,00:21:42
no_throw_clip_2160,source_video_0018,00:21:43,00:21:50
no_throw_clip_2161,source_video_0018,00:22:02,00:22:09
no_throw_clip_2162,source_video_0018,00:22:10,00:22:17
no_throw_clip_2163,source_video_0018,00:22:18,00:22:25
no_throw_clip_2164,source_video_0018,00:22:26,00:22:33
no_throw_clip_2165,source_video_0018,00:22:52,00:22:59
no_throw_clip_2166,source_video_0018,00:23:00,00:23:07
no_throw_clip_2167,source_video_0018,00:23:08,00:23:15
no_throw_clip_2168,source_video_0018,00:23:16,00:23:23
no_throw_clip_2169,source_video_0018,00:23:42,00:23:49
no_throw_clip_2170,source_video_0018,00:23:50,00:23:57
no_throw_clip_2171,source_video_0018,00:23:58,00:24:05
no_throw_clip_2172,source_video_0018,00:24:22,00:24:29
no_throw_clip_2173,source_video_0018,00:24:30,00:24:37
no_throw_clip_2174,source_video_0018,00:24:38,00:24:45
no_throw_clip_2175,source_video_0018,00:24:46,00:24:53
no_throw_clip_2176,source_video_0018,00:24:54,00:25:01
no_throw_clip_2177,source_video_0018,00:25:16,00:25:23
no_throw_clip_2178,source_video_0018,00:25:24,00:25:31
no_throw_clip_2179,source_video_0018,00:26:02,00:26:09
no_throw_clip_2180,source_video_0018,00:26:41,00:26:48
no_throw_clip_2181,source_video_0018,00:26:49,00:26:56
no_throw_clip_2182,source_video_0018,00:26:57,00:27:04
no_throw_clip_2183,source_video_0018,00:27:05,00:27:12
no_throw_clip_2184,source_video_0018,00:27:13,00:27:20
no_throw_clip_2185,source_video_0018,00:27:39,00:27:46
no_throw_clip_2186,source_video_0018,00:27:47,00:27:54
no_throw_clip_2187,source_video_0018,00:28:26,00:28:33
no_throw_clip_2188,source_video_0018,00:28:34,00:28:41
no_throw_clip_2189,source_video_0018,00:28:42,00:28:49
no_throw_clip_2190,source_video_0018,00:29:18,00:29:25
no_throw_clip_2191,source_video_0018,00:29:39,00:29:46
no_throw_clip_2192,source_video_0018,00:30:05,00:30:12
no_throw_clip_2193,source_video_0018,00:30:13,00:30:20
no_throw_clip_2194,source_video_0018,00:30:21,00:30:28
no_throw_clip_2195,source_video_0018,00:30:29,00:30:36
no_throw_clip_2196,source_video_0018,00:30:37,00:30:44
no_throw_clip_2197,source_video_0018,00:30:56,00:31:03
no_throw_clip_2198,source_video_0018,00:31:04,00:31:11
no_throw_clip_2199,source_video_0018,00:31:23,00:31:30
no_throw_clip_2200,source_video_0018,00:31:57,00:32:04
no_throw_clip_2201,source_video_0018,00:32:36,00:32:43
no_throw_clip_2202,source_video_0018,00:32:58,00:33:05
no_throw_clip_2203,source_video_0018,00:33:06,00:33:13
no_throw_clip_2204,source_video_0018,00:33:14,00:33:21
no_throw_clip_2205,source_video_0018,00:33:22,00:33:29
no_throw_clip_2206,source_video_0018,00:33:59,00:34:06
no_throw_clip_2207,source_video_0018,00:34:07,00:34:14
no_throw_clip_2208,source_video_0018,00:34:15,00:34:22
no_throw_clip_2209,source_video_0018,00:34:38,00:34:45
no_throw_clip_2210,source_video_0018,00:35:10,00:35:17
no_throw_clip_2211,source_video_0018,00:35:18,00:35:25
no_throw_clip_2212,source_video_0018,00:35:26,00:35:33
no_throw_clip_2213,source_video_0018,00:35:34,00:35:41
no_throw_clip_2214,source_video_0018,00:35:42,00:35:49
no_throw_clip_2215,source_video_0018,00:35:50,00:35:57
no_throw_clip_2216,source_video_0018,00:35:58,00:36:05
no_throw_clip_2217,source_video_0018,00:36:33,00:36:40
no_throw_clip_2218,source_video_0018,00:36:59,00:37:06
no_throw_clip_2219,source_video_0018,00:37:07,00:37:14
no_throw_clip_2220,source_video_0018,00:37:15,00:37:22
no_throw_clip_2221,source_video_0018,00:37:39,00:37:46
no_throw_clip_2222,source_video_0018,00:37:47,00:37:54
no_throw_clip_2223,source_video_0018,00:37:55,00:38:02
no_throw_clip_2224,source_video_0018,00:38:14,00:38:21
no_throw_clip_2225,source_video_0018,00:38:22,00:38:29
no_throw_clip_2226,source_video_0018,00:38:30,00:38:37
no_throw_clip_2227,source_video_0018,00:38:38,00:38:45
no_throw_clip_2228,source_video_0018,00:38:46,00:38:53
no_throw_clip_2229,source_video_0018,00:38:54,00:39:01
no_throw_clip_2230,source_video_0018,00:39:02,00:39:09
no_throw_clip_2231,source_video_0018,00:39:10,00:39:17
no_throw_clip_2232,source_video_0018,00:39:18,00:39:25
no_throw_clip_2233,source_video_0018,00:39:41,00:39:48
no_throw_clip_2234,source_video_0018,00:39:49,00:39:56
no_throw_clip_2235,source_video_0018,00:40:11,00:40:18
no_throw_clip_2236,source_video_0018,00:40:39,00:40:46
no_throw_clip_2237,source_video_0018,00:40:47,00:40:54
no_throw_clip_2238,source_video_0018,00:41:08,00:41:15
no_throw_clip_2239,source_video_0018,00:41:47,00:41:54
no_throw_clip_2240,source_video_0018,00:42:10,00:42:17
no_throw_clip_2241,source_video_0018,00:42:18,00:42:25
no_throw_clip_2242,source_video_0018,00:42:26,00:42:33
no_throw_clip_2243,source_video_0018,00:42:34,00:42:41
no_throw_clip_2244,source_video_0018,00:42:42,00:42:49
no_throw_clip_2245,source_video_0018,00:42:50,00:42:57
no_throw_clip_2246,source_video_0018,00:42:58,00:43:05
no_throw_clip_2247,source_video_0018,00:43:06,00:43:13
no_throw_clip_2248,source_video_0018,00:43:14,00:43:21
no_throw_clip_2249,source_video_0018,00:43:22,00:43:29
no_throw_clip_2250,source_video_0018,00:43:30,00:43:37
no_throw_clip_2251,source_video_0018,00:43:38,00:43:45
no_throw_clip_2252,source_video_0018,00:43:46,00:43:53
no_throw_clip_2253,source_video_0018,00:43:54,00:44:01
no_throw_clip_2254,source_video_0018,00:44:02,00:44:09
no_throw_clip_2255,source_video_0018,00:44:10,00:44:17
no_throw_clip_2256,source_video_0018,00:44:34,00:44:41
no_throw_clip_2257,source_video_0018,00:44:57,00:45:04
no_throw_clip_2258,source_video_0018,00:45:05,00:45:12
no_throw_clip_2259,source_video_0018,00:45:13,00:45:20
no_throw_clip_2260,source_video_0018,00:45:21,00:45:28
no_throw_clip_2261,source_video_0018,00:45:42,00:45:49
no_throw_clip_2262,source_video_0018,00:45:50,00:45:57
no_throw_clip_2263,source_video_0018,00:46:16,00:46:23
no_throw_clip_2264,source_video_0018,00:46:24,00:46:31
no_throw_clip_2265,source_video_0018,00:46:32,00:46:39
no_throw_clip_2266,source_video_0018,00:46:40,00:46:47
no_throw_clip_2267,source_video_0018,00:47:13,00:47:20
no_throw_clip_2268,source_video_0018,00:47:21,00:47:28
no_throw_clip_2269,source_video_0018,00:47:41,00:47:48
no_throw_clip_2270,source_video_0018,00:47:49,00:47:56
no_throw_clip_2271,source_video_0018,00:47:57,00:48:04
no_throw_clip_2272,source_video_0019,00:00:00,00:00:07
no_throw_clip_2273,source_video_0019,00:00:08,00:00:15
no_throw_clip_2274,source_video_0019,00:00:16,00:00:23
no_throw_clip_2275,source_video_0019,00:00:24,00:00:31
no_throw_clip_2276,source_video_0019,00:00:48,00:00:55
no_throw_clip_2277,source_video_0019,00:00:56,00:01:03
no_throw_clip_2278,source_video_0019,00:01:04,00:01:11
no_throw_clip_2279,source_video_0019,00:01:26,00:01:33
no_throw_clip_2280,source_video_0019,00:01:51,00:01:58
no_throw_clip_2281,source_video_0019,00:02:17,00:02:24
no_throw_clip_2282,source_video_0019,00:02:25,00:02:32
no_throw_clip_2283,source_video_0019,00:02:47,00:02:54
no_throw_clip_2284,source_video_0019,00:02:55,00:03:02
no_throw_clip_2285,source_video_0019,00:03:03,00:03:10
no_throw_clip_2286,source_video_0019,00:03:11,00:03:18
no_throw_clip_2287,source_video_0019,00:03:19,00:03:26
no_throw_clip_2288,source_video_0019,00:03:27,00:03:34
no_throw_clip_2289,source_video_0019,00:03:35,00:03:42
no_throw_clip_2290,source_video_0019,00:03:43,00:03:50
no_throw_clip_2291,source_video_0019,00:03:51,00:03:58
no_throw_clip_2292,source_video_0019,00:03:59,00:04:06
no_throw_clip_2293,source_video_0019,00:04:07,00:04:14
no_throw_clip_2294,source_video_0019,00:04:15,00:04:22
no_throw_clip_2295,source_video_0019,00:04:23,00:04:30
no_throw_clip_2296,source_video_0019,00:04:31,00:04:38
no_throw_clip_2297,source_video_0019,00:04:39,00:04:46
no_throw_clip_2298,source_video_0019,00:04:47,00:04:54
no_throw_clip_2299,source_video_0019,00:04:55,00:05:02
no_throw_clip_2300,source_video_0019,00:05:03,00:05:10
no_throw_clip_2301,source_video_0019,00:05:11,00:05:18
no_throw_clip_2302,source_video_0019,00:05:38,00:05:45
no_throw_clip_2303,source_video_0019,00:05:46,00:05:53
no_throw_clip_2304,source_video_0019,00:05:54,00:06:01
no_throw_clip_2305,source_video_0019,00:06:02,00:06:09
no_throw_clip_2306,source_video_0019,00:06:10,00:06:17
no_throw_clip_2307,source_video_0019,00:06:18,00:06:25
no_throw_clip_2308,source_video_0019,00:06:26,00:06:33
no_throw_clip_2309,source_video_0019,00:06:34,00:06:41
no_throw_clip_2310,source_video_0019,00:06:42,00:06:49
no_throw_clip_2311,source_video_0019,00:06:50,00:06:57
no_throw_clip_2312,source_video_0019,00:07:13,00:07:20
no_throw_clip_2313,source_video_0019,00:07:39,00:07:46
no_throw_clip_2314,source_video_0019,00:07:47,00:07:54
no_throw_clip_2315,source_video_0019,00:07:55,00:08:02
no_throw_clip_2316,source_video_0019,00:08:03,00:08:10
no_throw_clip_2317,source_video_0019,00:08:11,00:08:18
no_throw_clip_2318,source_video_0019,00:08:19,00:08:26
no_throw_clip_2319,source_video_0019,00:08:27,00:08:34
no_throw_clip_2320,source_video_0019,00:08:35,00:08:42
no_throw_clip_2321,source_video_0019,00:08:43,00:08:50
no_throw_clip_2322,source_video_0019,00:08:51,00:08:58
no_throw_clip_2323,source_video_0019,00:08:59,00:09:06
no_throw_clip_2324,source_video_0019,00:09:19,00:09:26
no_throw_clip_2325,source_video_0019,00:09:27,00:09:34
no_throw_clip_2326,source_video_0019,00:09:35,00:09:42
no_throw_clip_2327,source_video_0019,00:09:43,00:09:50
no_throw_clip_2328,source_video_0019,00:09:51,00:09:58
no_throw_clip_2329,source_video_0019,00:10:16,00:10:23
no_throw_clip_2330,source_video_0019,00:10:24,00:10:31
no_throw_clip_2331,source_video_0019,00:10:32,00:10:39
no_throw_clip_2332,source_video_0019,00:10:40,00:10:47
no_throw_clip_2333,source_video_0019,00:10:48,00:10:55
no_throw_clip_2334,source_video_0019,00:10:56,00:11:03
no_throw_clip_2335,source_video_0019,00:11:04,00:11:11
no_throw_clip_2336,source_video_0019,00:11:12,00:11:19
no_throw_clip_2337,source_video_0019,00:11:20,00:11:27
no_throw_clip_2338,source_video_0019,00:11:28,00:11:35
no_throw_clip_2339,source_video_0019,00:11:36,00:11:43
no_throw_clip_2340,source_video_0019,00:11:44,00:11:51
no_throw_clip_2341,source_video_0019,00:12:08,00:12:15
no_throw_clip_2342,source_video_0019,00:12:16,00:12:23
no_throw_clip_2343,source_video_0019,00:12:24,00:12:31
no_throw_clip_2344,source_video_0019,00:12:32,00:12:39
no_throw_clip_2345,source_video_0019,00:12:40,00:12:47
no_throw_clip_2346,source_video_0019,00:12:48,00:12:55
no_throw_clip_2347,source_video_0019,00:12:56,00:13:03
no_throw_clip_2348,source_video_0019,00:13:04,00:13:11
no_throw_clip_2349,source_video_0019,00:13:12,00:13:19
no_throw_clip_2350,source_video_0019,00:13:20,00:13:27
no_throw_clip_2351,source_video_0019,00:13:28,00:13:35
no_throw_clip_2352,source_video_0019,00:13:36,00:13:43
no_throw_clip_2353,source_video_0019,00:13:44,00:13:51
no_throw_clip_2354,source_video_0019,00:13:52,00:13:59
no_throw_clip_2355,source_video_0019,00:14:00,00:14:07
no_throw_clip_2356,source_video_0019,00:14:08,00:14:15
no_throw_clip_2357,source_video_0019,00:14:16,00:14:23
no_throw_clip_2358,source_video_0019,00:14:24,00:14:31
no_throw_clip_2359,source_video_0019,00:14:32,00:14:39
no_throw_clip_2360,source_video_0019,00:14:57,00:15:04
no_throw_clip_2361,source_video_0019,00:15:05,00:15:12
no_throw_clip_2362,source_video_0019,00:15:13,00:15:20
no_throw_clip_2363,source_video_0019,00:15:21,00:15:28
no_throw_clip_2364,source_video_0019,00:15:29,00:15:36
no_throw_clip_2365,source_video_0019,00:16:00,00:16:07
no_throw_clip_2366,source_video_0019,00:16:08,00:16:15
no_throw_clip_2367,source_video_0019,00:16:16,00:16:23
no_throw_clip_2368,source_video_0019,00:16:24,00:16:31
no_throw_clip_2369,source_video_0019,00:16:32,00:16:39
no_throw_clip_2370,source_video_0019,00:16:40,00:16:47
no_throw_clip_2371,source_video_0019,00:16:48,00:16:55
no_throw_clip_2372,source_video_0019,00:16:56,00:17:03
no_throw_clip_2373,source_video_0019,00:17:04,00:17:11
no_throw_clip_2374,source_video_0019,00:17:12,00:17:19
no_throw_clip_2375,source_video_0019,00:17:36,00:17:43
no_throw_clip_2376,source_video_0019,00:17:44,00:17:51
no_throw_clip_2377,source_video_0019,00:17:52,00:17:59
no_throw_clip_2378,source_video_0019,00:18:00,00:18:07
no_throw_clip_2379,source_video_0019,00:18:25,00:18:32
no_throw_clip_2380,source_video_0019,00:18:33,00:18:40
no_throw_clip_2381,source_video_0019,00:18:41,00:18:48
no_throw_clip_2382,source_video_0019,00:18:49,00:18:56
no_throw_clip_2383,source_video_0019,00:18:57,00:19:04
no_throw_clip_2384,source_video_0019,00:19:05,00:19:12
no_throw_clip_2385,source_video_0019,00:19:13,00:19:20
no_throw_clip_2386,source_video_0019,00:19:21,00:19:28
no_throw_clip_2387,source_video_0019,00:19:29,00:19:36
no_throw_clip_2388,source_video_0019,00:19:52,00:19:59
no_throw_clip_2389,source_video_0019,00:20:17,00:20:24
no_throw_clip_2390,source_video_0019,00:20:43,00:20:50
no_throw_clip_2391,source_video_0019,00:20:51,00:20:58
no_throw_clip_2392,source_video_0019,00:20:59,00:21:06
no_throw_clip_2393,source_video_0019,00:21:07,00:21:14
no_throw_clip_2394,source_video_0019,00:21:15,00:21:22
no_throw_clip_2395,source_video_0019,00:21:23,00:21:30
no_throw_clip_2396,source_video_0019,00:21:31,00:21:38
no_throw_clip_2397,source_video_0019,00:21:39,00:21:46
no_throw_clip_2398,source_video_0019,00:21:47,00:21:54
no_throw_clip_2399,source_video_0019,00:21:55,00:22:02
no_throw_clip_2400,source_video_0019,00:22:03,00:22:10
no_throw_clip_2401,source_video_0019,00:22:24,00:22:31
no_throw_clip_2402,source_video_0019,00:22:44,00:22:51
no_throw_clip_2403,source_video_0019,00:23:04,00:23:11
no_throw_clip_2404,source_video_0019,00:23:12,00:23:19
no_throw_clip_2405,source_video_0019,00:23:20,00:23:27
no_throw_clip_2406,source_video_0019,00:23:28,00:23:35
no_throw_clip_2407,source_video_0019,00:23:36,00:23:43
no_throw_clip_2408,source_video_0019,00:23:44,00:23:51
no_throw_clip_2409,source_video_0019,00:23:52,00:23:59
no_throw_clip_2410,source_video_0019,00:24:00,00:24:07
no_throw_clip_2411,source_video_0019,00:24:08,00:24:15
no_throw_clip_2412,source_video_0019,00:24:29,00:24:36
no_throw_clip_2413,source_video_0019,00:24:37,00:24:44
no_throw_clip_2414,source_video_0019,00:24:45,00:24:52
no_throw_clip_2415,source_video_0019,00:24:53,00:25:00
no_throw_clip_2416,source_video_0019,00:25:01,00:25:08
no_throw_clip_2417,source_video_0019,00:25:09,00:25:16
no_throw_clip_2418,source_video_0019,00:25:44,00:25:51
no_throw_clip_2419,source_video_0019,00:25:52,00:25:59
no_throw_clip_2420,source_video_0019,00:26:00,00:26:07
no_throw_clip_2421,source_video_0019,00:26:08,00:26:15
no_throw_clip_2422,source_video_0019,00:26:16,00:26:23
no_throw_clip_2423,source_video_0019,00:26:24,00:26:31
no_throw_clip_2424,source_video_0019,00:26:32,00:26:39
no_throw_clip_2425,source_video_0019,00:26:40,00:26:47
no_throw_clip_2426,source_video_0019,00:26:48,00:26:55
no_throw_clip_2427,source_video_0019,00:27:07,00:27:14
no_throw_clip_2428,source_video_0019,00:27:15,00:27:22
no_throw_clip_2429,source_video_0019,00:27:23,00:27:30
no_throw_clip_2430,source_video_0019,00:27:31,00:27:38
no_throw_clip_2431,source_video_0019,00:27:39,00:27:46
no_throw_clip_2432,source_video_0019,00:28:03,00:28:10
no_throw_clip_2433,source_video_0019,00:28:11,00:28:18
no_throw_clip_2434,source_video_0019,00:28:19,00:28:26
no_throw_clip_2435,source_video_0019,00:28:27,00:28:34
no_throw_clip_2436,source_video_0019,00:28:35,00:28:42
no_throw_clip_2437,source_video_0019,00:28:56,00:29:03
no_throw_clip_2438,source_video_0019,00:29:04,00:29:11
no_throw_clip_2439,source_video_0019,00:29:12,00:29:19
no_throw_clip_2440,source_video_0019,00:29:20,00:29:27
no_throw_clip_2441,source_video_0019,00:29:28,00:29:35
no_throw_clip_2442,source_video_0019,00:29:36,00:29:43
no_throw_clip_2443,source_video_0019,00:29:44,00:29:51
no_throw_clip_2444,source_video_0019,00:30:24,00:30:31
no_throw_clip_2445,source_video_0019,00:30:43,00:30:50
no_throw_clip_2446,source_video_0019,00:31:39,00:31:46
no_throw_clip_2447,source_video_0019,00:32:31,00:32:38
no_throw_clip_2448,source_video_0019,00:32:55,00:33:02
no_throw_clip_2449,source_video_0019,00:33:03,00:33:10
no_throw_clip_2450,source_video_0019,00:33:22,00:33:29
no_throw_clip_2451,source_video_0019,00:33:30,00:33:37
no_throw_clip_2452,source_video_0019,00:33:50,00:33:57
no_throw_clip_2453,source_video_0019,00:34:28,00:34:35
no_throw_clip_2454,source_video_0019,00:34:49,00:34:56
no_throw_clip_2455,source_video_0019,00:34:57,00:35:04
no_throw_clip_2456,source_video_0019,00:35:05,00:35:12
no_throw_clip_2457,source_video_0019,00:35:13,00:35:20
no_throw_clip_2458,source_video_0019,00:35:21,00:35:28
no_throw_clip_2459,source_video_0019,00:35:29,00:35:36
no_throw_clip_2460,source_video_0019,00:35:37,00:35:44
no_throw_clip_2461,source_video_0019,00:35:59,00:36:06
no_throw_clip_2462,source_video_0019,00:36:48,00:36:55
no_throw_clip_2463,source_video_0019,00:36:56,00:37:03
no_throw_clip_2464,source_video_0019,00:37:04,00:37:11
no_throw_clip_2465,source_video_0019,00:37:12,00:37:19
no_throw_clip_2466,source_video_0019,00:37:20,00:37:27
no_throw_clip_2467,source_video_0019,00:37:45,00:37:52
no_throw_clip_2468,source_video_0019,00:37:53,00:38:00
no_throw_clip_2469,source_video_0019,00:38:01,00:38:08
no_throw_clip_2470,source_video_0019,00:38:09,00:38:16
no_throw_clip_2471,source_video_0019,00:38:17,00:38:24
no_throw_clip_2472,source_video_0019,00:38:25,00:38:32
no_throw_clip_2473,source_video_0019,00:38:33,00:38:40
no_throw_clip_2474,source_video_0019,00:38:41,00:38:48
no_throw_clip_2475,source_video_0019,00:38:49,00:38:56
no_throw_clip_2476,source_video_0019,00:39:08,00:39:15
no_throw_clip_2477,source_video_0019,00:39:29,00:39:36
no_throw_clip_2478,source_video_0019,00:39:58,00:40:05
no_throw_clip_2479,source_video_0019,00:40:06,00:40:13
no_throw_clip_2480,source_video_0019,00:40:27,00:40:34
no_throw_clip_2481,source_video_0019,00:40:35,00:40:42
no_throw_clip_2482,source_video_0019,00:41:16,00:41:23
no_throw_clip_2483,source_video_0019,00:41:24,00:41:31
no_throw_clip_2484,source_video_0019,00:41:51,00:41:58
no_throw_clip_2485,source_video_0019,00:41:59,00:42:06
no_throw_clip_2486,source_video_0019,00:42:07,00:42:14
no_throw_clip_2487,source_video_0019,00:42:15,00:42:22
no_throw_clip_2488,source_video_0019,00:42:23,00:42:30
no_throw_clip_2489,source_video_0019,00:42:44,00:42:51
no_throw_clip_2490,source_video_0019,00:42:52,00:42:59
no_throw_clip_2491,source_video_0019,00:43:00,00:43:07
no_throw_clip_2492,source_video_0019,00:43:08,00:43:15
no_throw_clip_2493,source_video_0019,00:43:34,00:43:41
no_throw_clip_2494,source_video_0019,00:43:42,00:43:49
no_throw_clip_2495,source_video_0019,00:43:50,00:43:57
no_throw_clip_2496,source_video_0019,00:43:58,00:44:05
no_throw_clip_2497,source_video_0019,00:44:40,00:44:47
no_throw_clip_2498,source_video_0019,00:44:48,00:44:55
no_throw_clip_2499,source_video_0019,00:44:56,00:45:03
no_throw_clip_2500,source_video_0019,00:45:04,00:45:11
no_throw_clip_2501,source_video_0019,00:45:12,00:45:19
no_throw_clip_2502,source_video_0019,00:45:20,00:45:27
no_throw_clip_2503,source_video_0019,00:45:28,00:45:35
no_throw_clip_2504,source_video_0019,00:45:36,00:45:43
no_throw_clip_2505,source_video_0019,00:45:44,00:45:51
no_throw_clip_2506,source_video_0019,00:45:52,00:45:59
no_throw_clip_2507,source_video_0019,00:46:00,00:46:07
no_throw_clip_2508,source_video_0019,00:46:08,00:46:15
no_throw_clip_2509,source_video_0020,00:00:00,00:00:07
no_throw_clip_2510,source_video_0020,00:00:08,00:00:15
no_throw_clip_2511,source_video_0020,00:00:16,00:00:23
no_throw_clip_2512,source_video_0020,00:00:24,00:00:31
no_throw_clip_2513,source_video_0020,00:00:32,00:00:39
no_throw_clip_2514,source_video_0020,00:00:40,00:00:47
no_throw_clip_2515,source_video_0020,00:00:48,00:00:55
no_throw_clip_2516,source_video_0020,00:00:56,00:01:03
no_throw_clip_2517,source_video_0020,00:01:04,00:01:11
no_throw_clip_2518,source_video_0020,00:01:12,00:01:19
no_throw_clip_2519,source_video_0020,00:01:20,00:01:27
no_throw_clip_2520,source_video_0020,00:01:28,00:01:35
no_throw_clip_2521,source_video_0020,00:01:36,00:01:43
no_throw_clip_2522,source_video_0020,00:01:44,00:01:51
no_throw_clip_2523,source_video_0020,00:01:52,00:01:59
no_throw_clip_2524,source_video_0020,00:02:18,00:02:25
no_throw_clip_2525,source_video_0020,00:02:26,00:02:33
no_throw_clip_2526,source_video_0020,00:02:34,00:02:41
no_throw_clip_2527,source_video_0020,00:02:42,00:02:49
no_throw_clip_2528,source_video_0020,00:02:50,00:02:57
no_throw_clip_2529,source_video_0020,00:02:58,00:03:05
no_throw_clip_2530,source_video_0020,00:03:17,00:03:24
no_throw_clip_2531,source_video_0020,00:03:25,00:03:32
no_throw_clip_2532,source_video_0020,00:03:33,00:03:40
no_throw_clip_2533,source_video_0020,00:03:41,00:03:48
no_throw_clip_2534,source_video_0020,00:03:49,00:03:56
no_throw_clip_2535,source_video_0020,00:03:57,00:04:04
no_throw_clip_2536,source_video_0020,00:04:05,00:04:12
no_throw_clip_2537,source_video_0020,00:04:13,00:04:20
no_throw_clip_2538,source_video_0020,00:04:38,00:04:45
no_throw_clip_2539,source_video_0020,00:04:46,00:04:53
no_throw_clip_2540,source_video_0020,00:04:54,00:05:01
no_throw_clip_2541,source_video_0020,00:05:15,00:05:22
no_throw_clip_2542,source_video_0020,00:05:23,00:05:30
no_throw_clip_2543,source_video_0020,00:05:31,00:05:38
no_throw_clip_2544,source_video_0020,00:05:39,00:05:46
no_throw_clip_2545,source_video_0020,00:05:47,00:05:54
no_throw_clip_2546,source_video_0020,00:06:27,00:06:34
no_throw_clip_2547,source_video_0020,00:06:35,00:06:42
no_throw_clip_2548,source_video_0020,00:07:03,00:07:10
no_throw_clip_2549,source_video_0020,00:07:32,00:07:39
no_throw_clip_2550,source_video_0020,00:07:40,00:07:47
no_throw_clip_2551,source_video_0020,00:07:48,00:07:55
no_throw_clip_2552,source_video_0020,00:07:56,00:08:03
no_throw_clip_2553,source_video_0020,00:08:04,00:08:11
no_throw_clip_2554,source_video_0020,00:08:12,00:08:19
no_throw_clip_2555,source_video_0020,00:08:20,00:08:27
no_throw_clip_2556,source_video_0020,00:08:28,00:08:35
no_throw_clip_2557,source_video_0020,00:08:36,00:08:43
no_throw_clip_2558,source_video_0020,00:08:44,00:08:51
no_throw_clip_2559,source_video_0020,00:08:52,00:08:59
no_throw_clip_2560,source_video_0020,00:09:00,00:09:07
no_throw_clip_2561,source_video_0020,00:09:08,00:09:15
no_throw_clip_2562,source_video_0020,00:09:16,00:09:23
no_throw_clip_2563,source_video_0020,00:09:24,00:09:31
no_throw_clip_2564,source_video_0020,00:09:32,00:09:39
no_throw_clip_2565,source_video_0020,00:09:40,00:09:47
no_throw_clip_2566,source_video_0020,00:10:06,00:10:13
no_throw_clip_2567,source_video_0020,00:10:30,00:10:37
no_throw_clip_2568,source_video_0020,00:10:38,00:10:45
no_throw_clip_2569,source_video_0020,00:10:46,00:10:53
no_throw_clip_2570,source_video_0020,00:11:09,00:11:16
no_throw_clip_2571,source_video_0020,00:11:17,00:11:24
no_throw_clip_2572,source_video_0020,00:11:49,00:11:56
no_throw_clip_2573,source_video_0020,00:11:57,00:12:04
no_throw_clip_2574,source_video_0020,00:12:05,00:12:12
no_throw_clip_2575,source_video_0020,00:12:13,00:12:20
no_throw_clip_2576,source_video_0020,00:12:21,00:12:28
no_throw_clip_2577,source_video_0020,00:12:29,00:12:36
no_throw_clip_2578,source_video_0020,00:12:37,00:12:44
no_throw_clip_2579,source_video_0020,00:12:45,00:12:52
no_throw_clip_2580,source_video_0020,00:12:53,00:13:00
no_throw_clip_2581,source_video_0020,00:13:01,00:13:08
no_throw_clip_2582,source_video_0020,00:13:09,00:13:16
no_throw_clip_2583,source_video_0020,00:13:30,00:13:37
no_throw_clip_2584,source_video_0020,00:13:38,00:13:45
no_throw_clip_2585,source_video_0020,00:13:46,00:13:53
no_throw_clip_2586,source_video_0020,00:13:54,00:14:01
no_throw_clip_2587,source_video_0020,00:14:17,00:14:24
no_throw_clip_2588,source_video_0020,00:15:18,00:15:25
no_throw_clip_2589,source_video_0020,00:15:26,00:15:33
no_throw_clip_2590,source_video_0020,00:15:34,00:15:41
no_throw_clip_2591,source_video_0020,00:15:42,00:15:49
no_throw_clip_2592,source_video_0020,00:15:50,00:15:57
no_throw_clip_2593,source_video_0020,00:15:58,00:16:05
no_throw_clip_2594,source_video_0020,00:16:06,00:16:13
no_throw_clip_2595,source_video_0020,00:16:14,00:16:21
no_throw_clip_2596,source_video_0020,00:16:22,00:16:29
no_throw_clip_2597,source_video_0020,00:16:30,00:16:37
no_throw_clip_2598,source_video_0020,00:16:38,00:16:45
no_throw_clip_2599,source_video_0020,00:16:46,00:16:53
no_throw_clip_2600,source_video_0020,00:16:54,00:17:01
no_throw_clip_2601,source_video_0020,00:17:02,00:17:09
no_throw_clip_2602,source_video_0020,00:17:10,00:17:17
no_throw_clip_2603,source_video_0020,00:17:30,00:17:37
no_throw_clip_2604,source_video_0020,00:17:38,00:17:45
no_throw_clip_2605,source_video_0020,00:17:58,00:18:05
no_throw_clip_2606,source_video_0020,00:18:06,00:18:13
no_throw_clip_2607,source_video_0020,00:18:14,00:18:21
no_throw_clip_2608,source_video_0020,00:18:45,00:18:52
no_throw_clip_2609,source_video_0020,00:18:53,00:19:00
no_throw_clip_2610,source_video_0020,00:19:01,00:19:08
no_throw_clip_2611,source_video_0020,00:19:26,00:19:33
no_throw_clip_2612,source_video_0020,00:19:34,00:19:41
no_throw_clip_2613,source_video_0020,00:19:42,00:19:49
no_throw_clip_2614,source_video_0020,00:19:50,00:19:57
no_throw_clip_2615,source_video_0020,00:19:58,00:20:05
no_throw_clip_2616,source_video_0020,00:20:22,00:20:29
no_throw_clip_2617,source_video_0020,00:20:30,00:20:37
no_throw_clip_2618,source_video_0020,00:20:38,00:20:45
no_throw_clip_2619,source_video_0020,00:20:46,00:20:53
no_throw_clip_2620,source_video_0020,00:21:11,00:21:18
no_throw_clip_2621,source_video_0020,00:21:19,00:21:26
no_throw_clip_2622,source_video_0020,00:21:45,00:21:52
no_throw_clip_2623,source_video_0020,00:22:09,00:22:16
no_throw_clip_2624,source_video_0020,00:22:17,00:22:24
no_throw_clip_2625,source_video_0020,00:22:25,00:22:32
no_throw_clip_2626,source_video_0020,00:22:33,00:22:40
no_throw_clip_2627,source_video_0020,00:22:41,00:22:48
no_throw_clip_2628,source_video_0020,00:22:49,00:22:56
no_throw_clip_2629,source_video_0020,00:22:57,00:23:04
no_throw_clip_2630,source_video_0020,00:23:05,00:23:12
no_throw_clip_2631,source_video_0020,00:23:13,00:23:20
no_throw_clip_2632,source_video_0020,00:23:21,00:23:28
no_throw_clip_2633,source_video_0020,00:23:29,00:23:36
no_throw_clip_2634,source_video_0020,00:23:37,00:23:44
no_throw_clip_2635,source_video_0020,00:23:45,00:23:52
no_throw_clip_2636,source_video_0020,00:23:53,00:24:00
no_throw_clip_2637,source_video_0020,00:24:01,00:24:08
no_throw_clip_2638,source_video_0020,00:24:09,00:24:16
no_throw_clip_2639,source_video_0020,00:24:17,00:24:24
no_throw_clip_2640,source_video_0020,00:24:25,00:24:32
no_throw_clip_2641,source_video_0020,00:24:33,00:24:40
no_throw_clip_2642,source_video_0020,00:24:41,00:24:48
no_throw_clip_2643,source_video_0020,00:25:05,00:25:12
no_throw_clip_2644,source_video_0020,00:25:13,00:25:20
no_throw_clip_2645,source_video_0020,00:25:21,00:25:28
no_throw_clip_2646,source_video_0020,00:25:29,00:25:36
no_throw_clip_2647,source_video_0020,00:25:37,00:25:44
no_throw_clip_2648,source_video_0020,00:25:45,00:25:52
no_throw_clip_2649,source_video_0020,00:25:53,00:26:00
no_throw_clip_2650,source_video_0020,00:26:01,00:26:08
no_throw_clip_2651,source_video_0020,00:26:09,00:26:16
no_throw_clip_2652,source_video_0020,00:26:30,00:26:37
no_throw_clip_2653,source_video_0020,00:26:38,00:26:45
no_throw_clip_2654,source_video_0020,00:26:46,00:26:53
no_throw_clip_2655,source_video_0020,00:26:54,00:27:01
no_throw_clip_2656,source_video_0020,00:27:02,00:27:09
no_throw_clip_2657,source_video_0020,00:27:10,00:27:17
no_throw_clip_2658,source_video_0020,00:27:18,00:27:25
no_throw_clip_2659,source_video_0020,00:27:26,00:27:33
no_throw_clip_2660,source_video_0020,00:27:34,00:27:41
no_throw_clip_2661,source_video_0020,00:27:42,00:27:49
no_throw_clip_2662,source_video_0020,00:27:50,00:27:57
no_throw_clip_2663,source_video_0020,00:27:58,00:28:05
no_throw_clip_2664,source_video_0020,00:28:06,00:28:13
no_throw_clip_2665,source_video_0020,00:28:14,00:28:21
no_throw_clip_2666,source_video_0020,00:28:22,00:28:29
no_throw_clip_2667,source_video_0020,00:28:30,00:28:37
no_throw_clip_2668,source_video_0020,00:28:38,00:28:45
no_throw_clip_2669,source_video_0020,00:28:46,00:28:53
no_throw_clip_2670,source_video_0020,00:28:54,00:29:01
no_throw_clip_2671,source_video_0020,00:29:02,00:29:09
no_throw_clip_2672,source_video_0020,00:29:10,00:29:17
no_throw_clip_2673,source_video_0020,00:29:18,00:29:25
no_throw_clip_2674,source_video_0020,00:29:26,00:29:33
no_throw_clip_2675,source_video_0020,00:29:34,00:29:41
no_throw_clip_2676,source_video_0020,00:29:42,00:29:49
no_throw_clip_2677,source_video_0020,00:29:50,00:29:57
no_throw_clip_2678,source_video_0020,00:29:58,00:30:05
no_throw_clip_2679,source_video_0020,00:30:06,00:30:13
no_throw_clip_2680,source_video_0020,00:30:14,00:30:21
no_throw_clip_2681,source_video_0020,00:30:22,00:30:29
no_throw_clip_2682,source_video_0020,00:30:30,00:30:37
no_throw_clip_2683,source_video_0020,00:30:38,00:30:45
no_throw_clip_2684,source_video_0020,00:30:58,00:31:05
no_throw_clip_2685,source_video_0020,00:31:06,00:31:13
no_throw_clip_2686,source_video_0020,00:31:32,00:31:39
no_throw_clip_2687,source_video_0020,00:31:40,00:31:47
no_throw_clip_2688,source_video_0020,00:31:48,00:31:55
no_throw_clip_2689,source_video_0020,00:31:56,00:32:03
no_throw_clip_2690,source_video_0020,00:32:04,00:32:11
no_throw_clip_2691,source_video_0020,00:32:12,00:32:19
no_throw_clip_2692,source_video_0020,00:32:20,00:32:27
no_throw_clip_2693,source_video_0020,00:32:28,00:32:35
no_throw_clip_2694,source_video_0020,00:32:36,00:32:43
no_throw_clip_2695,source_video_0020,00:33:02,00:33:09
no_throw_clip_2696,source_video_0020,00:33:10,00:33:17
no_throw_clip_2697,source_video_0020,00:33:18,00:33:25
no_throw_clip_2698,source_video_0020,00:33:26,00:33:33
no_throw_clip_2699,source_video_0020,00:33:48,00:33:55
no_throw_clip_2700,source_video_0020,00:33:56,00:34:03
no_throw_clip_2701,source_video_0020,00:34:18,00:34:25
no_throw_clip_2702,source_video_0020,00:34:26,00:34:33
no_throw_clip_2703,source_video_0020,00:34:59,00:35:06
no_throw_clip_2704,source_video_0020,00:35:07,00:35:14
no_throw_clip_2705,source_video_0020,00:35:15,00:35:22
no_throw_clip_2706,source_video_0020,00:35:23,00:35:30
no_throw_clip_2707,source_video_0020,00:35:31,00:35:38
no_throw_clip_2708,source_video_0020,00:35:57,00:36:04
no_throw_clip_2709,source_video_0020,00:36:05,00:36:12
no_throw_clip_2710,source_video_0020,00:36:13,00:36:20
no_throw_clip_2711,source_video_0020,00:36:35,00:36:42
no_throw_clip_2712,source_video_0020,00:36:43,00:36:50
no_throw_clip_2713,source_video_0020,00:36:51,00:36:58
no_throw_clip_2714,source_video_0020,00:36:59,00:37:06
no_throw_clip_2715,source_video_0020,00:37:07,00:37:14
no_throw_clip_2716,source_video_0020,00:37:15,00:37:22
no_throw_clip_2717,source_video_0020,00:37:23,00:37:30
no_throw_clip_2718,source_video_0020,00:37:31,00:37:38
no_throw_clip_2719,source_video_0020,00:37:39,00:37:46
no_throw_clip_2720,source_video_0020,00:37:47,00:37:54
no_throw_clip_2721,source_video_0020,00:37:55,00:38:02
no_throw_clip_2722,source_video_0020,00:38:03,00:38:10
no_throw_clip_2723,source_video_0020,00:38:11,00:38:18
no_throw_clip_2724,source_video_0020,00:38:19,00:38:26
no_throw_clip_2725,source_video_0020,00:38:27,00:38:34
no_throw_clip_2726,source_video_0020,00:38:35,00:38:42
no_throw_clip_2727,source_video_0020,00:38:43,00:38:50
no_throw_clip_2728,source_video_0020,00:38:51,00:38:58
no_throw_clip_2729,source_video_0020,00:38:59,00:39:06
no_throw_clip_2730,source_video_0020,00:39:07,00:39:14
no_throw_clip_2731,source_video_0020,00:39:15,00:39:22
no_throw_clip_2732,source_video_0020,00:39:23,00:39:30
no_throw_clip_2733,source_video_0020,00:39:31,00:39:38
no_throw_clip_2734,source_video_0020,00:39:39,00:39:46
no_throw_clip_2735,source_video_0020,00:39:47,00:39:54
no_throw_clip_2736,source_video_0020,00:39:55,00:40:02
no_throw_clip_2737,source_video_0020,00:40:03,00:40:10
no_throw_clip_2738,source_video_0020,00:40:11,00:40:18
no_throw_clip_2739,source_video_0020,00:40:19,00:40:26
no_throw_clip_2740,source_video_0020,00:40:27,00:40:34
no_throw_clip_2741,source_video_0020,00:40:35,00:40:42
no_throw_clip_2742,source_video_0020,00:40:43,00:40:50
no_throw_clip_2743,source_video_0020,00:40:51,00:40:58
no_throw_clip_2744,source_video_0020,00:40:59,00:41:06
no_throw_clip_2745,source_video_0020,00:41:07,00:41:14
no_throw_clip_2746,source_video_0020,00:41:15,00:41:22
no_throw_clip_2747,source_video_0020,00:41:23,00:41:30
no_throw_clip_2748,source_video_0020,00:41:31,00:41:38
no_throw_clip_2749,source_video_0020,00:41:39,00:41:46
no_throw_clip_2750,source_video_0020,00:41:47,00:41:54
no_throw_clip_2751,source_video_0020,00:41:55,00:42:02
no_throw_clip_2752,source_video_0020,00:42:03,00:42:10
no_throw_clip_2753,source_video_0020,00:42:11,00:42:18
no_throw_clip_2754,source_video_0020,00:42:19,00:42:26
no_throw_clip_2755,source_video_0020,00:42:27,00:42:34
no_throw_clip_2756,source_video_0020,00:42:35,00:42:42
no_throw_clip_2757,source_video_0020,00:42:43,00:42:50
no_throw_clip_2758,source_video_0020,00:42:51,00:42:58
no_throw_clip_2759,source_video_0020,00:42:59,00:43:06
no_throw_clip_2760,source_video_0020,00:43:07,00:43:14
no_throw_clip_2761,source_video_0020,00:43:15,00:43:22
no_throw_clip_2762,source_video_0020,00:43:23,00:43:30
no_throw_clip_2763,source_video_0020,00:43:31,00:43:38
no_throw_clip_2764,source_video_0020,00:43:39,00:43:46
no_throw_clip_2765,source_video_0020,00:43:47,00:43:54
no_throw_clip_2766,source_video_0020,00:43:55,00:44:02
no_throw_clip_2767,source_video_0020,00:44:03,00:44:10
no_throw_clip_2768,source_video_0020,00:44:11,00:44:18
no_throw_clip_2769,source_video_0020,00:44:19,00:44:26
no_throw_clip_2770,source_video_0020,00:44:27,00:44:34
no_throw_clip_2771,source_video_0020,00:44:35,00:44:42
no_throw_clip_2772,source_video_0020,00:44:43,00:44:50
no_throw_clip_2773,source_video_0020,00:44:51,00:44:58
no_throw_clip_2774,source_video_0020,00:44:59,00:45:06
no_throw_clip_2775,source_video_0020,00:45:07,00:45:14
no_throw_clip_2776,source_video_0020,00:45:15,00:45:22
no_throw_clip_2777,source_video_0020,00:45:23,00:45:30
no_throw_clip_2778,source_video_0020,00:45:31,00:45:38
no_throw_clip_2779,source_video_0020,00:45:39,00:45:46
no_throw_clip_2780,source_video_0020,00:45:47,00:45:54
no_throw_clip_2781,source_video_0020,00:45:55,00:46:02
no_throw_clip_2782,source_video_0020,00:46:03,00:46:10
no_throw_clip_2783,source_video_0020,00:46:11,00:46:18
no_throw_clip_2784,source_video_0020,00:46:19,00:46:26
no_throw_clip_2785,source_video_0020,00:46:27,00:46:34
no_throw_clip_2786,source_video_0020,00:46:35,00:46:42
no_throw_clip_2787,source_video_0020,00:46:43,00:46:50
no_throw_clip_2788,source_video_0020,00:46:51,00:46:58
no_throw_clip_2789,source_video_0020,00:46:59,00:47:06
no_throw_clip_2790,source_video_0020,00:47:07,00:47:14
no_throw_clip_2791,source_video_0020,00:47:15,00:47:22
no_throw_clip_2792,source_video_0020,00:47:23,00:47:30
no_throw_clip_2793,source_video_0020,00:47:31,00:47:38
no_throw_clip_2794,source_video_0020,00:47:39,00:47:46
no_throw_clip_2795,source_video_0020,00:47:47,00:47:54
no_throw_clip_2796,source_video_0020,00:47:55,00:48:02
no_throw_clip_2797,source_video_0020,00:48:03,00:48:10
no_throw_clip_2798,source_video_0020,00:48:11,00:48:18
no_throw_clip_2799,source_video_0020,00:48:19,00:48:26
no_throw_clip_2800,source_video_0020,00:48:27,00:48:34
no_throw_clip_2801,source_video_0020,00:48:35,00:48:42
no_throw_clip_2802,source_video_0020,00:48:43,00:48:50
no_throw_clip_2803,source_video_0020,00:48:51,00:48:58
no_throw_clip_2804,source_video_0020,00:48:59,00:49:06
no_throw_clip_2805,source_video_0020,00:49:07,00:49:14
no_throw_clip_2806,source_video_0020,00:49:15,00:49:22
no_throw_clip_2807,source_video_0020,00:49:23,00:49:30
no_throw_clip_2808,source_video_0020,00:49:31,00:49:38
no_throw_clip_2809,source_video_0020,00:49:39,00:49:46
no_throw_clip_2810,source_video_0020,00:49:47,00:49:54
no_throw_clip_2811,source_video_0020,00:49:55,00:50:02
no_throw_clip_2812,source_video_0020,00:50:03,00:50:10
no_throw_clip_2813,source_video_0020,00:50:11,00:50:18
no_throw_clip_2814,source_video_0020,00:50:19,00:50:26
no_throw_clip_2815,source_video_0020,00:50:27,00:50:34
no_throw_clip_2816,source_video_0020,00:50:35,00:50:42
no_throw_clip_2817,source_video_0020,00:50:43,00:50:50
no_throw_clip_2818,source_video_0020,00:50:51,00:50:58
no_throw_clip_2819,source_video_0020,00:50:59,00:51:06
no_throw_clip_2820,source_video_0020,00:51:07,00:51:14
no_throw_clip_2821,source_video_0020,00:51:15,00:51:22
no_throw_clip_2822,source_video_0021,00:00:00,00:00:07
no_throw_clip_2823,source_video_0021,00:00:08,00:00:15
no_throw_clip_2824,source_video_0021,00:00:16,00:00:23
no_throw_clip_2825,source_video_0021,00:00:24,00:00:31
no_throw_clip_2826,source_video_0021,00:00:32,00:00:39
no_throw_clip_2827,source_video_0021,00:00:40,00:00:47
no_throw_clip_2828,source_video_0021,00:00:48,00:00:55
no_throw_clip_2829,source_video_0021,00:00:56,00:01:03
no_throw_clip_2830,source_video_0021,00:01:04,00:01:11
no_throw_clip_2831,source_video_0021,00:01:12,00:01:19
no_throw_clip_2832,source_video_0021,00:01:20,00:01:27
no_throw_clip_2833,source_video_0021,00:01:28,00:01:35
no_throw_clip_2834,source_video_0021,00:01:36,00:01:43
no_throw_clip_2835,source_video_0021,00:01:44,00:01:51
no_throw_clip_2836,source_video_0021,00:01:52,00:01:59
no_throw_clip_2837,source_video_0021,00:02:00,00:02:07
no_throw_clip_2838,source_video_0021,00:02:08,00:02:15
no_throw_clip_2839,source_video_0021,00:02:16,00:02:23
no_throw_clip_2840,source_video_0021,00:02:24,00:02:31
no_throw_clip_2841,source_video_0021,00:02:32,00:02:39
no_throw_clip_2842,source_video_0021,00:02:40,00:02:47
no_throw_clip_2843,source_video_0021,00:02:48,00:02:55
no_throw_clip_2844,source_video_0021,00:02:56,00:03:03
no_throw_clip_2845,source_video_0021,00:03:04,00:03:11
no_throw_clip_2846,source_video_0021,00:03:12,00:03:19
no_throw_clip_2847,source_video_0021,00:03:34,00:03:41
no_throw_clip_2848,source_video_0021,00:03:42,00:03:49
no_throw_clip_2849,source_video_0021,00:03:50,00:03:57
no_throw_clip_2850,source_video_0021,00:03:58,00:04:05
no_throw_clip_2851,source_video_0021,00:04:23,00:04:30
no_throw_clip_2852,source_video_0021,00:04:49,00:04:56
no_throw_clip_2853,source_video_0021,00:04:57,00:05:04
no_throw_clip_2854,source_video_0021,00:05:05,00:05:12
no_throw_clip_2855,source_video_0021,00:05:13,00:05:20
no_throw_clip_2856,source_video_0021,00:05:39,00:05:46
no_throw_clip_2857,source_video_0021,00:05:47,00:05:54
no_throw_clip_2858,source_video_0021,00:06:12,00:06:19
no_throw_clip_2859,source_video_0021,00:06:20,00:06:27
no_throw_clip_2860,source_video_0021,00:06:28,00:06:35
no_throw_clip_2861,source_video_0021,00:06:36,00:06:43
no_throw_clip_2862,source_video_0021,00:06:59,00:07:06
no_throw_clip_2863,source_video_0021,00:07:07,00:07:14
no_throw_clip_2864,source_video_0021,00:07:15,00:07:22
no_throw_clip_2865,source_video_0021,00:07:23,00:07:30
no_throw_clip_2866,source_video_0021,00:07:31,00:07:38
no_throw_clip_2867,source_video_0021,00:07:39,00:07:46
no_throw_clip_2868,source_video_0021,00:08:02,00:08:09
no_throw_clip_2869,source_video_0021,00:08:10,00:08:17
no_throw_clip_2870,source_video_0021,00:08:18,00:08:25
no_throw_clip_2871,source_video_0021,00:08:26,00:08:33
no_throw_clip_2872,source_video_0021,00:08:34,00:08:41
no_throw_clip_2873,source_video_0021,00:08:42,00:08:49
no_throw_clip_2874,source_video_0021,00:08:50,00:08:57
no_throw_clip_2875,source_video_0021,00:08:58,00:09:05
no_throw_clip_2876,source_video_0021,00:09:06,00:09:13
no_throw_clip_2877,source_video_0021,00:09:14,00:09:21
no_throw_clip_2878,source_video_0021,00:09:22,00:09:29
no_throw_clip_2879,source_video_0021,00:09:30,00:09:37
no_throw_clip_2880,source_video_0021,00:09:38,00:09:45
no_throw_clip_2881,source_video_0021,00:09:46,00:09:53
no_throw_clip_2882,source_video_0021,00:09:54,00:10:01
no_throw_clip_2883,source_video_0021,00:10:02,00:10:09
no_throw_clip_2884,source_video_0021,00:10:10,00:10:17
no_throw_clip_2885,source_video_0021,00:10:18,00:10:25
no_throw_clip_2886,source_video_0021,00:10:26,00:10:33
no_throw_clip_2887,source_video_0021,00:10:34,00:10:41
no_throw_clip_2888,source_video_0021,00:10:42,00:10:49
no_throw_clip_2889,source_video_0021,00:10:50,00:10:57
no_throw_clip_2890,source_video_0021,00:10:58,00:11:05
no_throw_clip_2891,source_video_0021,00:11:06,00:11:13
no_throw_clip_2892,source_video_0021,00:11:14,00:11:21
no_throw_clip_2893,source_video_0021,00:11:22,00:11:29
no_throw_clip_2894,source_video_0021,00:11:30,00:11:37
no_throw_clip_2895,source_video_0021,00:11:38,00:11:45
no_throw_clip_2896,source_video_0021,00:11:46,00:11:53
no_throw_clip_2897,source_video_0021,00:11:54,00:12:01
no_throw_clip_2898,source_video_0021,00:12:02,00:12:09
no_throw_clip_2899,source_video_0021,00:12:10,00:12:17
no_throw_clip_2900,source_video_0021,00:12:18,00:12:25
no_throw_clip_2901,source_video_0021,00:12:26,00:12:33
no_throw_clip_2902,source_video_0021,00:12:34,00:12:41
no_throw_clip_2903,source_video_0021,00:12:42,00:12:49
no_throw_clip_2904,source_video_0021,00:12:50,00:12:57
no_throw_clip_2905,source_video_0021,00:12:58,00:13:05
no_throw_clip_2906,source_video_0021,00:13:06,00:13:13
no_throw_clip_2907,source_video_0021,00:13:14,00:13:21
no_throw_clip_2908,source_video_0021,00:13:22,00:13:29
no_throw_clip_2909,source_video_0021,00:13:30,00:13:37
no_throw_clip_2910,source_video_0021,00:13:38,00:13:45
no_throw_clip_2911,source_video_0021,00:13:46,00:13:53
no_throw_clip_2912,source_video_0021,00:13:54,00:14:01
no_throw_clip_2913,source_video_0021,00:14:02,00:14:09
no_throw_clip_2914,source_video_0021,00:14:28,00:14:35
no_throw_clip_2915,source_video_0021,00:14:36,00:14:43
no_throw_clip_2916,source_video_0021,00:14:57,00:15:04
no_throw_clip_2917,source_video_0021,00:15:05,00:15:12
no_throw_clip_2918,source_video_0021,00:15:13,00:15:20
no_throw_clip_2919,source_video_0021,00:15:21,00:15:28
no_throw_clip_2920,source_video_0021,00:15:29,00:15:36
no_throw_clip_2921,source_video_0021,00:15:37,00:15:44
no_throw_clip_2922,source_video_0021,00:15:45,00:15:52
no_throw_clip_2923,source_video_0021,00:16:10,00:16:17
no_throw_clip_2924,source_video_0021,00:16:30,00:16:37
no_throw_clip_2925,source_video_0021,00:16:38,00:16:45
no_throw_clip_2926,source_video_0021,00:16:59,00:17:06
no_throw_clip_2927,source_video_0021,00:17:07,00:17:14
no_throw_clip_2928,source_video_0021,00:17:15,00:17:22
no_throw_clip_2929,source_video_0021,00:17:23,00:17:30
no_throw_clip_2930,source_video_0021,00:17:31,00:17:38
no_throw_clip_2931,source_video_0021,00:17:39,00:17:46
no_throw_clip_2932,source_video_0021,00:17:47,00:17:54
no_throw_clip_2933,source_video_0021,00:18:24,00:18:31
no_throw_clip_2934,source_video_0021,00:18:32,00:18:39
no_throw_clip_2935,source_video_0021,00:18:40,00:18:47
no_throw_clip_2936,source_video_0021,00:18:48,00:18:55
no_throw_clip_2937,source_video_0021,00:18:56,00:19:03
no_throw_clip_2938,source_video_0021,00:19:04,00:19:11
no_throw_clip_2939,source_video_0021,00:19:25,00:19:32
no_throw_clip_2940,source_video_0021,00:19:33,00:19:40
no_throw_clip_2941,source_video_0021,00:19:41,00:19:48
no_throw_clip_2942,source_video_0021,00:19:49,00:19:56
no_throw_clip_2943,source_video_0021,00:19:57,00:20:04
no_throw_clip_2944,source_video_0021,00:20:05,00:20:12
no_throw_clip_2945,source_video_0021,00:20:13,00:20:20
no_throw_clip_2946,source_video_0021,00:20:21,00:20:28
no_throw_clip_2947,source_video_0021,00:20:29,00:20:36
no_throw_clip_2948,source_video_0021,00:20:37,00:20:44
no_throw_clip_2949,source_video_0021,00:20:45,00:20:52
no_throw_clip_2950,source_video_0021,00:20:53,00:21:00
no_throw_clip_2951,source_video_0021,00:21:16,00:21:23
no_throw_clip_2952,source_video_0021,00:21:24,00:21:31
no_throw_clip_2953,source_video_0021,00:21:46,00:21:53
no_throw_clip_2954,source_video_0021,00:21:54,00:22:01
no_throw_clip_2955,source_video_0021,00:22:16,00:22:23
no_throw_clip_2956,source_video_0021,00:22:24,00:22:31
no_throw_clip_2957,source_video_0021,00:22:32,00:22:39
no_throw_clip_2958,source_video_0021,00:22:40,00:22:47
no_throw_clip_2959,source_video_0021,00:23:02,00:23:09
no_throw_clip_2960,source_video_0021,00:23:10,00:23:17
no_throw_clip_2961,source_video_0021,00:23:18,00:23:25
no_throw_clip_2962,source_video_0021,00:23:26,00:23:33
no_throw_clip_2963,source_video_0021,00:23:34,00:23:41
no_throw_clip_2964,source_video_0021,00:23:42,00:23:49
no_throw_clip_2965,source_video_0021,00:23:50,00:23:57
no_throw_clip_2966,source_video_0021,00:23:58,00:24:05
no_throw_clip_2967,source_video_0021,00:24:06,00:24:13
no_throw_clip_2968,source_video_0021,00:24:14,00:24:21
no_throw_clip_2969,source_video_0021,00:24:22,00:24:29
no_throw_clip_2970,source_video_0021,00:24:30,00:24:37
no_throw_clip_2971,source_video_0021,00:24:38,00:24:45
no_throw_clip_2972,source_video_0021,00:24:46,00:24:53
no_throw_clip_2973,source_video_0021,00:25:08,00:25:15
no_throw_clip_2974,source_video_0021,00:25:41,00:25:48
no_throw_clip_2975,source_video_0021,00:25:49,00:25:56
no_throw_clip_2976,source_video_0021,00:25:57,00:26:04
no_throw_clip_2977,source_video_0021,00:26:37,00:26:44
no_throw_clip_2978,source_video_0021,00:26:45,00:26:52
no_throw_clip_2979,source_video_0021,00:26:53,00:27:00
no_throw_clip_2980,source_video_0021,00:27:01,00:27:08
no_throw_clip_2981,source_video_0021,00:27:09,00:27:16
no_throw_clip_2982,source_video_0021,00:27:17,00:27:24
no_throw_clip_2983,source_video_0021,00:27:25,00:27:32
no_throw_clip_2984,source_video_0021,00:27:33,00:27:40
no_throw_clip_2985,source_video_0021,00:27:41,00:27:48
no_throw_clip_2986,source_video_0021,00:27:49,00:27:56
no_throw_clip_2987,source_video_0021,00:27:57,00:28:04
no_throw_clip_2988,source_video_0021,00:28:05,00:28:12
no_throw_clip_2989,source_video_0021,00:28:13,00:28:20
no_throw_clip_2990,source_video_0021,00:28:21,00:28:28
no_throw_clip_2991,source_video_0021,00:28:29,00:28:36
no_throw_clip_2992,source_video_0021,00:28:37,00:28:44
no_throw_clip_2993,source_video_0021,00:28:45,00:28:52
no_throw_clip_2994,source_video_0021,00:28:53,00:29:00
no_throw_clip_2995,source_video_0021,00:29:01,00:29:08
no_throw_clip_2996,source_video_0021,00:29:20,00:29:27
no_throw_clip_2997,source_video_0021,00:29:28,00:29:35
no_throw_clip_2998,source_video_0021,00:29:36,00:29:43
no_throw_clip_2999,source_video_0021,00:29:55,00:30:02
no_throw_clip_3000,source_video_0021,00:30:03,00:30:10
no_throw_clip_3001,source_video_0021,00:30:11,00:30:18
no_throw_clip_3002,source_video_0021,00:30:19,00:30:26
no_throw_clip_3003,source_video_0021,00:30:27,00:30:34
no_throw_clip_3004,source_video_0021,00:30:35,00:30:42
no_throw_clip_3005,source_video_0021,00:30:43,00:30:50
no_throw_clip_3006,source_video_0021,00:30:51,00:30:58
no_throw_clip_3007,source_video_0021,00:30:59,00:31:06
no_throw_clip_3008,source_video_0021,00:31:07,00:31:14
no_throw_clip_3009,source_video_0021,00:31:15,00:31:22
no_throw_clip_3010,source_video_0021,00:31:40,00:31:47
no_throw_clip_3011,source_video_0021,00:31:48,00:31:55
no_throw_clip_3012,source_video_0021,00:31:56,00:32:03
no_throw_clip_3013,source_video_0021,00:32:04,00:32:11
no_throw_clip_3014,source_video_0021,00:32:12,00:32:19
no_throw_clip_3015,source_video_0021,00:32:20,00:32:27
no_throw_clip_3016,source_video_0021,00:32:28,00:32:35
no_throw_clip_3017,source_video_0021,00:32:36,00:32:43
no_throw_clip_3018,source_video_0021,00:32:44,00:32:51
no_throw_clip_3019,source_video_0021,00:32:52,00:32:59
no_throw_clip_3020,source_video_0021,00:33:14,00:33:21
no_throw_clip_3021,source_video_0021,00:33:22,00:33:29
no_throw_clip_3022,source_video_0021,00:33:30,00:33:37
no_throw_clip_3023,source_video_0021,00:33:38,00:33:45
no_throw_clip_3024,source_video_0021,00:33:46,00:33:53
no_throw_clip_3025,source_video_0021,00:33:54,00:34:01
no_throw_clip_3026,source_video_0021,00:34:02,00:34:09
no_throw_clip_3027,source_video_0021,00:34:10,00:34:17
no_throw_clip_3028,source_video_0021,00:34:18,00:34:25
no_throw_clip_3029,source_video_0021,00:34:26,00:34:33
no_throw_clip_3030,source_video_0021,00:34:34,00:34:41
no_throw_clip_3031,source_video_0021,00:34:42,00:34:49
no_throw_clip_3032,source_video_0021,00:35:03,00:35:10
no_throw_clip_3033,source_video_0021,00:35:11,00:35:18
no_throw_clip_3034,source_video_0021,00:35:19,00:35:26
no_throw_clip_3035,source_video_0021,00:35:27,00:35:34
no_throw_clip_3036,source_video_0021,00:35:50,00:35:57
no_throw_clip_3037,source_video_0021,00:35:58,00:36:05
no_throw_clip_3038,source_video_0021,00:36:19,00:36:26
no_throw_clip_3039,source_video_0021,00:36:27,00:36:34
no_throw_clip_3040,source_video_0021,00:36:35,00:36:42
no_throw_clip_3041,source_video_0021,00:36:43,00:36:50
no_throw_clip_3042,source_video_0021,00:37:07,00:37:14
no_throw_clip_3043,source_video_0021,00:37:15,00:37:22
no_throw_clip_3044,source_video_0021,00:37:23,00:37:30
no_throw_clip_3045,source_video_0021,00:37:31,00:37:38
no_throw_clip_3046,source_video_0021,00:37:39,00:37:46
no_throw_clip_3047,source_video_0021,00:37:47,00:37:54
no_throw_clip_3048,source_video_0021,00:37:55,00:38:02
no_throw_clip_3049,source_video_0021,00:38:03,00:38:10
no_throw_clip_3050,source_video_0021,00:38:11,00:38:18
no_throw_clip_3051,source_video_0021,00:38:19,00:38:26
no_throw_clip_3052,source_video_0021,00:38:27,00:38:34
no_throw_clip_3053,source_video_0021,00:38:35,00:38:42
no_throw_clip_3054,source_video_0021,00:38:43,00:38:50
no_throw_clip_3055,source_video_0021,00:38:51,00:38:58
no_throw_clip_3056,source_video_0021,00:38:59,00:39:06
no_throw_clip_3057,source_video_0021,00:39:07,00:39:14
no_throw_clip_3058,source_video_0021,00:39:15,00:39:22
no_throw_clip_3059,source_video_0021,00:39:23,00:39:30
no_throw_clip_3060,source_video_0021,00:39:31,00:39:38
no_throw_clip_3061,source_video_0021,00:39:39,00:39:46
no_throw_clip_3062,source_video_0021,00:39:47,00:39:54
no_throw_clip_3063,source_video_0021,00:39:55,00:40:02
no_throw_clip_3064,source_video_0021,00:40:03,00:40:10
no_throw_clip_3065,source_video_0021,00:40:11,00:40:18
no_throw_clip_3066,source_video_0021,00:40:19,00:40:26
no_throw_clip_3067,source_video_0021,00:40:27,00:40:34
no_throw_clip_3068,source_video_0021,00:40:35,00:40:42
no_throw_clip_3069,source_video_0021,00:40:43,00:40:50
no_throw_clip_3070,source_video_0021,00:40:51,00:40:58
no_throw_clip_3071,source_video_0021,00:40:59,00:41:06
no_throw_clip_3072,source_video_0021,00:41:07,00:41:14
no_throw_clip_3073,source_video_0021,00:41:15,00:41:22
no_throw_clip_3074,source_video_0021,00:41:23,00:41:30
no_throw_clip_3075,source_video_0021,00:41:31,00:41:38
no_throw_clip_3076,source_video_0021,00:41:39,00:41:46
no_throw_clip_3077,source_video_0021,00:41:47,00:41:54
no_throw_clip_3078,source_video_0021,00:41:55,00:42:02
no_throw_clip_3079,source_video_0021,00:42:03,00:42:10
no_throw_clip_3080,source_video_0021,00:42:11,00:42:18
no_throw_clip_3081,source_video_0021,00:42:19,00:42:26
no_throw_clip_3082,source_video_0021,00:42:27,00:42:34
no_throw_clip_3083,source_video_0021,00:42:35,00:42:42
no_throw_clip_3084,source_video_0021,00:42:43,00:42:50
no_throw_clip_3085,source_video_0021,00:42:51,00:42:58
no_throw_clip_3086,source_video_0021,00:42:59,00:43:06
no_throw_clip_3087,source_video_0021,00:43:07,00:43:14
no_throw_clip_3088,source_video_0021,00:43:15,00:43:22
no_throw_clip_3089,source_video_0021,00:43:23,00:43:30
no_throw_clip_3090,source_video_0021,00:43:31,00:43:38
no_throw_clip_3091,source_video_0021,00:43:39,00:43:46
no_throw_clip_3092,source_video_0021,00:43:47,00:43:54
no_throw_clip_3093,source_video_0021,00:43:55,00:44:02
no_throw_clip_3094,source_video_0021,00:44:03,00:44:10
no_throw_clip_3095,source_video_0021,00:44:11,00:44:18
no_throw_clip_3096,source_video_0021,00:44:19,00:44:26
no_throw_clip_3097,source_video_0021,00:44:27,00:44:34
no_throw_clip_3098,source_video_0021,00:44:35,00:44:42
no_throw_clip_3099,source_video_0021,00:44:43,00:44:50
no_throw_clip_3100,source_video_0021,00:44:51,00:44:58
no_throw_clip_3101,source_video_0021,00:44:59,00:45:06
no_throw_clip_3102,source_video_0021,00:45:07,00:45:14
no_throw_clip_3103,source_video_0021,00:45:15,00:45:22
no_throw_clip_3104,source_video_0021,00:45:23,00:45:30
no_throw_clip_3105,source_video_0021,00:45:31,00:45:38
no_throw_clip_3106,source_video_0021,00:45:39,00:45:46
no_throw_clip_3107,source_video_0021,00:45:47,00:45:54
no_throw_clip_3108,source_video_0021,00:45:55,00:46:02
no_throw_clip_3109,source_video_0021,00:46:03,00:46:10
no_throw_clip_3110,source_video_0021,00:46:11,00:46:18
no_throw_clip_3111,source_video_0021,00:46:19,00:46:26
no_throw_clip_3112,source_video_0021,00:46:27,00:46:34
no_throw_clip_3113,source_video_0021,00:46:35,00:46:42
no_throw_clip_3114,source_video_0021,00:46:43,00:46:50
no_throw_clip_3115,source_video_0021,00:46:51,00:46:58
no_throw_clip_3116,source_video_0021,00:46:59,00:47:06
no_throw_clip_3117,source_video_0021,00:47:07,00:47:14
no_throw_clip_3118,source_video_0021,00:47:15,00:47:22
no_throw_clip_3119,source_video_0021,00:47:23,00:47:30
no_throw_clip_3120,source_video_0021,00:47:31,00:47:38
no_throw_clip_3121,source_video_0021,00:47:39,00:47:46
no_throw_clip_3122,source_video_0021,00:47:47,00:47:54
no_throw_clip_3123,source_video_0021,00:47:55,00:48:02
no_throw_clip_3124,source_video_0021,00:48:03,00:48:10
no_throw_clip_3125,source_video_0021,00:48:11,00:48:18
no_throw_clip_3126,source_video_0021,00:48:19,00:48:26
no_throw_clip_3127,source_video_0021,00:48:27,00:48:34
no_throw_clip_3128,source_video_0021,00:48:35,00:48:42
no_throw_clip_3129,source_video_0021,00:48:43,00:48:50
no_throw_clip_3130,source_video_0021,00:48:51,00:48:58
no_throw_clip_3131,source_video_0021,00:48:59,00:49:06
no_throw_clip_3132,source_video_0021,00:49:07,00:49:14
no_throw_clip_3133,source_video_0021,00:49:15,00:49:22
no_throw_clip_3134,source_video_0021,00:49:23,00:49:30
no_throw_clip_3135,source_video_0021,00:49:31,00:49:38
no_throw_clip_3136,source_video_0021,00:49:39,00:49:46
no_throw_clip_3137,source_video_0021,00:49:47,00:49:54
no_throw_clip_3138,source_video_0021,00:49:55,00:50:02
no_throw_clip_3139,source_video_0021,00:50:03,00:50:10
no_throw_clip_3140,source_video_0021,00:50:11,00:50:18
no_throw_clip_3141,source_video_0021,00:50:19,00:50:26
no_throw_clip_3142,source_video_0021,00:50:27,00:50:34
no_throw_clip_3143,source_video_0021,00:50:35,00:50:42
no_throw_clip_3144,source_video_0021,00:50:43,00:50:50
no_throw_clip_3145,source_video_0021,00:50:51,00:50:58
no_throw_clip_3146,source_video_0021,00:50:59,00:51:06
no_throw_clip_3147,source_video_0021,00:51:07,00:51:14
no_throw_clip_3148,source_video_0021,00:51:15,00:51:22
no_throw_clip_3149,source_video_0021,00:51:23,00:51:30
no_throw_clip_3150,source_video_0021,00:51:31,00:51:38
no_throw_clip_3151,source_video_0021,00:51:39,00:51:46
no_throw_clip_3152,source_video_0021,00:51:47,00:51:54
no_throw_clip_3153,source_video_0021,00:51:55,00:52:02
no_throw_clip_3154,source_video_0021,00:52:03,00:52:10
no_throw_clip_3155,source_video_0021,00:52:11,00:52:18
no_throw_clip_3156,source_video_0021,00:52:19,00:52:26
no_throw_clip_3157,source_video_0021,00:52:27,00:52:34
no_throw_clip_3158,source_video_0021,00:52:35,00:52:42
no_throw_clip_3159,source_video_0022,00:00:00,00:00:07
no_throw_clip_3160,source_video_0022,00:00:08,00:00:15
no_throw_clip_3161,source_video_0022,00:00:16,00:00:23
no_throw_clip_3162,source_video_0022,00:00:24,00:00:31
no_throw_clip_3163,source_video_0022,00:00:32,00:00:39
no_throw_clip_3164,source_video_0022,00:00:40,00:00:47
no_throw_clip_3165,source_video_0022,00:00:48,00:00:55
no_throw_clip_3166,source_video_0022,00:00:56,00:01:03
no_throw_clip_3167,source_video_0022,00:01:04,00:01:11
no_throw_clip_3168,source_video_0022,00:01:12,00:01:19
no_throw_clip_3169,source_video_0022,00:01:20,00:01:27
no_throw_clip_3170,source_video_0022,00:02:31,00:02:38
no_throw_clip_3171,source_video_0022,00:02:39,00:02:46
no_throw_clip_3172,source_video_0022,00:02:58,00:03:05
no_throw_clip_3173,source_video_0022,00:03:06,00:03:13
no_throw_clip_3174,source_video_0022,00:03:14,00:03:21
no_throw_clip_3175,source_video_0022,00:03:34,00:03:41
no_throw_clip_3176,source_video_0022,00:03:42,00:03:49
no_throw_clip_3177,source_video_0022,00:04:06,00:04:13
no_throw_clip_3178,source_video_0022,00:04:14,00:04:21
no_throw_clip_3179,source_video_0022,00:04:22,00:04:29
no_throw_clip_3180,source_video_0022,00:04:48,00:04:55
no_throw_clip_3181,source_video_0022,00:05:13,00:05:20
no_throw_clip_3182,source_video_0022,00:05:21,00:05:28
no_throw_clip_3183,source_video_0022,00:05:44,00:05:51
no_throw_clip_3184,source_video_0022,00:05:52,00:05:59
no_throw_clip_3185,source_video_0022,00:06:17,00:06:24
no_throw_clip_3186,source_video_0022,00:06:25,00:06:32
no_throw_clip_3187,source_video_0022,00:07:00,00:07:07
no_throw_clip_3188,source_video_0022,00:07:08,00:07:15
no_throw_clip_3189,source_video_0022,00:07:32,00:07:39
no_throw_clip_3190,source_video_0022,00:07:40,00:07:47
no_throw_clip_3191,source_video_0022,00:08:00,00:08:07
no_throw_clip_3192,source_video_0022,00:08:08,00:08:15
no_throw_clip_3193,source_video_0022,00:08:16,00:08:23
no_throw_clip_3194,source_video_0022,00:08:24,00:08:31
no_throw_clip_3195,source_video_0022,00:08:32,00:08:39
no_throw_clip_3196,source_video_0022,00:08:40,00:08:47
no_throw_clip_3197,source_video_0023,00:00:00,00:00:07
no_throw_clip_3198,source_video_0023,00:00:08,00:00:15
no_throw_clip_3199,source_video_0023,00:00:16,00:00:23
no_throw_clip_3200,source_video_0023,00:00:24,00:00:31
no_throw_clip_3201,source_video_0023,00:00:32,00:00:39
no_throw_clip_3202,source_video_0023,00:00:40,00:00:47
no_throw_clip_3203,source_video_0023,00:00:48,00:00:55
no_throw_clip_3204,source_video_0023,00:00:56,00:01:03
no_throw_clip_3205,source_video_0023,00:01:04,00:01:11
no_throw_clip_3206,source_video_0023,00:01:12,00:01:19
no_throw_clip_3207,source_video_0023,00:01:20,00:01:27
no_throw_clip_3208,source_video_0023,00:01:28,00:01:35
no_throw_clip_3209,source_video_0023,00:01:36,00:01:43
no_throw_clip_3210,source_video_0023,00:01:44,00:01:51
no_throw_clip_3211,source_video_0023,00:01:52,00:01:59
no_throw_clip_3212,source_video_0023,00:02:00,00:02:07
no_throw_clip_3213,source_video_0023,00:02:08,00:02:15
no_throw_clip_3214,source_video_0023,00:02:16,00:02:23
no_throw_clip_3215,source_video_0023,00:02:38,00:02:45
no_throw_clip_3216,source_video_0023,00:02:46,00:02:53
no_throw_clip_3217,source_video_0023,00:02:54,00:03:01
no_throw_clip_3218,source_video_0023,00:03:02,00:03:09
no_throw_clip_3219,source_video_0023,00:03:10,00:03:17
no_throw_clip_3220,source_video_0023,00:03:18,00:03:25
no_throw_clip_3221,source_video_0023,00:03:47,00:03:54
no_throw_clip_3222,source_video_0023,00:03:55,00:04:02
no_throw_clip_3223,source_video_0023,00:04:20,00:04:27
no_throw_clip_3224,source_video_0023,00:04:28,00:04:35
no_throw_clip_3225,source_video_0023,00:04:55,00:05:02
no_throw_clip_3226,source_video_0023,00:05:14,00:05:21
no_throw_clip_3227,source_video_0023,00:05:22,00:05:29
no_throw_clip_3228,source_video_0023,00:05:43,00:05:50
no_throw_clip_3229,source_video_0023,00:05:51,00:05:58
no_throw_clip_3230,source_video_0023,00:06:14,00:06:21
no_throw_clip_3231,source_video_0023,00:06:36,00:06:43
no_throw_clip_3232,source_video_0023,00:06:44,00:06:51
no_throw_clip_3233,source_video_0023,00:06:52,00:06:59
no_throw_clip_3234,source_video_0023,00:07:00,00:07:07
no_throw_clip_3235,source_video_0023,00:07:22,00:07:29
no_throw_clip_3236,source_video_0023,00:07:30,00:07:37
no_throw_clip_3237,source_video_0023,00:07:51,00:07:58
no_throw_clip_3238,source_video_0023,00:07:59,00:08:06
no_throw_clip_3239,source_video_0023,00:08:07,00:08:14
no_throw_clip_3240,source_video_0023,00:08:15,00:08:22
no_throw_clip_3241,source_video_0023,00:08:23,00:08:30
no_throw_clip_3242,source_video_0023,00:08:31,00:08:38
no_throw_clip_3243,source_video_0023,00:08:39,00:08:46
no_throw_clip_3244,source_video_0023,00:08:47,00:08:54
no_throw_clip_3245,source_video_0023,00:08:55,00:09:02
no_throw_clip_3246,source_video_0023,00:09:03,00:09:10
no_throw_clip_3247,source_video_0023,00:09:29,00:09:36
no_throw_clip_3248,source_video_0023,00:09:37,00:09:44
no_throw_clip_3249,source_video_0023,00:09:45,00:09:52
no_throw_clip_3250,source_video_0023,00:09:53,00:10:00
no_throw_clip_3251,source_video_0023,00:10:01,00:10:08
no_throw_clip_3252,source_video_0023,00:10:09,00:10:16
no_throw_clip_3253,source_video_0023,00:10:17,00:10:24
no_throw_clip_3254,source_video_0023,00:10:25,00:10:32
no_throw_clip_3255,source_video_0023,00:10:33,00:10:40
no_throw_clip_3256,source_video_0023,00:10:56,00:11:03
no_throw_clip_3257,source_video_0023,00:11:04,00:11:11
no_throw_clip_3258,source_video_0023,00:11:12,00:11:19
no_throw_clip_3259,source_video_0023,00:11:20,00:11:27
no_throw_clip_3260,source_video_0023,00:11:28,00:11:35
no_throw_clip_3261,source_video_0023,00:11:36,00:11:43
no_throw_clip_3262,source_video_0023,00:11:44,00:11:51
no_throw_clip_3263,source_video_0023,00:11:52,00:11:59
no_throw_clip_3264,source_video_0023,00:12:16,00:12:23
no_throw_clip_3265,source_video_0023,00:12:24,00:12:31
no_throw_clip_3266,source_video_0023,00:12:32,00:12:39
no_throw_clip_3267,source_video_0023,00:12:40,00:12:47
no_throw_clip_3268,source_video_0023,00:12:48,00:12:55
no_throw_clip_3269,source_video_0023,00:13:08,00:13:15
no_throw_clip_3270,source_video_0023,00:13:16,00:13:23
no_throw_clip_3271,source_video_0023,00:13:24,00:13:31
no_throw_clip_3272,source_video_0023,00:13:49,00:13:56
no_throw_clip_3273,source_video_0023,00:13:57,00:14:04
no_throw_clip_3274,source_video_0023,00:14:05,00:14:12
no_throw_clip_3275,source_video_0023,00:14:13,00:14:20
no_throw_clip_3276,source_video_0023,00:14:21,00:14:28
no_throw_clip_3277,source_video_0023,00:14:29,00:14:36
no_throw_clip_3278,source_video_0023,00:14:37,00:14:44
no_throw_clip_3279,source_video_0023,00:15:06,00:15:13
no_throw_clip_3280,source_video_0023,00:15:14,00:15:21
no_throw_clip_3281,source_video_0023,00:15:22,00:15:29
no_throw_clip_3282,source_video_0023,00:15:30,00:15:37
no_throw_clip_3283,source_video_0023,00:15:52,00:15:59
no_throw_clip_3284,source_video_0023,00:16:00,00:16:07
no_throw_clip_3285,source_video_0023,00:16:08,00:16:15
no_throw_clip_3286,source_video_0023,00:16:16,00:16:23
no_throw_clip_3287,source_video_0023,00:16:24,00:16:31
no_throw_clip_3288,source_video_0023,00:16:49,00:16:56
no_throw_clip_3289,source_video_0023,00:16:57,00:17:04
no_throw_clip_3290,source_video_0023,00:17:23,00:17:30
no_throw_clip_3291,source_video_0023,00:17:31,00:17:38
no_throw_clip_3292,source_video_0023,00:17:39,00:17:46
no_throw_clip_3293,source_video_0023,00:17:47,00:17:54
no_throw_clip_3294,source_video_0023,00:18:09,00:18:16
no_throw_clip_3295,source_video_0023,00:18:31,00:18:38
no_throw_clip_3296,source_video_0023,00:18:39,00:18:46
no_throw_clip_3297,source_video_0023,00:18:47,00:18:54
no_throw_clip_3298,source_video_0023,00:18:55,00:19:02
no_throw_clip_3299,source_video_0023,00:19:03,00:19:10
no_throw_clip_3300,source_video_0023,00:19:11,00:19:18
no_throw_clip_3301,source_video_0023,00:19:19,00:19:26
no_throw_clip_3302,source_video_0023,00:19:27,00:19:34
no_throw_clip_3303,source_video_0023,00:19:35,00:19:42
no_throw_clip_3304,source_video_0023,00:19:58,00:20:05
no_throw_clip_3305,source_video_0023,00:20:06,00:20:13
no_throw_clip_3306,source_video_0023,00:20:14,00:20:21
no_throw_clip_3307,source_video_0023,00:20:22,00:20:29
no_throw_clip_3308,source_video_0023,00:20:41,00:20:48
no_throw_clip_3309,source_video_0023,00:20:49,00:20:56
no_throw_clip_3310,source_video_0023,00:20:57,00:21:04
no_throw_clip_3311,source_video_0023,00:21:05,00:21:12
no_throw_clip_3312,source_video_0023,00:21:13,00:21:20
no_throw_clip_3313,source_video_0023,00:21:21,00:21:28
no_throw_clip_3314,source_video_0023,00:21:45,00:21:52
no_throw_clip_3315,source_video_0023,00:21:53,00:22:00
no_throw_clip_3316,source_video_0023,00:22:01,00:22:08
no_throw_clip_3317,source_video_0023,00:22:27,00:22:34
no_throw_clip_3318,source_video_0023,00:22:35,00:22:42
no_throw_clip_3319,source_video_0023,00:22:43,00:22:50
no_throw_clip_3320,source_video_0023,00:22:51,00:22:58
no_throw_clip_3321,source_video_0023,00:22:59,00:23:06
no_throw_clip_3322,source_video_0023,00:23:07,00:23:14
no_throw_clip_3323,source_video_0023,00:23:15,00:23:22
no_throw_clip_3324,source_video_0023,00:23:23,00:23:30
no_throw_clip_3325,source_video_0023,00:23:31,00:23:38
no_throw_clip_3326,source_video_0023,00:23:39,00:23:46
no_throw_clip_3327,source_video_0023,00:23:47,00:23:54
no_throw_clip_3328,source_video_0023,00:23:55,00:24:02
no_throw_clip_3329,source_video_0023,00:24:20,00:24:27
no_throw_clip_3330,source_video_0023,00:24:28,00:24:35
no_throw_clip_3331,source_video_0023,00:24:36,00:24:43
no_throw_clip_3332,source_video_0023,00:24:44,00:24:51
no_throw_clip_3333,source_video_0023,00:24:52,00:24:59
no_throw_clip_3334,source_video_0023,00:25:20,00:25:27
no_throw_clip_3335,source_video_0023,00:25:28,00:25:35
no_throw_clip_3336,source_video_0023,00:25:52,00:25:59
no_throw_clip_3337,source_video_0023,00:26:00,00:26:07
no_throw_clip_3338,source_video_0023,00:26:23,00:26:30
no_throw_clip_3339,source_video_0023,00:26:31,00:26:38
no_throw_clip_3340,source_video_0023,00:26:52,00:26:59
no_throw_clip_3341,source_video_0023,00:27:17,00:27:24
no_throw_clip_3342,source_video_0023,00:27:25,00:27:32
no_throw_clip_3343,source_video_0023,00:27:33,00:27:40
no_throw_clip_3344,source_video_0023,00:27:41,00:27:48
no_throw_clip_3345,source_video_0023,00:27:49,00:27:56
no_throw_clip_3346,source_video_0023,00:27:57,00:28:04
no_throw_clip_3347,source_video_0023,00:28:05,00:28:12
no_throw_clip_3348,source_video_0023,00:28:13,00:28:20
no_throw_clip_3349,source_video_0023,00:28:21,00:28:28
no_throw_clip_3350,source_video_0023,00:28:29,00:28:36
no_throw_clip_3351,source_video_0023,00:28:55,00:29:02
no_throw_clip_3352,source_video_0023,00:29:03,00:29:10
no_throw_clip_3353,source_video_0023,00:29:11,00:29:18
no_throw_clip_3354,source_video_0023,00:29:19,00:29:26
no_throw_clip_3355,source_video_0023,00:29:27,00:29:34
no_throw_clip_3356,source_video_0023,00:29:46,00:29:53
no_throw_clip_3357,source_video_0023,00:29:54,00:30:01
no_throw_clip_3358,source_video_0023,00:30:18,00:30:25
no_throw_clip_3359,source_video_0023,00:30:57,00:31:04
no_throw_clip_3360,source_video_0023,00:31:05,00:31:12
no_throw_clip_3361,source_video_0023,00:31:13,00:31:20
no_throw_clip_3362,source_video_0023,00:31:21,00:31:28
no_throw_clip_3363,source_video_0023,00:31:29,00:31:36
no_throw_clip_3364,source_video_0023,00:31:37,00:31:44
no_throw_clip_3365,source_video_0023,00:31:45,00:31:52
no_throw_clip_3366,source_video_0023,00:31:53,00:32:00
no_throw_clip_3367,source_video_0023,00:32:01,00:32:08
no_throw_clip_3368,source_video_0023,00:32:09,00:32:16
no_throw_clip_3369,source_video_0023,00:32:17,00:32:24
no_throw_clip_3370,source_video_0023,00:32:25,00:32:32
no_throw_clip_3371,source_video_0023,00:32:33,00:32:40
no_throw_clip_3372,source_video_0023,00:32:41,00:32:48
no_throw_clip_3373,source_video_0023,00:32:49,00:32:56
no_throw_clip_3374,source_video_0023,00:32:57,00:33:04
no_throw_clip_3375,source_video_0023,00:33:05,00:33:12
no_throw_clip_3376,source_video_0023,00:33:13,00:33:20
no_throw_clip_3377,source_video_0023,00:33:21,00:33:28
no_throw_clip_3378,source_video_0023,00:33:29,00:33:36
no_throw_clip_3379,source_video_0023,00:33:37,00:33:44
no_throw_clip_3380,source_video_0023,00:33:45,00:33:52
no_throw_clip_3381,source_video_0023,00:33:53,00:34:00
no_throw_clip_3382,source_video_0023,00:34:01,00:34:08
no_throw_clip_3383,source_video_0023,00:34:09,00:34:16
no_throw_clip_3384,source_video_0023,00:34:17,00:34:24
no_throw_clip_3385,source_video_0023,00:34:25,00:34:32
no_throw_clip_3386,source_video_0023,00:34:33,00:34:40
no_throw_clip_3387,source_video_0023,00:34:41,00:34:48
no_throw_clip_3388,source_video_0023,00:34:49,00:34:56
no_throw_clip_3389,source_video_0023,00:34:57,00:35:04
no_throw_clip_3390,source_video_0023,00:35:05,00:35:12
no_throw_clip_3391,source_video_0023,00:35:13,00:35:20
no_throw_clip_3392,source_video_0023,00:35:21,00:35:28
no_throw_clip_3393,source_video_0023,00:35:29,00:35:36
no_throw_clip_3394,source_video_0023,00:35:37,00:35:44
no_throw_clip_3395,source_video_0023,00:35:45,00:35:52
no_throw_clip_3396,source_video_0023,00:35:53,00:36:00
no_throw_clip_3397,source_video_0023,00:36:01,00:36:08
no_throw_clip_3398,source_video_0023,00:36:09,00:36:16
no_throw_clip_3399,source_video_0023,00:36:17,00:36:24
no_throw_clip_3400,source_video_0023,00:36:25,00:36:32
no_throw_clip_3401,source_video_0023,00:36:33,00:36:40
no_throw_clip_3402,source_video_0023,00:36:41,00:36:48
no_throw_clip_3403,source_video_0023,00:36:49,00:36:56
no_throw_clip_3404,source_video_0023,00:36:57,00:37:04
no_throw_clip_3405,source_video_0024,00:00:00,00:00:07
no_throw_clip_3406,source_video_0024,00:00:08,00:00:15
no_throw_clip_3407,source_video_0024,00:00:16,00:00:23
no_throw_clip_3408,source_video_0024,00:00:24,00:00:31
no_throw_clip_3409,source_video_0024,00:00:32,00:00:39
no_throw_clip_3410,source_video_0024,00:00:40,00:00:47
no_throw_clip_3411,source_video_0024,00:00:48,00:00:55
no_throw_clip_3412,source_video_0024,00:00:56,00:01:03
no_throw_clip_3413,source_video_0024,00:01:04,00:01:11
no_throw_clip_3414,source_video_0024,00:01:28,00:01:35
no_throw_clip_3415,source_video_0024,00:01:49,00:01:56
no_throw_clip_3416,source_video_0024,00:01:57,00:02:04
no_throw_clip_3417,source_video_0024,00:02:05,00:02:12
no_throw_clip_3418,source_video_0024,00:02:13,00:02:20
no_throw_clip_3419,source_video_0024,00:02:21,00:02:28
no_throw_clip_3420,source_video_0024,00:02:29,00:02:36
no_throw_clip_3421,source_video_0024,00:02:37,00:02:44
no_throw_clip_3422,source_video_0024,00:03:04,00:03:11
no_throw_clip_3423,source_video_0024,00:03:12,00:03:19
no_throw_clip_3424,source_video_0024,00:03:20,00:03:27
no_throw_clip_3425,source_video_0024,00:03:28,00:03:35
no_throw_clip_3426,source_video_0024,00:03:36,00:03:43
no_throw_clip_3427,source_video_0024,00:03:44,00:03:51
no_throw_clip_3428,source_video_0024,00:03:52,00:03:59
no_throw_clip_3429,source_video_0024,00:04:00,00:04:07
no_throw_clip_3430,source_video_0024,00:04:20,00:04:27
no_throw_clip_3431,source_video_0024,00:04:28,00:04:35
no_throw_clip_3432,source_video_0024,00:04:36,00:04:43
no_throw_clip_3433,source_video_0024,00:04:44,00:04:51
no_throw_clip_3434,source_video_0024,00:04:52,00:04:59
no_throw_clip_3435,source_video_0024,00:05:00,00:05:07
no_throw_clip_3436,source_video_0024,00:05:08,00:05:15
no_throw_clip_3437,source_video_0024,00:05:16,00:05:23
no_throw_clip_3438,source_video_0024,00:05:24,00:05:31
no_throw_clip_3439,source_video_0024,00:05:43,00:05:50
no_throw_clip_3440,source_video_0024,00:05:51,00:05:58
no_throw_clip_3441,source_video_0024,00:05:59,00:06:06
no_throw_clip_3442,source_video_0024,00:06:07,00:06:14
no_throw_clip_3443,source_video_0024,00:06:29,00:06:36
no_throw_clip_3444,source_video_0024,00:06:37,00:06:44
no_throw_clip_3445,source_video_0024,00:06:58,00:07:05
no_throw_clip_3446,source_video_0024,00:07:06,00:07:13
no_throw_clip_3447,source_video_0024,00:07:14,00:07:21
no_throw_clip_3448,source_video_0024,00:07:22,00:07:29
no_throw_clip_3449,source_video_0024,00:07:30,00:07:37
no_throw_clip_3450,source_video_0024,00:07:38,00:07:45
no_throw_clip_3451,source_video_0024,00:07:46,00:07:53
no_throw_clip_3452,source_video_0024,00:08:10,00:08:17
no_throw_clip_3453,source_video_0024,00:08:18,00:08:25
no_throw_clip_3454,source_video_0024,00:08:26,00:08:33
no_throw_clip_3455,source_video_0024,00:08:34,00:08:41
no_throw_clip_3456,source_video_0024,00:08:42,00:08:49
no_throw_clip_3457,source_video_0024,00:08:50,00:08:57
no_throw_clip_3458,source_video_0024,00:08:58,00:09:05
no_throw_clip_3459,source_video_0024,00:09:06,00:09:13
no_throw_clip_3460,source_video_0024,00:09:14,00:09:21
no_throw_clip_3461,source_video_0024,00:09:22,00:09:29
no_throw_clip_3462,source_video_0024,00:09:30,00:09:37
no_throw_clip_3463,source_video_0024,00:09:38,00:09:45
no_throw_clip_3464,source_video_0024,00:09:46,00:09:53
no_throw_clip_3465,source_video_0024,00:09:54,00:10:01
no_throw_clip_3466,source_video_0024,00:10:02,00:10:09
no_throw_clip_3467,source_video_0024,00:10:10,00:10:17
no_throw_clip_3468,source_video_0024,00:10:18,00:10:25
no_throw_clip_3469,source_video_0024,00:10:26,00:10:33
no_throw_clip_3470,source_video_0024,00:10:34,00:10:41
no_throw_clip_3471,source_video_0024,00:10:42,00:10:49
no_throw_clip_3472,source_video_0024,00:10:50,00:10:57
no_throw_clip_3473,source_video_0024,00:11:10,00:11:17
no_throw_clip_3474,source_video_0024,00:11:18,00:11:25
no_throw_clip_3475,source_video_0024,00:11:26,00:11:33
no_throw_clip_3476,source_video_0024,00:11:34,00:11:41
no_throw_clip_3477,source_video_0024,00:11:58,00:12:05
no_throw_clip_3478,source_video_0024,00:12:06,00:12:13
no_throw_clip_3479,source_video_0024,00:12:26,00:12:33
no_throw_clip_3480,source_video_0024,00:12:34,00:12:41
no_throw_clip_3481,source_video_0024,00:12:42,00:12:49
no_throw_clip_3482,source_video_0024,00:12:50,00:12:57
no_throw_clip_3483,source_video_0024,00:13:21,00:13:28
no_throw_clip_3484,source_video_0024,00:13:29,00:13:36
no_throw_clip_3485,source_video_0024,00:13:37,00:13:44
no_throw_clip_3486,source_video_0024,00:13:45,00:13:52
no_throw_clip_3487,source_video_0024,00:13:53,00:14:00
no_throw_clip_3488,source_video_0024,00:14:01,00:14:08
no_throw_clip_3489,source_video_0024,00:14:09,00:14:16
no_throw_clip_3490,source_video_0024,00:14:17,00:14:24
no_throw_clip_3491,source_video_0024,00:14:36,00:14:43
no_throw_clip_3492,source_video_0024,00:14:44,00:14:51
no_throw_clip_3493,source_video_0024,00:14:52,00:14:59
no_throw_clip_3494,source_video_0024,00:15:00,00:15:07
no_throw_clip_3495,source_video_0024,00:15:22,00:15:29
no_throw_clip_3496,source_video_0024,00:15:30,00:15:37
no_throw_clip_3497,source_video_0024,00:15:38,00:15:45
no_throw_clip_3498,source_video_0024,00:15:57,00:16:04
no_throw_clip_3499,source_video_0024,00:16:05,00:16:12
no_throw_clip_3500,source_video_0024,00:16:27,00:16:34
no_throw_clip_3501,source_video_0024,00:16:35,00:16:42
no_throw_clip_3502,source_video_0024,00:17:14,00:17:21
no_throw_clip_3503,source_video_0024,00:17:22,00:17:29
no_throw_clip_3504,source_video_0024,00:17:30,00:17:37
no_throw_clip_3505,source_video_0024,00:17:38,00:17:45
no_throw_clip_3506,source_video_0024,00:17:46,00:17:53
no_throw_clip_3507,source_video_0024,00:17:54,00:18:01
no_throw_clip_3508,source_video_0024,00:18:15,00:18:22
no_throw_clip_3509,source_video_0024,00:18:23,00:18:30
no_throw_clip_3510,source_video_0024,00:18:31,00:18:38
no_throw_clip_3511,source_video_0024,00:18:39,00:18:46
no_throw_clip_3512,source_video_0024,00:18:47,00:18:54
no_throw_clip_3513,source_video_0024,00:18:55,00:19:02
no_throw_clip_3514,source_video_0024,00:19:03,00:19:10
no_throw_clip_3515,source_video_0024,00:19:11,00:19:18
no_throw_clip_3516,source_video_0024,00:19:35,00:19:42
no_throw_clip_3517,source_video_0024,00:19:43,00:19:50
no_throw_clip_3518,source_video_0024,00:19:51,00:19:58
no_throw_clip_3519,source_video_0024,00:19:59,00:20:06
no_throw_clip_3520,source_video_0024,00:20:07,00:20:14
no_throw_clip_3521,source_video_0024,00:20:15,00:20:22
no_throw_clip_3522,source_video_0024,00:20:23,00:20:30
no_throw_clip_3523,source_video_0024,00:20:31,00:20:38
no_throw_clip_3524,source_video_0024,00:20:39,00:20:46
no_throw_clip_3525,source_video_0024,00:20:47,00:20:54
no_throw_clip_3526,source_video_0024,00:20:55,00:21:02
no_throw_clip_3527,source_video_0024,00:21:03,00:21:10
no_throw_clip_3528,source_video_0024,00:21:11,00:21:18
no_throw_clip_3529,source_video_0024,00:21:19,00:21:26
no_throw_clip_3530,source_video_0024,00:21:27,00:21:34
no_throw_clip_3531,source_video_0024,00:21:35,00:21:42
no_throw_clip_3532,source_video_0024,00:21:43,00:21:50
no_throw_clip_3533,source_video_0024,00:21:51,00:21:58
no_throw_clip_3534,source_video_0024,00:21:59,00:22:06
no_throw_clip_3535,source_video_0024,00:22:07,00:22:14
no_throw_clip_3536,source_video_0024,00:22:15,00:22:22
no_throw_clip_3537,source_video_0024,00:22:23,00:22:30
no_throw_clip_3538,source_video_0024,00:22:31,00:22:38
no_throw_clip_3539,source_video_0024,00:23:05,00:23:12
no_throw_clip_3540,source_video_0024,00:23:13,00:23:20
no_throw_clip_3541,source_video_0024,00:23:21,00:23:28
no_throw_clip_3542,source_video_0024,00:23:29,00:23:36
no_throw_clip_3543,source_video_0024,00:23:37,00:23:44
no_throw_clip_3544,source_video_0024,00:23:45,00:23:52
no_throw_clip_3545,source_video_0024,00:24:04,00:24:11
no_throw_clip_3546,source_video_0024,00:24:12,00:24:19
no_throw_clip_3547,source_video_0024,00:24:20,00:24:27
no_throw_clip_3548,source_video_0024,00:24:28,00:24:35
no_throw_clip_3549,source_video_0024,00:24:52,00:24:59
no_throw_clip_3550,source_video_0024,00:25:00,00:25:07
no_throw_clip_3551,source_video_0024,00:25:08,00:25:15
no_throw_clip_3552,source_video_0024,00:25:16,00:25:23
no_throw_clip_3553,source_video_0024,00:25:24,00:25:31
no_throw_clip_3554,source_video_0024,00:25:32,00:25:39
no_throw_clip_3555,source_video_0024,00:25:57,00:26:04
no_throw_clip_3556,source_video_0024,00:26:05,00:26:12
no_throw_clip_3557,source_video_0024,00:26:13,00:26:20
no_throw_clip_3558,source_video_0024,00:26:21,00:26:28
no_throw_clip_3559,source_video_0024,00:26:29,00:26:36
no_throw_clip_3560,source_video_0024,00:26:37,00:26:44
no_throw_clip_3561,source_video_0024,00:26:45,00:26:52
no_throw_clip_3562,source_video_0024,00:26:53,00:27:00
no_throw_clip_3563,source_video_0024,00:27:17,00:27:24
no_throw_clip_3564,source_video_0024,00:27:25,00:27:32
no_throw_clip_3565,source_video_0024,00:27:44,00:27:51
no_throw_clip_3566,source_video_0024,00:27:52,00:27:59
no_throw_clip_3567,source_video_0024,00:28:22,00:28:29
no_throw_clip_3568,source_video_0024,00:28:30,00:28:37
no_throw_clip_3569,source_video_0024,00:28:38,00:28:45
no_throw_clip_3570,source_video_0024,00:29:05,00:29:12
no_throw_clip_3571,source_video_0024,00:29:13,00:29:20
no_throw_clip_3572,source_video_0024,00:29:21,00:29:28
no_throw_clip_3573,source_video_0024,00:29:29,00:29:36
no_throw_clip_3574,source_video_0024,00:29:37,00:29:44
no_throw_clip_3575,source_video_0024,00:29:45,00:29:52
no_throw_clip_3576,source_video_0024,00:30:10,00:30:17
no_throw_clip_3577,source_video_0024,00:30:18,00:30:25
no_throw_clip_3578,source_video_0024,00:30:26,00:30:33
no_throw_clip_3579,source_video_0024,00:30:34,00:30:41
no_throw_clip_3580,source_video_0024,00:30:42,00:30:49
no_throw_clip_3581,source_video_0024,00:30:50,00:30:57
no_throw_clip_3582,source_video_0024,00:30:58,00:31:05
no_throw_clip_3583,source_video_0024,00:31:06,00:31:13
no_throw_clip_3584,source_video_0024,00:31:14,00:31:21
no_throw_clip_3585,source_video_0024,00:31:22,00:31:29
no_throw_clip_3586,source_video_0024,00:31:30,00:31:37
no_throw_clip_3587,source_video_0024,00:31:38,00:31:45
no_throw_clip_3588,source_video_0024,00:31:46,00:31:53
no_throw_clip_3589,source_video_0024,00:32:16,00:32:23
no_throw_clip_3590,source_video_0024,00:32:24,00:32:31
no_throw_clip_3591,source_video_0024,00:32:32,00:32:39
no_throw_clip_3592,source_video_0024,00:32:40,00:32:47
no_throw_clip_3593,source_video_0024,00:32:48,00:32:55
no_throw_clip_3594,source_video_0024,00:32:56,00:33:03
no_throw_clip_3595,source_video_0024,00:33:04,00:33:11
no_throw_clip_3596,source_video_0024,00:33:12,00:33:19
no_throw_clip_3597,source_video_0024,00:33:20,00:33:27
no_throw_clip_3598,source_video_0024,00:33:40,00:33:47
no_throw_clip_3599,source_video_0024,00:34:04,00:34:11
no_throw_clip_3600,source_video_0024,00:34:12,00:34:19
no_throw_clip_3601,source_video_0024,00:34:20,00:34:27
no_throw_clip_3602,source_video_0024,00:34:28,00:34:35
no_throw_clip_3603,source_video_0024,00:34:36,00:34:43
no_throw_clip_3604,source_video_0024,00:34:44,00:34:51
no_throw_clip_3605,source_video_0024,00:34:52,00:34:59
no_throw_clip_3606,source_video_0024,00:35:00,00:35:07
no_throw_clip_3607,source_video_0024,00:35:08,00:35:15
no_throw_clip_3608,source_video_0024,00:35:16,00:35:23
no_throw_clip_3609,source_video_0024,00:35:24,00:35:31
no_throw_clip_3610,source_video_0024,00:35:32,00:35:39
no_throw_clip_3611,source_video_0025,00:00:00,00:00:07
no_throw_clip_3612,source_video_0025,00:00:08,00:00:15
no_throw_clip_3613,source_video_0025,00:00:16,00:00:23
no_throw_clip_3614,source_video_0025,00:00:24,00:00:31
no_throw_clip_3615,source_video_0025,00:00:32,00:00:39
no_throw_clip_3616,source_video_0025,00:00:40,00:00:47
no_throw_clip_3617,source_video_0025,00:00:48,00:00:55
no_throw_clip_3618,source_video_0025,00:00:56,00:01:03
no_throw_clip_3619,source_video_0025,00:01:18,00:01:25
no_throw_clip_3620,source_video_0025,00:01:26,00:01:33
no_throw_clip_3621,source_video_0025,00:01:34,00:01:41
no_throw_clip_3622,source_video_0025,00:01:42,00:01:49
no_throw_clip_3623,source_video_0025,00:01:50,00:01:57
no_throw_clip_3624,source_video_0025,00:01:58,00:02:05
no_throw_clip_3625,source_video_0025,00:02:06,00:02:13
no_throw_clip_3626,source_video_0025,00:02:30,00:02:37
no_throw_clip_3627,source_video_0025,00:02:38,00:02:45
no_throw_clip_3628,source_video_0025,00:02:46,00:02:53
no_throw_clip_3629,source_video_0025,00:02:54,00:03:01
no_throw_clip_3630,source_video_0025,00:03:15,00:03:22
no_throw_clip_3631,source_video_0025,00:03:23,00:03:30
no_throw_clip_3632,source_video_0025,00:03:31,00:03:38
no_throw_clip_3633,source_video_0025,00:03:39,00:03:46
no_throw_clip_3634,source_video_0025,00:03:47,00:03:54
no_throw_clip_3635,source_video_0025,00:04:08,00:04:15
no_throw_clip_3636,source_video_0025,00:04:16,00:04:23
no_throw_clip_3637,source_video_0025,00:04:24,00:04:31
no_throw_clip_3638,source_video_0025,00:04:32,00:04:39
no_throw_clip_3639,source_video_0025,00:04:40,00:04:47
no_throw_clip_3640,source_video_0025,00:04:48,00:04:55
no_throw_clip_3641,source_video_0025,00:04:56,00:05:03
no_throw_clip_3642,source_video_0025,00:05:04,00:05:11
no_throw_clip_3643,source_video_0025,00:05:12,00:05:19
no_throw_clip_3644,source_video_0025,00:05:20,00:05:27
no_throw_clip_3645,source_video_0025,00:05:28,00:05:35
no_throw_clip_3646,source_video_0025,00:05:51,00:05:58
no_throw_clip_3647,source_video_0025,00:05:59,00:06:06
no_throw_clip_3648,source_video_0025,00:06:07,00:06:14
no_throw_clip_3649,source_video_0025,00:06:15,00:06:22
no_throw_clip_3650,source_video_0025,00:06:42,00:06:49
no_throw_clip_3651,source_video_0025,00:06:50,00:06:57
no_throw_clip_3652,source_video_0025,00:07:09,00:07:16
no_throw_clip_3653,source_video_0025,00:07:17,00:07:24
no_throw_clip_3654,source_video_0025,00:07:25,00:07:32
no_throw_clip_3655,source_video_0025,00:07:33,00:07:40
no_throw_clip_3656,source_video_0025,00:07:41,00:07:48
no_throw_clip_3657,source_video_0025,00:07:49,00:07:56
no_throw_clip_3658,source_video_0025,00:07:57,00:08:04
no_throw_clip_3659,source_video_0025,00:08:22,00:08:29
no_throw_clip_3660,source_video_0025,00:08:30,00:08:37
no_throw_clip_3661,source_video_0025,00:08:53,00:09:00
no_throw_clip_3662,source_video_0025,00:09:01,00:09:08
no_throw_clip_3663,source_video_0025,00:09:20,00:09:27
no_throw_clip_3664,source_video_0025,00:09:28,00:09:35
no_throw_clip_3665,source_video_0025,00:09:54,00:10:01
no_throw_clip_3666,source_video_0025,00:10:02,00:10:09
no_throw_clip_3667,source_video_0025,00:10:10,00:10:17
no_throw_clip_3668,source_video_0025,00:10:18,00:10:25
no_throw_clip_3669,source_video_0025,00:10:26,00:10:33
no_throw_clip_3670,source_video_0025,00:10:34,00:10:41
no_throw_clip_3671,source_video_0025,00:10:42,00:10:49
no_throw_clip_3672,source_video_0025,00:10:50,00:10:57
no_throw_clip_3673,source_video_0025,00:10:58,00:11:05
no_throw_clip_3674,source_video_0025,00:11:06,00:11:13
no_throw_clip_3675,source_video_0025,00:11:14,00:11:21
no_throw_clip_3676,source_video_0025,00:11:39,00:11:46
no_throw_clip_3677,source_video_0025,00:11:47,00:11:54
no_throw_clip_3678,source_video_0025,00:11:55,00:12:02
no_throw_clip_3679,source_video_0025,00:12:03,00:12:10
no_throw_clip_3680,source_video_0025,00:12:11,00:12:18
no_throw_clip_3681,source_video_0025,00:12:19,00:12:26
no_throw_clip_3682,source_video_0025,00:12:27,00:12:34
no_throw_clip_3683,source_video_0025,00:12:54,00:13:01
no_throw_clip_3684,source_video_0025,00:13:02,00:13:09
no_throw_clip_3685,source_video_0025,00:13:10,00:13:17
no_throw_clip_3686,source_video_0025,00:13:18,00:13:25
no_throw_clip_3687,source_video_0025,00:13:26,00:13:33
no_throw_clip_3688,source_video_0025,00:13:34,00:13:41
no_throw_clip_3689,source_video_0025,00:13:42,00:13:49
no_throw_clip_3690,source_video_0025,00:14:06,00:14:13
no_throw_clip_3691,source_video_0025,00:14:14,00:14:21
no_throw_clip_3692,source_video_0025,00:14:22,00:14:29
no_throw_clip_3693,source_video_0025,00:14:30,00:14:37
no_throw_clip_3694,source_video_0025,00:14:54,00:15:01
no_throw_clip_3695,source_video_0025,00:15:02,00:15:09
no_throw_clip_3696,source_video_0025,00:15:10,00:15:17
no_throw_clip_3697,source_video_0025,00:15:18,00:15:25
no_throw_clip_3698,source_video_0025,00:15:26,00:15:33
no_throw_clip_3699,source_video_0025,00:15:34,00:15:41
no_throw_clip_3700,source_video_0025,00:15:42,00:15:49
no_throw_clip_3701,source_video_0025,00:15:50,00:15:57
no_throw_clip_3702,source_video_0025,00:16:14,00:16:21
no_throw_clip_3703,source_video_0025,00:16:34,00:16:41
no_throw_clip_3704,source_video_0025,00:16:42,00:16:49
no_throw_clip_3705,source_video_0025,00:17:05,00:17:12
no_throw_clip_3706,source_video_0025,00:17:13,00:17:20
no_throw_clip_3707,source_video_0025,00:17:21,00:17:28
no_throw_clip_3708,source_video_0025,00:17:29,00:17:36
no_throw_clip_3709,source_video_0025,00:17:54,00:18:01
no_throw_clip_3710,source_video_0025,00:18:21,00:18:28
no_throw_clip_3711,source_video_0025,00:18:29,00:18:36
no_throw_clip_3712,source_video_0025,00:18:37,00:18:44
no_throw_clip_3713,source_video_0025,00:19:02,00:19:09
no_throw_clip_3714,source_video_0025,00:19:10,00:19:17
no_throw_clip_3715,source_video_0025,00:19:18,00:19:25
no_throw_clip_3716,source_video_0025,00:19:37,00:19:44
no_throw_clip_3717,source_video_0025,00:19:45,00:19:52
no_throw_clip_3718,source_video_0025,00:19:53,00:20:00
no_throw_clip_3719,source_video_0025,00:20:01,00:20:08
no_throw_clip_3720,source_video_0025,00:20:09,00:20:16
no_throw_clip_3721,source_video_0025,00:20:17,00:20:24
no_throw_clip_3722,source_video_0025,00:20:25,00:20:32
no_throw_clip_3723,source_video_0025,00:20:33,00:20:40
no_throw_clip_3724,source_video_0025,00:20:57,00:21:04
no_throw_clip_3725,source_video_0025,00:21:05,00:21:12
no_throw_clip_3726,source_video_0025,00:21:13,00:21:20
no_throw_clip_3727,source_video_0025,00:21:36,00:21:43
no_throw_clip_3728,source_video_0025,00:21:44,00:21:51
no_throw_clip_3729,source_video_0025,00:21:52,00:21:59
no_throw_clip_3730,source_video_0025,00:22:12,00:22:19
no_throw_clip_3731,source_video_0025,00:22:20,00:22:27
no_throw_clip_3732,source_video_0025,00:22:28,00:22:35
no_throw_clip_3733,source_video_0025,00:22:36,00:22:43
no_throw_clip_3734,source_video_0025,00:22:58,00:23:05
no_throw_clip_3735,source_video_0025,00:23:06,00:23:13
no_throw_clip_3736,source_video_0025,00:23:14,00:23:21
no_throw_clip_3737,source_video_0025,00:23:38,00:23:45
no_throw_clip_3738,source_video_0025,00:23:46,00:23:53
no_throw_clip_3739,source_video_0025,00:23:54,00:24:01
no_throw_clip_3740,source_video_0025,00:24:18,00:24:25
no_throw_clip_3741,source_video_0025,00:24:26,00:24:33
no_throw_clip_3742,source_video_0025,00:24:34,00:24:41
no_throw_clip_3743,source_video_0025,00:24:42,00:24:49
no_throw_clip_3744,source_video_0025,00:24:50,00:24:57
no_throw_clip_3745,source_video_0025,00:24:58,00:25:05
no_throw_clip_3746,source_video_0025,00:25:06,00:25:13
no_throw_clip_3747,source_video_0025,00:25:14,00:25:21
no_throw_clip_3748,source_video_0025,00:25:22,00:25:29
no_throw_clip_3749,source_video_0025,00:25:30,00:25:37
no_throw_clip_3750,source_video_0025,00:25:54,00:26:01
no_throw_clip_3751,source_video_0025,00:26:02,00:26:09
no_throw_clip_3752,source_video_0025,00:26:10,00:26:17
no_throw_clip_3753,source_video_0025,00:26:18,00:26:25
no_throw_clip_3754,source_video_0025,00:26:26,00:26:33
no_throw_clip_3755,source_video_0025,00:26:50,00:26:57
no_throw_clip_3756,source_video_0025,00:26:58,00:27:05
no_throw_clip_3757,source_video_0025,00:27:06,00:27:13
no_throw_clip_3758,source_video_0025,00:27:14,00:27:21
no_throw_clip_3759,source_video_0025,00:27:22,00:27:29
no_throw_clip_3760,source_video_0025,00:27:30,00:27:37
no_throw_clip_3761,source_video_0025,00:27:38,00:27:45
no_throw_clip_3762,source_video_0025,00:27:46,00:27:53
no_throw_clip_3763,source_video_0025,00:28:06,00:28:13
no_throw_clip_3764,source_video_0025,00:28:28,00:28:35
no_throw_clip_3765,source_video_0025,00:28:36,00:28:43
no_throw_clip_3766,source_video_0025,00:28:44,00:28:51
no_throw_clip_3767,source_video_0025,00:28:52,00:28:59
no_throw_clip_3768,source_video_0025,00:29:00,00:29:07
no_throw_clip_3769,source_video_0025,00:29:08,00:29:15
no_throw_clip_3770,source_video_0025,00:29:16,00:29:23
no_throw_clip_3771,source_video_0025,00:29:24,00:29:31
no_throw_clip_3772,source_video_0025,00:29:32,00:29:39
no_throw_clip_3773,source_video_0025,00:29:40,00:29:47
no_throw_clip_3774,source_video_0025,00:29:48,00:29:55
no_throw_clip_3775,source_video_0025,00:29:56,00:30:03
no_throw_clip_3776,source_video_0025,00:30:04,00:30:11
no_throw_clip_3777,source_video_0025,00:30:12,00:30:19
no_throw_clip_3778,source_video_0025,00:30:20,00:30:27
no_throw_clip_3779,source_video_0025,00:30:28,00:30:35
no_throw_clip_3780,source_video_0025,00:30:36,00:30:43
no_throw_clip_3781,source_video_0025,00:30:44,00:30:51
no_throw_clip_3782,source_video_0025,00:30:52,00:30:59
no_throw_clip_3783,source_video_0025,00:31:00,00:31:07
no_throw_clip_3784,source_video_0025,00:31:08,00:31:15
no_throw_clip_3785,source_video_0025,00:31:16,00:31:23
no_throw_clip_3786,source_video_0025,00:31:24,00:31:31
no_throw_clip_3787,source_video_0025,00:31:32,00:31:39
no_throw_clip_3788,source_video_0025,00:31:40,00:31:47
no_throw_clip_3789,source_video_0025,00:31:48,00:31:55
no_throw_clip_3790,source_video_0025,00:31:56,00:32:03
no_throw_clip_3791,source_video_0025,00:32:04,00:32:11
no_throw_clip_3792,source_video_0025,00:32:12,00:32:19
no_throw_clip_3793,source_video_0025,00:32:20,00:32:27
no_throw_clip_3794,source_video_0025,00:32:28,00:32:35
no_throw_clip_3795,source_video_0025,00:32:36,00:32:43
no_throw_clip_3796,source_video_0025,00:32:44,00:32:51
no_throw_clip_3797,source_video_0025,00:32:52,00:32:59
no_throw_clip_3798,source_video_0025,00:33:00,00:33:07
no_throw_clip_3799,source_video_0025,00:33:08,00:33:15
no_throw_clip_3800,source_video_0025,00:33:16,00:33:23
no_throw_clip_3801,source_video_0025,00:33:24,00:33:31
no_throw_clip_3802,source_video_0025,00:33:32,00:33:39
no_throw_clip_3803,source_video_0025,00:33:40,00:33:47
no_throw_clip_3804,source_video_0025,00:33:48,00:33:55
no_throw_clip_3805,source_video_0025,00:33:56,00:34:03
no_throw_clip_3806,source_video_0025,00:34:04,00:34:11
no_throw_clip_3807,source_video_0025,00:34:12,00:34:19
no_throw_clip_3808,source_video_0025,00:34:20,00:34:27
no_throw_clip_3809,source_video_0025,00:34:28,00:34:35
no_throw_clip_3810,source_video_0025,00:34:36,00:34:43
no_throw_clip_3811,source_video_0025,00:34:44,00:34:51
no_throw_clip_3812,source_video_0025,00:34:52,00:34:59
no_throw_clip_3813,source_video_0025,00:35:00,00:35:07
no_throw_clip_3814,source_video_0025,00:35:08,00:35:15
no_throw_clip_3815,source_video_0025,00:35:16,00:35:23
no_throw_clip_3816,source_video_0025,00:35:24,00:35:31
no_throw_clip_3817,source_video_0025,00:35:32,00:35:39
no_throw_clip_3818,source_video_0025,00:35:40,00:35:47
no_throw_clip_3819,source_video_0025,00:35:48,00:35:55
no_throw_clip_3820,source_video_0025,00:35:56,00:36:03
no_throw_clip_3821,source_video_0025,00:36:04,00:36:11
no_throw_clip_3822,source_video_0025,00:36:12,00:36:19
no_throw_clip_3823,source_video_0025,00:36:20,00:36:27
no_throw_clip_3824,source_video_0025,00:36:28,00:36:35
no_throw_clip_3825,source_video_0026,00:00:00,00:00:07
no_throw_clip_3826,source_video_0026,00:00:20,00:00:27
no_throw_clip_3827,source_video_0026,00:00:28,00:00:35
no_throw_clip_3828,source_video_0026,00:00:36,00:00:43
no_throw_clip_3829,source_video_0026,00:00:44,00:00:51
no_throw_clip_3830,source_video_0026,00:01:05,00:01:12
no_throw_clip_3831,source_video_0026,00:01:29,00:01:36
no_throw_clip_3832,source_video_0026,00:01:49,00:01:56
no_throw_clip_3833,source_video_0026,00:02:10,00:02:17
no_throw_clip_3834,source_video_0026,00:02:18,00:02:25
no_throw_clip_3835,source_video_0026,00:02:26,00:02:33
no_throw_clip_3836,source_video_0026,00:02:34,00:02:41
no_throw_clip_3837,source_video_0026,00:02:42,00:02:49
no_throw_clip_3838,source_video_0026,00:03:02,00:03:09
no_throw_clip_3839,source_video_0026,00:03:10,00:03:17
no_throw_clip_3840,source_video_0026,00:03:18,00:03:25
no_throw_clip_3841,source_video_0026,00:04:01,00:04:08
no_throw_clip_3842,source_video_0026,00:04:09,00:04:16
no_throw_clip_3843,source_video_0026,00:04:17,00:04:24
no_throw_clip_3844,source_video_0026,00:04:25,00:04:32
no_throw_clip_3845,source_video_0026,00:04:33,00:04:40
no_throw_clip_3846,source_video_0026,00:04:55,00:05:02
no_throw_clip_3847,source_video_0026,00:05:03,00:05:10
no_throw_clip_3848,source_video_0026,00:05:23,00:05:30
no_throw_clip_3849,source_video_0026,00:05:43,00:05:50
no_throw_clip_3850,source_video_0026,00:05:51,00:05:58
no_throw_clip_3851,source_video_0026,00:05:59,00:06:06
no_throw_clip_3852,source_video_0026,00:06:23,00:06:30
no_throw_clip_3853,source_video_0026,00:06:31,00:06:38
no_throw_clip_3854,source_video_0026,00:06:54,00:07:01
no_throw_clip_3855,source_video_0026,00:07:02,00:07:09
no_throw_clip_3856,source_video_0026,00:07:10,00:07:17
no_throw_clip_3857,source_video_0026,00:07:18,00:07:25
no_throw_clip_3858,source_video_0026,00:07:26,00:07:33
no_throw_clip_3859,source_video_0026,00:07:34,00:07:41
no_throw_clip_3860,source_video_0026,00:07:42,00:07:49
no_throw_clip_3861,source_video_0026,00:07:50,00:07:57
no_throw_clip_3862,source_video_0026,00:07:58,00:08:05
no_throw_clip_3863,source_video_0026,00:08:06,00:08:13
no_throw_clip_3864,source_video_0026,00:08:14,00:08:21
no_throw_clip_3865,source_video_0026,00:08:22,00:08:29
no_throw_clip_3866,source_video_0026,00:08:30,00:08:37
no_throw_clip_3867,source_video_0026,00:08:38,00:08:45
no_throw_clip_3868,source_video_0026,00:08:46,00:08:53
no_throw_clip_3869,source_video_0026,00:08:54,00:09:01
no_throw_clip_3870,source_video_0026,00:09:02,00:09:09
no_throw_clip_3871,source_video_0026,00:09:10,00:09:17
no_throw_clip_3872,source_video_0026,00:09:18,00:09:25
no_throw_clip_3873,source_video_0027,00:00:00,00:00:07
no_throw_clip_3874,source_video_0027,00:00:08,00:00:15
no_throw_clip_3875,source_video_0027,00:00:16,00:00:23
no_throw_clip_3876,source_video_0027,00:00:24,00:00:31
no_throw_clip_3877,source_video_0027,00:00:48,00:00:55
no_throw_clip_3878,source_video_0027,00:00:56,00:01:03
no_throw_clip_3879,source_video_0027,00:01:04,00:01:11
no_throw_clip_3880,source_video_0027,00:01:35,00:01:42
no_throw_clip_3881,source_video_0027,00:01:43,00:01:50
no_throw_clip_3882,source_video_0027,00:01:51,00:01:58
no_throw_clip_3883,source_video_0027,00:02:16,00:02:23
no_throw_clip_3884,source_video_0027,00:02:24,00:02:31
no_throw_clip_3885,source_video_0027,00:02:32,00:02:39
no_throw_clip_3886,source_video_0027,00:02:40,00:02:47
no_throw_clip_3887,source_video_0027,00:03:19,00:03:26
no_throw_clip_3888,source_video_0027,00:03:27,00:03:34
no_throw_clip_3889,source_video_0027,00:03:35,00:03:42
no_throw_clip_3890,source_video_0027,00:03:43,00:03:50
no_throw_clip_3891,source_video_0027,00:03:51,00:03:58
no_throw_clip_3892,source_video_0027,00:03:59,00:04:06
no_throw_clip_3893,source_video_0027,00:04:07,00:04:14
no_throw_clip_3894,source_video_0027,00:04:15,00:04:22
no_throw_clip_3895,source_video_0027,00:04:23,00:04:30
no_throw_clip_3896,source_video_0027,00:04:31,00:04:38
no_throw_clip_3897,source_video_0027,00:04:39,00:04:46
no_throw_clip_3898,source_video_0027,00:04:47,00:04:54
no_throw_clip_3899,source_video_0027,00:04:55,00:05:02
no_throw_clip_3900,source_video_0027,00:05:03,00:05:10
no_throw_clip_3901,source_video_0027,00:05:11,00:05:18
no_throw_clip_3902,source_video_0027,00:05:19,00:05:26
no_throw_clip_3903,source_video_0027,00:05:27,00:05:34
no_throw_clip_3904,source_video_0027,00:05:35,00:05:42
no_throw_clip_3905,source_video_0027,00:05:43,00:05:50
no_throw_clip_3906,source_video_0027,00:05:51,00:05:58
no_throw_clip_3907,source_video_0027,00:05:59,00:06:06
no_throw_clip_3908,source_video_0027,00:06:07,00:06:14
no_throw_clip_3909,source_video_0027,00:06:15,00:06:22
no_throw_clip_3910,source_video_0027,00:06:23,00:06:30
no_throw_clip_3911,source_video_0027,00:06:31,00:06:38
no_throw_clip_3912,source_video_0027,00:06:39,00:06:46
no_throw_clip_3913,source_video_0027,00:06:47,00:06:54
no_throw_clip_3914,source_video_0027,00:06:55,00:07:02
no_throw_clip_3915,source_video_0027,00:07:03,00:07:10
no_throw_clip_3916,source_video_0027,00:07:11,00:07:18
no_throw_clip_3917,source_video_0027,00:07:19,00:07:26
no_throw_clip_3918,source_video_0027,00:07:27,00:07:34
no_throw_clip_3919,source_video_0027,00:07:35,00:07:42
no_throw_clip_3920,source_video_0027,00:07:43,00:07:50
no_throw_clip_3921,source_video_0027,00:07:51,00:07:58
no_throw_clip_3922,source_video_0027,00:07:59,00:08:06
no_throw_clip_3923,source_video_0027,00:08:07,00:08:14
no_throw_clip_3924,source_video_0027,00:08:15,00:08:22
no_throw_clip_3925,source_video_0027,00:08:23,00:08:30
no_throw_clip_3926,source_video_0027,00:08:31,00:08:38
no_throw_clip_3927,source_video_0027,00:08:39,00:08:46
no_throw_clip_3928,source_video_0027,00:08:47,00:08:54
no_throw_clip_3929,source_video_0027,00:08:55,00:09:02
no_throw_clip_3930,source_video_0027,00:09:03,00:09:10
no_throw_clip_3931,source_video_0027,00:09:11,00:09:18
no_throw_clip_3932,source_video_0027,00:09:19,00:09:26
no_throw_clip_3933,source_video_0027,00:09:27,00:09:34
no_throw_clip_3934,source_video_0027,00:09:35,00:09:42
no_throw_clip_3935,source_video_0027,00:09:43,00:09:50
no_throw_clip_3936,source_video_0027,00:09:51,00:09:58
no_throw_clip_3937,source_video_0027,00:09:59,00:10:06
no_throw_clip_3938,source_video_0027,00:10:07,00:10:14
no_throw_clip_3939,source_video_0027,00:10:15,00:10:22
no_throw_clip_3940,source_video_0027,00:10:23,00:10:30
no_throw_clip_3941,source_video_0027,00:10:31,00:10:38
no_throw_clip_3942,source_video_0027,00:10:39,00:10:46
no_throw_clip_3943,source_video_0027,00:10:47,00:10:54
no_throw_clip_3944,source_video_0027,00:10:55,00:11:02
no_throw_clip_3945,source_video_0027,00:11:03,00:11:10
no_throw_clip_3946,source_video_0027,00:11:11,00:11:18
no_throw_clip_3947,source_video_0027,00:11:19,00:11:26
no_throw_clip_3948,source_video_0027,00:11:27,00:11:34
no_throw_clip_3949,source_video_0027,00:11:35,00:11:42
no_throw_clip_3950,source_video_0027,00:11:43,00:11:50
no_throw_clip_3951,source_video_0027,00:11:51,00:11:58
no_throw_clip_3952,source_video_0027,00:11:59,00:12:06
no_throw_clip_3953,source_video_0027,00:12:07,00:12:14
no_throw_clip_3954,source_video_0027,00:12:15,00:12:22
no_throw_clip_3955,source_video_0027,00:12:23,00:12:30
no_throw_clip_3956,source_video_0027,00:12:31,00:12:38
no_throw_clip_3957,source_video_0027,00:12:39,00:12:46
no_throw_clip_3958,source_video_0027,00:12:47,00:12:54
no_throw_clip_3959,source_video_0027,00:12:55,00:13:02
no_throw_clip_3960,source_video_0027,00:13:03,00:13:10
no_throw_clip_3961,source_video_0027,00:13:11,00:13:18
no_throw_clip_3962,source_video_0027,00:13:19,00:13:26
no_throw_clip_3963,source_video_0027,00:13:27,00:13:34
no_throw_clip_3964,source_video_0027,00:13:35,00:13:42
no_throw_clip_3965,source_video_0027,00:13:43,00:13:50
no_throw_clip_3966,source_video_0027,00:13:51,00:13:58
no_throw_clip_3967,source_video_0027,00:13:59,00:14:06
no_throw_clip_3968,source_video_0027,00:14:07,00:14:14
no_throw_clip_3969,source_video_0027,00:14:15,00:14:22
no_throw_clip_3970,source_video_0027,00:14:23,00:14:30
no_throw_clip_3971,source_video_0027,00:14:31,00:14:38
no_throw_clip_3972,source_video_0027,00:14:39,00:14:46
no_throw_clip_3973,source_video_0027,00:14:47,00:14:54
no_throw_clip_3974,source_video_0027,00:14:55,00:15:02
no_throw_clip_3975,source_video_0027,00:15:03,00:15:10
no_throw_clip_3976,source_video_0027,00:15:11,00:15:18
no_throw_clip_3977,source_video_0027,00:15:19,00:15:26
no_throw_clip_3978,source_video_0027,00:15:27,00:15:34
no_throw_clip_3979,source_video_0027,00:15:35,00:15:42
no_throw_clip_3980,source_video_0027,00:15:43,00:15:50
no_throw_clip_3981,source_video_0027,00:15:51,00:15:58
no_throw_clip_3982,source_video_0027,00:15:59,00:16:06
no_throw_clip_3983,source_video_0027,00:16:07,00:16:14
no_throw_clip_3984,source_video_0027,00:16:15,00:16:22
no_throw_clip_3985,source_video_0027,00:16:23,00:16:30
no_throw_clip_3986,source_video_0027,00:16:31,00:16:38
no_throw_clip_3987,source_video_0027,00:16:39,00:16:46
no_throw_clip_3988,source_video_0027,00:16:47,00:16:54
no_throw_clip_3989,source_video_0027,00:16:55,00:17:02
no_throw_clip_3990,source_video_0027,00:17:03,00:17:10
no_throw_clip_3991,source_video_0027,00:17:11,00:17:18
no_throw_clip_3992,source_video_0027,00:17:19,00:17:26
no_throw_clip_3993,source_video_0027,00:17:27,00:17:34
no_throw_clip_3994,source_video_0027,00:17:35,00:17:42
no_throw_clip_3995,source_video_0027,00:17:43,00:17:50
no_throw_clip_3996,source_video_0027,00:17:51,00:17:58
no_throw_clip_3997,source_video_0027,00:17:59,00:18:06
no_throw_clip_3998,source_video_0027,00:18:07,00:18:14
no_throw_clip_3999,source_video_0027,00:18:15,00:18:22
no_throw_clip_4000,source_video_0027,00:18:23,00:18:30
no_throw_clip_4001,source_video_0027,00:18:31,00:18:38
no_throw_clip_4002,source_video_0027,00:18:39,00:18:46
no_throw_clip_4003,source_video_0027,00:18:47,00:18:54
no_throw_clip_4004,source_video_0027,00:18:55,00:19:02
no_throw_clip_4005,source_video_0027,00:19:03,00:19:10
no_throw_clip_4006,source_video_0027,00:19:11,00:19:18
no_throw_clip_4007,source_video_0027,00:19:19,00:19:26
no_throw_clip_4008,source_video_0027,00:19:27,00:19:34
no_throw_clip_4009,source_video_0027,00:19:35,00:19:42
no_throw_clip_4010,source_video_0027,00:19:43,00:19:50
no_throw_clip_4011,source_video_0027,00:19:51,00:19:58
no_throw_clip_4012,source_video_0027,00:19:59,00:20:06
no_throw_clip_4013,source_video_0027,00:20:07,00:20:14
no_throw_clip_4014,source_video_0027,00:20:15,00:20:22
no_throw_clip_4015,source_video_0027,00:20:23,00:20:30
no_throw_clip_4016,source_video_0027,00:20:31,00:20:38
no_throw_clip_4017,source_video_0027,00:20:39,00:20:46
no_throw_clip_4018,source_video_0027,00:20:47,00:20:54
no_throw_clip_4019,source_video_0027,00:20:55,00:21:02
no_throw_clip_4020,source_video_0027,00:21:03,00:21:10
no_throw_clip_4021,source_video_0027,00:21:11,00:21:18
no_throw_clip_4022,source_video_0027,00:21:19,00:21:26
no_throw_clip_4023,source_video_0027,00:21:27,00:21:34
no_throw_clip_4024,source_video_0027,00:21:35,00:21:42
no_throw_clip_4025,source_video_0027,00:21:43,00:21:50
no_throw_clip_4026,source_video_0027,00:21:51,00:21:58
no_throw_clip_4027,source_video_0027,00:21:59,00:22:06
no_throw_clip_4028,source_video_0027,00:22:07,00:22:14
no_throw_clip_4029,source_video_0027,00:22:15,00:22:22
no_throw_clip_4030,source_video_0027,00:22:23,00:22:30
no_throw_clip_4031,source_video_0027,00:22:31,00:22:38
no_throw_clip_4032,source_video_0027,00:22:39,00:22:46
no_throw_clip_4033,source_video_0027,00:22:47,00:22:54
no_throw_clip_4034,source_video_0027,00:22:55,00:23:02
no_throw_clip_4035,source_video_0027,00:23:03,00:23:10
no_throw_clip_4036,source_video_0027,00:23:11,00:23:18
no_throw_clip_4037,source_video_0027,00:23:19,00:23:26
no_throw_clip_4038,source_video_0027,00:23:27,00:23:34
no_throw_clip_4039,source_video_0027,00:23:35,00:23:42
no_throw_clip_4040,source_video_0027,00:23:43,00:23:50
no_throw_clip_4041,source_video_0027,00:23:51,00:23:58
no_throw_clip_4042,source_video_0027,00:23:59,00:24:06
no_throw_clip_4043,source_video_0027,00:24:07,00:24:14
no_throw_clip_4044,source_video_0027,00:24:15,00:24:22
no_throw_clip_4045,source_video_0027,00:24:23,00:24:30
no_throw_clip_4046,source_video_0027,00:24:31,00:24:38
no_throw_clip_4047,source_video_0027,00:24:39,00:24:46
no_throw_clip_4048,source_video_0027,00:24:47,00:24:54
no_throw_clip_4049,source_video_0027,00:24:55,00:25:02
no_throw_clip_4050,source_video_0027,00:25:03,00:25:10
no_throw_clip_4051,source_video_0027,00:25:11,00:25:18
no_throw_clip_4052,source_video_0027,00:25:19,00:25:26
no_throw_clip_4053,source_video_0027,00:25:27,00:25:34
no_throw_clip_4054,source_video_0027,00:25:35,00:25:42
no_throw_clip_4055,source_video_0027,00:25:43,00:25:50
no_throw_clip_4056,source_video_0027,00:25:51,00:25:58
no_throw_clip_4057,source_video_0027,00:25:59,00:26:06
no_throw_clip_4058,source_video_0027,00:26:07,00:26:14
no_throw_clip_4059,source_video_0027,00:26:15,00:26:22
no_throw_clip_4060,source_video_0027,00:26:23,00:26:30
no_throw_clip_4061,source_video_0027,00:26:31,00:26:38
no_throw_clip_4062,source_video_0027,00:26:39,00:26:46
no_throw_clip_4063,source_video_0027,00:26:47,00:26:54
no_throw_clip_4064,source_video_0027,00:26:55,00:27:02
no_throw_clip_4065,source_video_0027,00:27:03,00:27:10
no_throw_clip_4066,source_video_0027,00:27:11,00:27:18
no_throw_clip_4067,source_video_0027,00:27:19,00:27:26
no_throw_clip_4068,source_video_0027,00:27:27,00:27:34
no_throw_clip_4069,source_video_0027,00:27:35,00:27:42
no_throw_clip_4070,source_video_0027,00:27:43,00:27:50
no_throw_clip_4071,source_video_0027,00:27:51,00:27:58
no_throw_clip_4072,source_video_0027,00:27:59,00:28:06
no_throw_clip_4073,source_video_0027,00:28:07,00:28:14
no_throw_clip_4074,source_video_0027,00:28:15,00:28:22
no_throw_clip_4075,source_video_0027,00:28:23,00:28:30
no_throw_clip_4076,source_video_0027,00:28:31,00:28:38
no_throw_clip_4077,source_video_0027,00:28:39,00:28:46
no_throw_clip_4078,source_video_0027,00:28:47,00:28:54
no_throw_clip_4079,source_video_0027,00:28:55,00:29:02
no_throw_clip_4080,source_video_0027,00:29:03,00:29:10
no_throw_clip_4081,source_video_0027,00:29:11,00:29:18
no_throw_clip_4082,source_video_0027,00:29:19,00:29:26
no_throw_clip_4083,source_video_0027,00:29:27,00:29:34
no_throw_clip_4084,source_video_0027,00:29:35,00:29:42
no_throw_clip_4085,source_video_0027,00:29:43,00:29:50
no_throw_clip_4086,source_video_0027,00:29:51,00:29:58
no_throw_clip_4087,source_video_0027,00:29:59,00:30:06
no_throw_clip_4088,source_video_0027,00:30:07,00:30:14
no_throw_clip_4089,source_video_0027,00:30:15,00:30:22
no_throw_clip_4090,source_video_0027,00:30:23,00:30:30
no_throw_clip_4091,source_video_0027,00:30:31,00:30:38
no_throw_clip_4092,source_video_0027,00:30:39,00:30:46
no_throw_clip_4093,source_video_0027,00:30:47,00:30:54
no_throw_clip_4094,source_video_0027,00:30:55,00:31:02
no_throw_clip_4095,source_video_0027,00:31:03,00:31:10
no_throw_clip_4096,source_video_0027,00:31:11,00:31:18
no_throw_clip_4097,source_video_0027,00:31:19,00:31:26
no_throw_clip_4098,source_video_0027,00:31:27,00:31:34
no_throw_clip_4099,source_video_0027,00:31:35,00:31:42
no_throw_clip_4100,source_video_0027,00:31:43,00:31:50
no_throw_clip_4101,source_video_0027,00:31:51,00:31:58
no_throw_clip_4102,source_video_0027,00:31:59,00:32:06
no_throw_clip_4103,source_video_0027,00:32:07,00:32:14
no_throw_clip_4104,source_video_0027,00:32:15,00:32:22
no_throw_clip_4105,source_video_0027,00:32:23,00:32:30
no_throw_clip_4106,source_video_0027,00:32:31,00:32:38
no_throw_clip_4107,source_video_0027,00:32:39,00:32:46
no_throw_clip_4108,source_video_0027,00:32:47,00:32:54
no_throw_clip_4109,source_video_0027,00:32:55,00:33:02
no_throw_clip_4110,source_video_0027,00:33:03,00:33:10
no_throw_clip_4111,source_video_0027,00:33:11,00:33:18
no_throw_clip_4112,source_video_0027,00:33:19,00:33:26
no_throw_clip_4113,source_video_0027,00:33:27,00:33:34
no_throw_clip_4114,source_video_0027,00:33:35,00:33:42
no_throw_clip_4115,source_video_0027,00:33:43,00:33:50
no_throw_clip_4116,source_video_0027,00:33:51,00:33:58
no_throw_clip_4117,source_video_0027,00:33:59,00:34:06
no_throw_clip_4118,source_video_0027,00:34:07,00:34:14
no_throw_clip_4119,source_video_0027,00:34:15,00:34:22
no_throw_clip_4120,source_video_0027,00:34:23,00:34:30
no_throw_clip_4121,source_video_0027,00:34:31,00:34:38
no_throw_clip_4122,source_video_0027,00:34:39,00:34:46
no_throw_clip_4123,source_video_0027,00:34:47,00:34:54
no_throw_clip_4124,source_video_0027,00:34:55,00:35:02
no_throw_clip_4125,source_video_0027,00:35:03,00:35:10
no_throw_clip_4126,source_video_0027,00:35:11,00:35:18
no_throw_clip_4127,source_video_0027,00:35:19,00:35:26
no_throw_clip_4128,source_video_0027,00:35:27,00:35:34
no_throw_clip_4129,source_video_0027,00:35:35,00:35:42
no_throw_clip_4130,source_video_0027,00:35:43,00:35:50
no_throw_clip_4131,source_video_0027,00:35:51,00:35:58
no_throw_clip_4132,source_video_0027,00:35:59,00:36:06
no_throw_clip_4133,source_video_0027,00:36:07,00:36:14
no_throw_clip_4134,source_video_0027,00:36:15,00:36:22
no_throw_clip_4135,source_video_0027,00:36:23,00:36:30
no_throw_clip_4136,source_video_0027,00:36:31,00:36:38
no_throw_clip_4137,source_video_0027,00:36:39,00:36:46
no_throw_clip_4138,source_video_0027,00:36:47,00:36:54
no_throw_clip_4139,source_video_0027,00:36:55,00:37:02
no_throw_clip_4140,source_video_0027,00:37:03,00:37:10
no_throw_clip_4141,source_video_0027,00:37:11,00:37:18
no_throw_clip_4142,source_video_0027,00:37:19,00:37:26
no_throw_clip_4143,source_video_0027,00:37:27,00:37:34
no_throw_clip_4144,source_video_0027,00:37:35,00:37:42
no_throw_clip_4145,source_video_0027,00:37:43,00:37:50
no_throw_clip_4146,source_video_0027,00:37:51,00:37:58
no_throw_clip_4147,source_video_0027,00:37:59,00:38:06
no_throw_clip_4148,source_video_0027,00:38:07,00:38:14
no_throw_clip_4149,source_video_0027,00:38:15,00:38:22
no_throw_clip_4150,source_video_0027,00:38:23,00:38:30
no_throw_clip_4151,source_video_0027,00:38:31,00:38:38
no_throw_clip_4152,source_video_0027,00:38:39,00:38:46
no_throw_clip_4153,source_video_0027,00:38:47,00:38:54
no_throw_clip_4154,source_video_0027,00:38:55,00:39:02
no_throw_clip_4155,source_video_0027,00:39:03,00:39:10
no_throw_clip_4156,source_video_0027,00:39:11,00:39:18
no_throw_clip_4157,source_video_0027,00:39:19,00:39:26
no_throw_clip_4158,source_video_0027,00:39:27,00:39:34
no_throw_clip_4159,source_video_0027,00:39:35,00:39:42
no_throw_clip_4160,source_video_0027,00:39:43,00:39:50
no_throw_clip_4161,source_video_0027,00:39:51,00:39:58
no_throw_clip_4162,source_video_0027,00:39:59,00:40:06
no_throw_clip_4163,source_video_0027,00:40:07,00:40:14
no_throw_clip_4164,source_video_0027,00:40:15,00:40:22
no_throw_clip_4165,source_video_0027,00:40:23,00:40:30
no_throw_clip_4166,source_video_0027,00:40:31,00:40:38
no_throw_clip_4167,source_video_0027,00:40:39,00:40:46
no_throw_clip_4168,source_video_0027,00:40:47,00:40:54
no_throw_clip_4169,source_video_0027,00:40:55,00:41:02
no_throw_clip_4170,source_video_0027,00:41:03,00:41:10
