clip_id,rejection_reason
no_throw_clip_1,not_rejected
no_throw_clip_10,not_rejected
no_throw_clip_100,not_rejected
no_throw_clip_1000,not_rejected
no_throw_clip_1001,not_rejected
no_throw_clip_1002,player_b_max_consecutive_unusable_frames_exceeded
no_throw_clip_1003,not_rejected
no_throw_clip_1004,not_rejected
no_throw_clip_1005,not_rejected
no_throw_clip_1006,not_rejected
no_throw_clip_1007,not_rejected
no_throw_clip_1008,player_b_max_consecutive_unusable_frames_exceeded
no_throw_clip_1009,not_rejected
no_throw_clip_101,player_b_unusable_frame_fraction_exceeded; player_b_max_consecutive_unusable_frames_exceeded
no_throw_clip_1010,player_b_max_consecutive_unusable_frames_exceeded
no_throw_clip_1011,player_a_max_consecutive_unusable_frames_exceeded
no_throw_clip_1012,not_rejected
no_throw_clip_1013,player_b_unusable_frame_fraction_exceeded; player_b_max_consecutive_unusable_frames_exceeded
no_throw_clip_1014,player_a_unusable_frame_fraction_exceeded; player_a_max_consecutive_unusable_frames_exceeded
no_throw_clip_1015,player_a_max_consecutive_unusable_frames_exceeded
no_throw_clip_1016,player_b_unusable_frame_fraction_exceeded; player_b_max_consecutive_unusable_frames_exceeded
no_throw_clip_1017,not_rejected
no_throw_clip_1018,not_rejected
no_throw_clip_1019,not_rejected
no_throw_clip_102,player_b_unusable_frame_fraction_exceeded; player_b_max_consecutive_unusable_frames_exceeded
no_throw_clip_1020,not_rejected
no_throw_clip_1021,player_b_max_consecutive_unusable_frames_exceeded
no_throw_clip_1022,not_rejected
no_throw_clip_1023,player_a_max_consecutive_unusable_frames_exceeded
no_throw_clip_1024,player_b_max_consecutive_unusable_frames_exceeded
no_throw_clip_1025,player_a_max_consecutive_unusable_frames_exceeded; player_b_max_consecutive_unusable_frames_exceeded
no_throw_clip_1026,player_a_unusable_frame_fraction_exceeded; player_a_max_consecutive_unusable_frames_exceeded; player_b_max_consecutive_unusable_frames_exceeded
no_throw_clip_1027,player_b_unusable_frame_fraction_exceeded; player_b_max_consecutive_unusable_frames_exceeded
no_throw_clip_1028,player_b_max_consecutive_unusable_frames_exceeded
no_throw_clip_1029,not_rejected
no_throw_clip_103,player_b_max_consecutive_unusable_frames_exceeded
no_throw_clip_1030,player_a_unusable_frame_fraction_exceeded; player_a_max_consecutive_unusable_frames_exceeded
no_throw_clip_1031,not_rejected
no_throw_clip_1032,player_b_unusable_frame_fraction_exceeded; player_b_max_consecutive_unusable_frames_exceeded
no_throw_clip_1033,not_rejected
no_throw_clip_1034,not_rejected
no_throw_clip_1035,not_rejected
no_throw_clip_1036,not_rejected
no_throw_clip_1037,not_rejected
no_throw_clip_1038,not_rejected
no_throw_clip_1039,not_rejected
no_throw_clip_104,not_rejected
no_throw_clip_1040,not_rejected
no_throw_clip_1041,not_rejected
no_throw_clip_1042,player_b_unusable_frame_fraction_exceeded; player_b_max_consecutive_unusable_frames_exceeded
no_throw_clip_1043,not_rejected
no_throw_clip_1044,player_a_unusable_frame_fraction_exceeded; player_a_max_consecutive_unusable_frames_exceeded
no_throw_clip_1045,player_b_unusable_frame_fraction_exceeded; player_a_max_consecutive_unusable_frames_exceeded; player_b_max_consecutive_unusable_frames_exceeded
no_throw_clip_1046,player_a_max_consecutive_unusable_frames_exceeded
no_throw_clip_1047,not_rejected
no_throw_clip_1048,not_rejected
no_throw_clip_1049,not_rejected
no_throw_clip_105,not_rejected
no_throw_clip_1050,not_rejected
no_throw_clip_1051,not_rejected
no_throw_clip_1052,player_a_max_consecutive_unusable_frames_exceeded
no_throw_clip_1053,not_rejected
no_throw_clip_1054,player_b_max_consecutive_unusable_frames_exceeded
no_throw_clip_1055,not_rejected
no_throw_clip_1056,not_rejected
no_throw_clip_1057,not_rejected
no_throw_clip_1058,player_b_max_consecutive_unusable_frames_exceeded
no_throw_clip_1059,player_b_max_consecutive_unusable_frames_exceeded
no_throw_clip_106,not_rejected
no_throw_clip_1060,player_a_unusable_frame_fraction_exceeded; player_b_unusable_frame_fraction_exceeded; player_a_max_consecutive_unusable_frames_exceeded; player_b_max_consecutive_unusable_frames_exceeded
no_throw_clip_1061,not_rejected
no_throw_clip_1062,not_rejected
no_throw_clip_1063,not_rejected
no_throw_clip_1064,not_rejected
no_throw_clip_1065,not_rejected
no_throw_clip_1066,player_a_max_consecutive_unusable_frames_exceeded; player_b_max_consecutive_unusable_frames_exceeded
no_throw_clip_1067,player_a_unusable_frame_fraction_exceeded; player_a_max_consecutive_unusable_frames_exceeded; player_b_max_consecutive_unusable_frames_exceeded
no_throw_clip_1068,not_rejected
no_throw_clip_1069,not_rejected
no_throw_clip_107,not_rejected
no_throw_clip_1070,player_b_unusable_frame_fraction_exceeded; player_b_max_consecutive_unusable_frames_exceeded
no_throw_clip_1071,not_rejected
no_throw_clip_1072,player_a_unusable_frame_fraction_exceeded; player_a_max_consecutive_unusable_frames_exceeded
no_throw_clip_1073,player_a_unusable_frame_fraction_exceeded; player_b_unusable_frame_fraction_exceeded; player_a_max_consecutive_unusable_frames_exceeded; player_b_max_consecutive_unusable_frames_exceeded
no_throw_clip_1074,player_a_unusable_frame_fraction_exceeded; player_b_unusable_frame_fraction_exceeded; player_a_max_consecutive_unusable_frames_exceeded; player_b_max_consecutive_unusable_frames_exceeded
no_throw_clip_1075,player_b_unusable_frame_fraction_exceeded; player_b_max_consecutive_unusable_frames_exceeded
no_throw_clip_1076,not_rejected
no_throw_clip_1077,not_rejected
no_throw_clip_1078,not_rejected
no_throw_clip_1079,player_a_max_consecutive_unusable_frames_exceeded
no_throw_clip_108,player_a_unusable_frame_fraction_exceeded; player_a_max_consecutive_unusable_frames_exceeded; player_b_max_consecutive_unusable_frames_exceeded
no_throw_clip_1080,not_rejected
no_throw_clip_1081,player_a_max_consecutive_unusable_frames_exceeded
no_throw_clip_1082,player_a_unusable_frame_fraction_exceeded; player_b_unusable_frame_fraction_exceeded; player_a_max_consecutive_unusable_frames_exceeded; player_b_max_consecutive_unusable_frames_exceeded
no_throw_clip_1083,player_a_max_consecutive_unusable_frames_exceeded
no_throw_clip_1084,player_a_max_consecutive_unusable_frames_exceeded; player_b_max_consecutive_unusable_frames_exceeded
no_throw_clip_1085,not_rejected
no_throw_clip_1086,not_rejected
no_throw_clip_1087,not_rejected
no_throw_clip_1088,not_rejected
no_throw_clip_1089,player_b_unusable_frame_fraction_exceeded; player_b_max_consecutive_unusable_frames_exceeded
no_throw_clip_109,not_rejected
no_throw_clip_1090,not_rejected
no_throw_clip_1091,not_rejected
no_throw_clip_1092,not_rejected
no_throw_clip_1093,not_rejected
no_throw_clip_1094,not_rejected
no_throw_clip_1095,player_a_max_consecutive_unusable_frames_exceeded
no_throw_clip_1096,not_rejected
no_throw_clip_1097,not_rejected
no_throw_clip_1098,not_rejected
no_throw_clip_1099,not_rejected
no_throw_clip_11,not_rejected
no_throw_clip_110,not_rejected
no_throw_clip_1100,not_rejected
no_throw_clip_1101,not_rejected
no_throw_clip_1102,not_rejected
no_throw_clip_1103,not_rejected
no_throw_clip_1104,not_rejected
no_throw_clip_1105,not_rejected
no_throw_clip_1106,not_rejected
no_throw_clip_1107,not_rejected
no_throw_clip_1108,player_a_max_consecutive_unusable_frames_exceeded; player_b_max_consecutive_unusable_frames_exceeded
no_throw_clip_1109,player_a_max_consecutive_unusable_frames_exceeded
no_throw_clip_111,not_rejected
no_throw_clip_1110,player_a_unusable_frame_fraction_exceeded; player_b_unusable_frame_fraction_exceeded; player_a_max_consecutive_unusable_frames_exceeded; player_b_max_consecutive_unusable_frames_exceeded
no_throw_clip_1111,player_a_max_consecutive_unusable_frames_exceeded; player_b_max_consecutive_unusable_frames_exceeded
no_throw_clip_1112,not_rejected
no_throw_clip_1113,not_rejected
no_throw_clip_1114,not_rejected
no_throw_clip_1115,player_b_unusable_frame_fraction_exceeded; player_b_max_consecutive_unusable_frames_exceeded
no_throw_clip_1116,player_b_unusable_frame_fraction_exceeded; player_b_max_consecutive_unusable_frames_exceeded
no_throw_clip_1117,player_b_unusable_frame_fraction_exceeded; player_b_max_consecutive_unusable_frames_exceeded
no_throw_clip_1118,player_a_unusable_frame_fraction_exceeded; player_b_unusable_frame_fraction_exceeded; player_a_max_consecutive_unusable_frames_exceeded; player_b_max_consecutive_unusable_frames_exceeded
no_throw_clip_1119,player_a_max_consecutive_unusable_frames_exceeded; player_b_max_consecutive_unusable_frames_exceeded
no_throw_clip_112,not_rejected
no_throw_clip_1120,player_b_unusable_frame_fraction_exceeded; player_b_max_consecutive_unusable_frames_exceeded
no_throw_clip_1121,player_b_max_consecutive_unusable_frames_exceeded
no_throw_clip_1122,not_rejected
no_throw_clip_1123,not_rejected
no_throw_clip_1124,player_a_unusable_frame_fraction_exceeded; player_a_max_consecutive_unusable_frames_exceeded
no_throw_clip_1125,player_b_unusable_frame_fraction_exceeded; player_b_max_consecutive_unusable_frames_exceeded
no_throw_clip_1126,player_b_unusable_frame_fraction_exceeded; player_b_max_consecutive_unusable_frames_exceeded
no_throw_clip_1127,not_rejected
no_throw_clip_1128,not_rejected
no_throw_clip_1129,not_rejected
no_throw_clip_113,player_a_unusable_frame_fraction_exceeded; player_b_unusable_frame_fraction_exceeded; player_a_max_consecutive_unusable_frames_exceeded; player_b_max_consecutive_unusable_frames_exceeded
no_throw_clip_1130,not_rejected
no_throw_clip_1131,player_b_unusable_frame_fraction_exceeded; player_b_max_consecutive_unusable_frames_exceeded
no_throw_clip_1132,not_rejected
no_throw_clip_1133,not_rejected
no_throw_clip_1134,not_rejected
no_throw_clip_1135,not_rejected
no_throw_clip_1136,not_rejected
no_throw_clip_1137,not_rejected
no_throw_clip_1138,not_rejected
no_throw_clip_1139,not_rejected
no_throw_clip_114,player_a_unusable_frame_fraction_exceeded; player_b_unusable_frame_fraction_exceeded; player_a_max_consecutive_unusable_frames_exceeded; player_b_max_consecutive_unusable_frames_exceeded
no_throw_clip_1140,player_a_unusable_frame_fraction_exceeded; player_b_unusable_frame_fraction_exceeded; player_a_max_consecutive_unusable_frames_exceeded; player_b_max_consecutive_unusable_frames_exceeded
no_throw_clip_1141,player_b_unusable_frame_fraction_exceeded; player_a_max_consecutive_unusable_frames_exceeded; player_b_max_consecutive_unusable_frames_exceeded
no_throw_clip_1142,player_b_max_consecutive_unusable_frames_exceeded
no_throw_clip_1143,player_a_unusable_frame_fraction_exceeded; player_b_unusable_frame_fraction_exceeded; player_a_max_consecutive_unusable_frames_exceeded; player_b_max_consecutive_unusable_frames_exceeded
no_throw_clip_1144,player_a_unusable_frame_fraction_exceeded; player_b_unusable_frame_fraction_exceeded; player_a_max_consecutive_unusable_frames_exceeded; player_b_max_consecutive_unusable_frames_exceeded
no_throw_clip_1145,player_b_max_consecutive_unusable_frames_exceeded
no_throw_clip_1146,not_rejected
no_throw_clip_1147,player_b_unusable_frame_fraction_exceeded; player_b_max_consecutive_unusable_frames_exceeded
no_throw_clip_1148,not_rejected
no_throw_clip_1149,not_rejected
no_throw_clip_115,not_rejected
no_throw_clip_1150,not_rejected
no_throw_clip_1151,player_a_unusable_frame_fraction_exceeded; player_b_unusable_frame_fraction_exceeded; player_a_max_consecutive_unusable_frames_exceeded; player_b_max_consecutive_unusable_frames_exceeded
no_throw_clip_1152,not_rejected
no_throw_clip_1153,not_rejected
no_throw_clip_1154,not_rejected
no_throw_clip_1155,not_rejected
no_throw_clip_1156,player_a_unusable_frame_fraction_exceeded; player_b_unusable_frame_fraction_exceeded; player_a_max_consecutive_unusable_frames_exceeded; player_b_max_consecutive_unusable_frames_exceeded
no_throw_clip_1157,not_rejected
no_throw_clip_1158,not_rejected
no_throw_clip_1159,not_rejected
no_throw_clip_116,not_rejected
no_throw_clip_1160,not_rejected
no_throw_clip_1161,player_b_unusable_frame_fraction_exceeded; player_b_max_consecutive_unusable_frames_exceeded
no_throw_clip_1162,not_rejected
no_throw_clip_1163,player_b_unusable_frame_fraction_exceeded; player_b_max_consecutive_unusable_frames_exceeded
no_throw_clip_1164,player_a_max_consecutive_unusable_frames_exceeded
no_throw_clip_1165,not_rejected
no_throw_clip_1166,not_rejected
no_throw_clip_1167,not_rejected
no_throw_clip_1168,player_b_max_consecutive_unusable_frames_exceeded
no_throw_clip_1169,player_a_max_consecutive_unusable_frames_exceeded
no_throw_clip_117,not_rejected
no_throw_clip_1170,not_rejected
no_throw_clip_1171,player_a_max_consecutive_unusable_frames_exceeded; player_b_max_consecutive_unusable_frames_exceeded
no_throw_clip_1172,player_b_unusable_frame_fraction_exceeded; player_b_max_consecutive_unusable_frames_exceeded
no_throw_clip_1173,player_b_unusable_frame_fraction_exceeded; player_b_max_consecutive_unusable_frames_exceeded
no_throw_clip_1174,player_a_unusable_frame_fraction_exceeded; player_b_unusable_frame_fraction_exceeded; player_a_max_consecutive_unusable_frames_exceeded; player_b_max_consecutive_unusable_frames_exceeded
no_throw_clip_1175,player_b_unusable_frame_fraction_exceeded; player_a_max_consecutive_unusable_frames_exceeded; player_b_max_consecutive_unusable_frames_exceeded
no_throw_clip_1176,player_b_unusable_frame_fraction_exceeded; player_b_max_consecutive_unusable_frames_exceeded
no_throw_clip_1177,player_b_unusable_frame_fraction_exceeded; player_b_max_consecutive_unusable_frames_exceeded
no_throw_clip_1178,player_b_max_consecutive_unusable_frames_exceeded
no_throw_clip_1179,player_a_unusable_frame_fraction_exceeded; player_b_unusable_frame_fraction_exceeded; player_a_max_consecutive_unusable_frames_exceeded; player_b_max_consecutive_unusable_frames_exceeded
no_throw_clip_118,not_rejected
no_throw_clip_1180,player_b_unusable_frame_fraction_exceeded; player_b_max_consecutive_unusable_frames_exceeded
no_throw_clip_1181,not_rejected
no_throw_clip_1182,not_rejected
no_throw_clip_1183,not_rejected
no_throw_clip_1184,player_a_max_consecutive_unusable_frames_exceeded
no_throw_clip_1185,player_a_unusable_frame_fraction_exceeded; player_a_max_consecutive_unusable_frames_exceeded
no_throw_clip_1186,not_rejected
no_throw_clip_1187,not_rejected
no_throw_clip_1188,not_rejected
no_throw_clip_1189,not_rejected
no_throw_clip_119,player_b_unusable_frame_fraction_exceeded; player_b_max_consecutive_unusable_frames_exceeded
no_throw_clip_1190,not_rejected
no_throw_clip_1191,not_rejected
no_throw_clip_1192,not_rejected
no_throw_clip_1193,player_b_max_consecutive_unusable_frames_exceeded
no_throw_clip_1194,player_a_unusable_frame_fraction_exceeded; player_a_max_consecutive_unusable_frames_exceeded; player_b_max_consecutive_unusable_frames_exceeded
no_throw_clip_1195,not_rejected
no_throw_clip_1196,not_rejected
no_throw_clip_1197,not_rejected
no_throw_clip_1198,not_rejected
no_throw_clip_1199,not_rejected
no_throw_clip_12,player_a_max_consecutive_unusable_frames_exceeded
no_throw_clip_120,player_a_unusable_frame_fraction_exceeded; player_a_max_consecutive_unusable_frames_exceeded
no_throw_clip_1200,not_rejected
no_throw_clip_1201,not_rejected
no_throw_clip_1202,player_b_unusable_frame_fraction_exceeded; player_b_max_consecutive_unusable_frames_exceeded
no_throw_clip_1203,player_b_max_consecutive_unusable_frames_exceeded
no_throw_clip_1204,not_rejected
no_throw_clip_1205,player_a_unusable_frame_fraction_exceeded; player_a_max_consecutive_unusable_frames_exceeded; player_b_max_consecutive_unusable_frames_exceeded
no_throw_clip_1206,player_a_max_consecutive_unusable_frames_exceeded
no_throw_clip_1207,not_rejected
no_throw_clip_1208,player_b_max_consecutive_unusable_frames_exceeded
no_throw_clip_1209,not_rejected
no_throw_clip_121,player_a_unusable_frame_fraction_exceeded; player_b_unusable_frame_fraction_exceeded; player_a_max_consecutive_unusable_frames_exceeded; player_b_max_consecutive_unusable_frames_exceeded
no_throw_clip_1210,not_rejected
no_throw_clip_1211,not_rejected
no_throw_clip_1212,not_rejected
no_throw_clip_1213,player_b_max_consecutive_unusable_frames_exceeded
no_throw_clip_1214,player_b_unusable_frame_fraction_exceeded; player_a_max_consecutive_unusable_frames_exceeded; player_b_max_consecutive_unusable_frames_exceeded
no_throw_clip_1215,player_a_max_consecutive_unusable_frames_exceeded; player_b_max_consecutive_unusable_frames_exceeded
no_throw_clip_1216,player_b_max_consecutive_unusable_frames_exceeded
no_throw_clip_1217,not_rejected
no_throw_clip_1218,not_rejected
no_throw_clip_1219,player_b_unusable_frame_fraction_exceeded; player_a_max_consecutive_unusable_frames_exceeded; player_b_max_consecutive_unusable_frames_exceeded
no_throw_clip_122,player_a_unusable_frame_fraction_exceeded; player_b_unusable_frame_fraction_exceeded; player_a_max_consecutive_unusable_frames_exceeded; player_b_max_consecutive_unusable_frames_exceeded
no_throw_clip_1220,player_b_unusable_frame_fraction_exceeded; player_b_max_consecutive_unusable_frames_exceeded
no_throw_clip_1221,player_a_max_consecutive_unusable_frames_exceeded
no_throw_clip_1222,not_rejected
no_throw_clip_1223,player_b_unusable_frame_fraction_exceeded; player_b_max_consecutive_unusable_frames_exceeded
no_throw_clip_1224,player_b_unusable_frame_fraction_exceeded; player_b_max_consecutive_unusable_frames_exceeded
no_throw_clip_1225,player_a_unusable_frame_fraction_exceeded; player_a_max_consecutive_unusable_frames_exceeded; player_b_max_consecutive_unusable_frames_exceeded
no_throw_clip_1226,not_rejected
no_throw_clip_1227,not_rejected
no_throw_clip_1228,not_rejected
no_throw_clip_1229,player_a_unusable_frame_fraction_exceeded; player_b_unusable_frame_fraction_exceeded; player_a_max_consecutive_unusable_frames_exceeded; player_b_max_consecutive_unusable_frames_exceeded
no_throw_clip_123,not_rejected
no_throw_clip_1230,player_a_unusable_frame_fraction_exceeded; player_a_max_consecutive_unusable_frames_exceeded
no_throw_clip_1231,player_a_unusable_frame_fraction_exceeded; player_a_max_consecutive_unusable_frames_exceeded; player_b_max_consecutive_unusable_frames_exceeded
no_throw_clip_1232,not_rejected
no_throw_clip_1233,player_a_unusable_frame_fraction_exceeded; player_a_max_consecutive_unusable_frames_exceeded
no_throw_clip_1234,player_b_max_consecutive_unusable_frames_exceeded
no_throw_clip_1235,not_rejected
no_throw_clip_1236,player_b_max_consecutive_unusable_frames_exceeded
no_throw_clip_1237,player_b_max_consecutive_unusable_frames_exceeded
no_throw_clip_1238,player_a_unusable_frame_fraction_exceeded; player_b_unusable_frame_fraction_exceeded; player_a_max_consecutive_unusable_frames_exceeded; player_b_max_consecutive_unusable_frames_exceeded
no_throw_clip_1239,player_b_unusable_frame_fraction_exceeded; player_b_max_consecutive_unusable_frames_exceeded
no_throw_clip_124,player_a_unusable_frame_fraction_exceeded; player_b_unusable_frame_fraction_exceeded; player_a_max_consecutive_unusable_frames_exceeded; player_b_max_consecutive_unusable_frames_exceeded
no_throw_clip_1240,player_a_unusable_frame_fraction_exceeded; player_b_unusable_frame_fraction_exceeded; player_a_max_consecutive_unusable_frames_exceeded; player_b_max_consecutive_unusable_frames_exceeded
no_throw_clip_1241,player_a_unusable_frame_fraction_exceeded; player_b_unusable_frame_fraction_exceeded; player_a_max_consecutive_unusable_frames_exceeded; player_b_max_consecutive_unusable_frames_exceeded
no_throw_clip_1242,player_b_unusable_frame_fraction_exceeded; player_a_max_consecutive_unusable_frames_exceeded; player_b_max_consecutive_unusable_frames_exceeded
no_throw_clip_1243,not_rejected
no_throw_clip_1244,player_b_unusable_frame_fraction_exceeded; player_a_max_consecutive_unusable_frames_exceeded; player_b_max_consecutive_unusable_frames_exceeded
no_throw_clip_1245,player_a_max_consecutive_unusable_frames_exceeded
no_throw_clip_1246,player_a_unusable_frame_fraction_exceeded; player_b_unusable_frame_fraction_exceeded; player_a_max_consecutive_unusable_frames_exceeded; player_b_max_consecutive_unusable_frames_exceeded
no_throw_clip_1247,not_rejected
no_throw_clip_1248,not_rejected
no_throw_clip_1249,not_rejected
no_throw_clip_125,not_rejected
no_throw_clip_1250,not_rejected
no_throw_clip_1251,not_rejected
no_throw_clip_1252,not_rejected
no_throw_clip_1253,not_rejected
no_throw_clip_1254,not_rejected
no_throw_clip_1255,not_rejected
no_throw_clip_1256,not_rejected
no_throw_clip_1257,player_a_max_consecutive_unusable_frames_exceeded
no_throw_clip_1258,player_b_unusable_frame_fraction_exceeded; player_b_max_consecutive_unusable_frames_exceeded
no_throw_clip_1259,not_rejected
no_throw_clip_126,not_rejected
no_throw_clip_1260,not_rejected
no_throw_clip_1261,not_rejected
no_throw_clip_1262,not_rejected
no_throw_clip_1263,player_b_unusable_frame_fraction_exceeded; player_a_max_consecutive_unusable_frames_exceeded; player_b_max_consecutive_unusable_frames_exceeded
no_throw_clip_1264,not_rejected
no_throw_clip_1265,not_rejected
no_throw_clip_1266,not_rejected
no_throw_clip_1267,not_rejected
no_throw_clip_1268,player_b_max_consecutive_unusable_frames_exceeded
no_throw_clip_1269,player_a_unusable_frame_fraction_exceeded; player_b_unusable_frame_fraction_exceeded; player_a_max_consecutive_unusable_frames_exceeded; player_b_max_consecutive_unusable_frames_exceeded
no_throw_clip_127,not_rejected
no_throw_clip_1270,not_rejected
no_throw_clip_1271,not_rejected
no_throw_clip_1272,player_b_unusable_frame_fraction_exceeded; player_b_max_consecutive_unusable_frames_exceeded
no_throw_clip_1273,player_a_max_consecutive_unusable_frames_exceeded; player_b_max_consecutive_unusable_frames_exceeded
no_throw_clip_1274,not_rejected
no_throw_clip_1275,player_a_unusable_frame_fraction_exceeded; player_b_unusable_frame_fraction_exceeded; player_a_max_consecutive_unusable_frames_exceeded; player_b_max_consecutive_unusable_frames_exceeded
no_throw_clip_1276,not_rejected
no_throw_clip_1277,player_b_unusable_frame_fraction_exceeded; player_b_max_consecutive_unusable_frames_exceeded
no_throw_clip_1278,player_a_unusable_frame_fraction_exceeded; player_a_max_consecutive_unusable_frames_exceeded
no_throw_clip_1279,not_rejected
no_throw_clip_128,not_rejected
no_throw_clip_1280,not_rejected
no_throw_clip_1281,not_rejected
no_throw_clip_1282,not_rejected
no_throw_clip_1283,not_rejected
no_throw_clip_1284,player_a_unusable_frame_fraction_exceeded; player_a_max_consecutive_unusable_frames_exceeded; player_b_max_consecutive_unusable_frames_exceeded
no_throw_clip_1285,player_a_max_consecutive_unusable_frames_exceeded; player_b_max_consecutive_unusable_frames_exceeded
no_throw_clip_1286,player_b_unusable_frame_fraction_exceeded; player_b_max_consecutive_unusable_frames_exceeded
no_throw_clip_1287,player_a_max_consecutive_unusable_frames_exceeded
no_throw_clip_1288,not_rejected
no_throw_clip_1289,player_a_unusable_frame_fraction_exceeded; player_a_max_consecutive_unusable_frames_exceeded
no_throw_clip_129,not_rejected
no_throw_clip_1290,player_b_unusable_frame_fraction_exceeded; player_b_max_consecutive_unusable_frames_exceeded
no_throw_clip_1291,player_b_unusable_frame_fraction_exceeded; player_a_max_consecutive_unusable_frames_exceeded; player_b_max_consecutive_unusable_frames_exceeded
no_throw_clip_1292,not_rejected
no_throw_clip_1293,not_rejected
no_throw_clip_1294,player_a_unusable_frame_fraction_exceeded; player_a_max_consecutive_unusable_frames_exceeded
no_throw_clip_1295,player_b_unusable_frame_fraction_exceeded; player_a_max_consecutive_unusable_frames_exceeded; player_b_max_consecutive_unusable_frames_exceeded
no_throw_clip_1296,player_b_unusable_frame_fraction_exceeded; player_b_max_consecutive_unusable_frames_exceeded
no_throw_clip_1297,player_b_max_consecutive_unusable_frames_exceeded
no_throw_clip_1298,not_rejected
no_throw_clip_1299,not_rejected
no_throw_clip_13,not_rejected
no_throw_clip_130,not_rejected
no_throw_clip_1300,player_a_unusable_frame_fraction_exceeded; player_a_max_consecutive_unusable_frames_exceeded; player_b_max_consecutive_unusable_frames_exceeded
no_throw_clip_1301,not_rejected
no_throw_clip_1302,not_rejected
no_throw_clip_1303,player_b_unusable_frame_fraction_exceeded; player_b_max_consecutive_unusable_frames_exceeded
no_throw_clip_1304,not_rejected
no_throw_clip_1305,not_rejected
no_throw_clip_1306,player_a_unusable_frame_fraction_exceeded; player_a_max_consecutive_unusable_frames_exceeded
no_throw_clip_1307,not_rejected
no_throw_clip_1308,not_rejected
no_throw_clip_1309,not_rejected
no_throw_clip_131,not_rejected
no_throw_clip_1310,player_b_unusable_frame_fraction_exceeded; player_b_max_consecutive_unusable_frames_exceeded
no_throw_clip_1311,player_a_unusable_frame_fraction_exceeded; player_a_max_consecutive_unusable_frames_exceeded
no_throw_clip_1312,not_rejected
no_throw_clip_1313,player_b_max_consecutive_unusable_frames_exceeded
no_throw_clip_1314,not_rejected
no_throw_clip_1315,not_rejected
no_throw_clip_1316,not_rejected
no_throw_clip_1317,not_rejected
no_throw_clip_1318,not_rejected
no_throw_clip_1319,player_a_unusable_frame_fraction_exceeded; player_b_unusable_frame_fraction_exceeded; player_a_max_consecutive_unusable_frames_exceeded; player_b_max_consecutive_unusable_frames_exceeded
no_throw_clip_132,not_rejected
no_throw_clip_1320,not_rejected
no_throw_clip_1321,not_rejected
no_throw_clip_1322,player_a_max_consecutive_unusable_frames_exceeded
no_throw_clip_1323,not_rejected
no_throw_clip_1324,not_rejected
no_throw_clip_1325,player_a_unusable_frame_fraction_exceeded; player_a_max_consecutive_unusable_frames_exceeded
no_throw_clip_1326,player_a_max_consecutive_unusable_frames_exceeded; player_b_max_consecutive_unusable_frames_exceeded
no_throw_clip_1327,player_b_unusable_frame_fraction_exceeded; player_b_max_consecutive_unusable_frames_exceeded
no_throw_clip_1328,player_b_max_consecutive_unusable_frames_exceeded
no_throw_clip_1329,not_rejected
no_throw_clip_133,not_rejected
no_throw_clip_1330,player_b_max_consecutive_unusable_frames_exceeded
no_throw_clip_1331,not_rejected
no_throw_clip_1332,not_rejected
no_throw_clip_1333,not_rejected
no_throw_clip_1334,not_rejected
no_throw_clip_1335,player_a_max_consecutive_unusable_frames_exceeded
no_throw_clip_1336,not_rejected
no_throw_clip_1337,not_rejected
no_throw_clip_1338,not_rejected
no_throw_clip_1339,player_a_unusable_frame_fraction_exceeded; player_b_unusable_frame_fraction_exceeded; player_a_max_consecutive_unusable_frames_exceeded; player_b_max_consecutive_unusable_frames_exceeded
no_throw_clip_134,not_rejected
no_throw_clip_1340,not_rejected
no_throw_clip_1341,not_rejected
no_throw_clip_1342,not_rejected
no_throw_clip_1343,not_rejected
no_throw_clip_1344,not_rejected
no_throw_clip_1345,player_a_unusable_frame_fraction_exceeded; player_b_unusable_frame_fraction_exceeded; player_a_max_consecutive_unusable_frames_exceeded; player_b_max_consecutive_unusable_frames_exceeded
no_throw_clip_1346,player_a_unusable_frame_fraction_exceeded; player_b_unusable_frame_fraction_exceeded; player_a_max_consecutive_unusable_frames_exceeded; player_b_max_consecutive_unusable_frames_exceeded
no_throw_clip_1347,not_rejected
no_throw_clip_1348,player_a_unusable_frame_fraction_exceeded; player_b_unusable_frame_fraction_exceeded; player_a_max_consecutive_unusable_frames_exceeded; player_b_max_consecutive_unusable_frames_exceeded
no_throw_clip_1349,not_rejected
no_throw_clip_135,not_rejected
no_throw_clip_1350,not_rejected
no_throw_clip_1351,player_b_unusable_frame_fraction_exceeded; player_b_max_consecutive_unusable_frames_exceeded
no_throw_clip_1352,not_rejected
no_throw_clip_1353,not_rejected
no_throw_clip_1354,not_rejected
no_throw_clip_1355,player_a_unusable_frame_fraction_exceeded; player_b_unusable_frame_fraction_exceeded; player_a_max_consecutive_unusable_frames_exceeded; player_b_max_consecutive_unusable_frames_exceeded
no_throw_clip_1356,not_rejected
no_throw_clip_1357,player_a_unusable_frame_fraction_exceeded; player_b_unusable_frame_fraction_exceeded; player_a_max_consecutive_unusable_frames_exceeded; player_b_max_consecutive_unusable_frames_exceeded
no_throw_clip_1358,player_a_unusable_frame_fraction_exceeded; player_a_max_consecutive_unusable_frames_exceeded; player_b_max_consecutive_unusable_frames_exceeded
no_throw_clip_1359,player_a_max_consecutive_unusable_frames_exceeded; player_b_max_consecutive_unusable_frames_exceeded
no_throw_clip_136,player_a_max_consecutive_unusable_frames_exceeded
no_throw_clip_1360,player_b_max_consecutive_unusable_frames_exceeded
no_throw_clip_1361,not_rejected
no_throw_clip_1362,player_a_max_consecutive_unusable_frames_exceeded; player_b_max_consecutive_unusable_frames_exceeded
no_throw_clip_1363,player_a_max_consecutive_unusable_frames_exceeded
no_throw_clip_1364,player_b_unusable_frame_fraction_exceeded; player_b_max_consecutive_unusable_frames_exceeded
no_throw_clip_1365,not_rejected
no_throw_clip_1366,player_a_max_consecutive_unusable_frames_exceeded
no_throw_clip_1367,not_rejected
no_throw_clip_1368,not_rejected
no_throw_clip_1369,not_rejected
no_throw_clip_137,not_rejected
no_throw_clip_1370,player_a_max_consecutive_unusable_frames_exceeded
no_throw_clip_1371,player_b_unusable_frame_fraction_exceeded; player_b_max_consecutive_unusable_frames_exceeded
no_throw_clip_1372,player_a_unusable_frame_fraction_exceeded; player_b_unusable_frame_fraction_exceeded; player_a_max_consecutive_unusable_frames_exceeded; player_b_max_consecutive_unusable_frames_exceeded
no_throw_clip_1373,player_a_unusable_frame_fraction_exceeded; player_a_max_consecutive_unusable_frames_exceeded
no_throw_clip_1374,not_rejected
no_throw_clip_1375,player_a_max_consecutive_unusable_frames_exceeded; player_b_max_consecutive_unusable_frames_exceeded
no_throw_clip_1376,not_rejected
no_throw_clip_1377,player_a_unusable_frame_fraction_exceeded; player_b_unusable_frame_fraction_exceeded; player_a_max_consecutive_unusable_frames_exceeded; player_b_max_consecutive_unusable_frames_exceeded
no_throw_clip_1378,player_a_unusable_frame_fraction_exceeded; player_b_unusable_frame_fraction_exceeded; player_a_max_consecutive_unusable_frames_exceeded; player_b_max_consecutive_unusable_frames_exceeded
no_throw_clip_1379,not_rejected
no_throw_clip_138,not_rejected
no_throw_clip_1380,not_rejected
no_throw_clip_1381,player_a_unusable_frame_fraction_exceeded; player_b_unusable_frame_fraction_exceeded; player_a_max_consecutive_unusable_frames_exceeded; player_b_max_consecutive_unusable_frames_exceeded
no_throw_clip_1382,not_rejected
no_throw_clip_1383,not_rejected
no_throw_clip_1384,player_b_unusable_frame_fraction_exceeded; player_b_max_consecutive_unusable_frames_exceeded
no_throw_clip_1385,player_a_unusable_frame_fraction_exceeded; player_b_unusable_frame_fraction_exceeded; player_a_max_consecutive_unusable_frames_exceeded; player_b_max_consecutive_unusable_frames_exceeded
no_throw_clip_1386,not_rejected
no_throw_clip_1387,not_rejected
no_throw_clip_1388,player_a_unusable_frame_fraction_exceeded; player_a_max_consecutive_unusable_frames_exceeded; player_b_max_consecutive_unusable_frames_exceeded
no_throw_clip_1389,player_a_max_consecutive_unusable_frames_exceeded
no_throw_clip_139,not_rejected
no_throw_clip_1390,player_a_max_consecutive_unusable_frames_exceeded; player_b_max_consecutive_unusable_frames_exceeded
no_throw_clip_1391,player_b_max_consecutive_unusable_frames_exceeded
no_throw_clip_1392,player_b_max_consecutive_unusable_frames_exceeded
no_throw_clip_1393,player_a_unusable_frame_fraction_exceeded; player_b_unusable_frame_fraction_exceeded; player_a_max_consecutive_unusable_frames_exceeded; player_b_max_consecutive_unusable_frames_exceeded
no_throw_clip_1394,player_a_unusable_frame_fraction_exceeded; player_a_max_consecutive_unusable_frames_exceeded; player_b_max_consecutive_unusable_frames_exceeded
no_throw_clip_1395,not_rejected
no_throw_clip_1396,not_rejected
no_throw_clip_1397,player_a_unusable_frame_fraction_exceeded; player_a_max_consecutive_unusable_frames_exceeded; player_b_max_consecutive_unusable_frames_exceeded
no_throw_clip_1398,player_a_unusable_frame_fraction_exceeded; player_b_unusable_frame_fraction_exceeded; player_a_max_consecutive_unusable_frames_exceeded; player_b_max_consecutive_unusable_frames_exceeded
no_throw_clip_1399,player_a_unusable_frame_fraction_exceeded; player_a_max_consecutive_unusable_frames_exceeded
no_throw_clip_14,not_rejected
no_throw_clip_140,not_rejected
no_throw_clip_1400,not_rejected
no_throw_clip_1401,not_rejected
no_throw_clip_1402,player_a_max_consecutive_unusable_frames_exceeded
no_throw_clip_1403,not_rejected
no_throw_clip_1404,player_b_max_consecutive_unusable_frames_exceeded
no_throw_clip_1405,not_rejected
no_throw_clip_1406,not_rejected
no_throw_clip_1407,not_rejected
no_throw_clip_1408,not_rejected
no_throw_clip_1409,not_rejected
no_throw_clip_141,not_rejected
no_throw_clip_1410,not_rejected
no_throw_clip_1411,not_rejected
no_throw_clip_1412,player_a_unusable_frame_fraction_exceeded; player_b_unusable_frame_fraction_exceeded; player_a_max_consecutive_unusable_frames_exceeded; player_b_max_consecutive_unusable_frames_exceeded
no_throw_clip_1413,not_rejected
no_throw_clip_1414,player_b_unusable_frame_fraction_exceeded; player_b_max_consecutive_unusable_frames_exceeded
no_throw_clip_1415,player_b_unusable_frame_fraction_exceeded; player_b_max_consecutive_unusable_frames_exceeded
no_throw_clip_1416,player_b_unusable_frame_fraction_exceeded; player_b_max_consecutive_unusable_frames_exceeded
no_throw_clip_1417,not_rejected
no_throw_clip_1418,not_rejected
no_throw_clip_1419,player_b_max_consecutive_unusable_frames_exceeded
no_throw_clip_142,not_rejected
no_throw_clip_1420,not_rejected
no_throw_clip_1421,player_b_max_consecutive_unusable_frames_exceeded
no_throw_clip_1422,player_a_unusable_frame_fraction_exceeded; player_a_max_consecutive_unusable_frames_exceeded; player_b_max_consecutive_unusable_frames_exceeded
no_throw_clip_1423,player_a_unusable_frame_fraction_exceeded; player_a_max_consecutive_unusable_frames_exceeded
no_throw_clip_1424,player_b_unusable_frame_fraction_exceeded; player_b_max_consecutive_unusable_frames_exceeded
no_throw_clip_1425,player_a_unusable_frame_fraction_exceeded; player_a_max_consecutive_unusable_frames_exceeded
no_throw_clip_1426,player_b_max_consecutive_unusable_frames_exceeded
no_throw_clip_1427,not_rejected
no_throw_clip_1428,not_rejected
no_throw_clip_1429,player_b_unusable_frame_fraction_exceeded; player_b_max_consecutive_unusable_frames_exceeded
no_throw_clip_143,not_rejected
no_throw_clip_1430,player_a_unusable_frame_fraction_exceeded; player_b_unusable_frame_fraction_exceeded; player_a_max_consecutive_unusable_frames_exceeded; player_b_max_consecutive_unusable_frames_exceeded
no_throw_clip_1431,player_b_unusable_frame_fraction_exceeded; player_b_max_consecutive_unusable_frames_exceeded
no_throw_clip_1432,not_rejected
no_throw_clip_1433,not_rejected
no_throw_clip_1434,not_rejected
no_throw_clip_1435,not_rejected
no_throw_clip_1436,player_a_max_consecutive_unusable_frames_exceeded; player_b_max_consecutive_unusable_frames_exceeded
no_throw_clip_1437,player_b_unusable_frame_fraction_exceeded; player_b_max_consecutive_unusable_frames_exceeded
no_throw_clip_1438,player_b_unusable_frame_fraction_exceeded; player_b_max_consecutive_unusable_frames_exceeded
no_throw_clip_1439,player_a_unusable_frame_fraction_exceeded; player_a_max_consecutive_unusable_frames_exceeded
no_throw_clip_144,not_rejected
no_throw_clip_1440,player_a_unusable_frame_fraction_exceeded; player_b_unusable_frame_fraction_exceeded; player_a_max_consecutive_unusable_frames_exceeded; player_b_max_consecutive_unusable_frames_exceeded
no_throw_clip_1441,player_a_unusable_frame_fraction_exceeded; player_b_unusable_frame_fraction_exceeded; player_a_max_consecutive_unusable_frames_exceeded; player_b_max_consecutive_unusable_frames_exceeded
no_throw_clip_1442,player_b_unusable_frame_fraction_exceeded; player_b_max_consecutive_unusable_frames_exceeded
no_throw_clip_1443,player_a_unusable_frame_fraction_exceeded; player_b_unusable_frame_fraction_exceeded; player_a_max_consecutive_unusable_frames_exceeded; player_b_max_consecutive_unusable_frames_exceeded
no_throw_clip_1444,player_b_unusable_frame_fraction_exceeded; player_b_max_consecutive_unusable_frames_exceeded
no_throw_clip_1445,not_rejected
no_throw_clip_1446,not_rejected
no_throw_clip_1447,not_rejected
no_throw_clip_1448,not_rejected
no_throw_clip_1449,not_rejected
no_throw_clip_145,not_rejected
no_throw_clip_1450,player_b_max_consecutive_unusable_frames_exceeded
no_throw_clip_1451,not_rejected
no_throw_clip_1452,player_b_unusable_frame_fraction_exceeded; player_b_max_consecutive_unusable_frames_exceeded
no_throw_clip_1453,not_rejected
no_throw_clip_1454,player_a_unusable_frame_fraction_exceeded; player_a_max_consecutive_unusable_frames_exceeded; player_b_max_consecutive_unusable_frames_exceeded
no_throw_clip_1455,player_b_unusable_frame_fraction_exceeded; player_a_max_consecutive_unusable_frames_exceeded; player_b_max_consecutive_unusable_frames_exceeded
no_throw_clip_1456,player_b_unusable_frame_fraction_exceeded; player_b_max_consecutive_unusable_frames_exceeded
no_throw_clip_1457,player_a_max_consecutive_unusable_frames_exceeded; player_b_max_consecutive_unusable_frames_exceeded
no_throw_clip_1458,player_a_unusable_frame_fraction_exceeded; player_b_unusable_frame_fraction_exceeded; player_a_max_consecutive_unusable_frames_exceeded; player_b_max_consecutive_unusable_frames_exceeded
no_throw_clip_1459,player_a_unusable_frame_fraction_exceeded; player_b_unusable_frame_fraction_exceeded; player_a_max_consecutive_unusable_frames_exceeded; player_b_max_consecutive_unusable_frames_exceeded
no_throw_clip_146,not_rejected
no_throw_clip_1460,player_b_unusable_frame_fraction_exceeded; player_a_max_consecutive_unusable_frames_exceeded; player_b_max_consecutive_unusable_frames_exceeded
no_throw_clip_1461,player_a_unusable_frame_fraction_exceeded; player_a_max_consecutive_unusable_frames_exceeded; player_b_max_consecutive_unusable_frames_exceeded
no_throw_clip_1462,player_a_unusable_frame_fraction_exceeded; player_b_unusable_frame_fraction_exceeded; player_a_max_consecutive_unusable_frames_exceeded; player_b_max_consecutive_unusable_frames_exceeded
no_throw_clip_1463,player_a_unusable_frame_fraction_exceeded; player_a_max_consecutive_unusable_frames_exceeded; player_b_max_consecutive_unusable_frames_exceeded
no_throw_clip_1464,not_rejected
no_throw_clip_1465,not_rejected
no_throw_clip_1466,player_a_unusable_frame_fraction_exceeded; player_a_max_consecutive_unusable_frames_exceeded
no_throw_clip_1467,player_a_max_consecutive_unusable_frames_exceeded; player_b_max_consecutive_unusable_frames_exceeded
no_throw_clip_1468,not_rejected
no_throw_clip_1469,not_rejected
no_throw_clip_147,player_a_unusable_frame_fraction_exceeded; player_a_max_consecutive_unusable_frames_exceeded; player_b_max_consecutive_unusable_frames_exceeded
no_throw_clip_1470,not_rejected
no_throw_clip_1471,player_a_unusable_frame_fraction_exceeded; player_a_max_consecutive_unusable_frames_exceeded
no_throw_clip_1472,player_b_max_consecutive_unusable_frames_exceeded
no_throw_clip_1473,player_b_unusable_frame_fraction_exceeded; player_a_max_consecutive_unusable_frames_exceeded; player_b_max_consecutive_unusable_frames_exceeded
no_throw_clip_1474,not_rejected
no_throw_clip_1475,not_rejected
no_throw_clip_1476,not_rejected
no_throw_clip_1477,player_a_max_consecutive_unusable_frames_exceeded
no_throw_clip_1478,not_rejected
no_throw_clip_1479,not_rejected
no_throw_clip_148,not_rejected
no_throw_clip_1480,not_rejected
no_throw_clip_1481,not_rejected
no_throw_clip_1482,not_rejected
no_throw_clip_1483,player_b_unusable_frame_fraction_exceeded; player_a_max_consecutive_unusable_frames_exceeded; player_b_max_consecutive_unusable_frames_exceeded
no_throw_clip_1484,not_rejected
no_throw_clip_1485,not_rejected
no_throw_clip_1486,not_rejected
no_throw_clip_1487,not_rejected
no_throw_clip_1488,player_a_unusable_frame_fraction_exceeded; player_a_max_consecutive_unusable_frames_exceeded
no_throw_clip_1489,player_a_max_consecutive_unusable_frames_exceeded
no_throw_clip_149,player_b_unusable_frame_fraction_exceeded; player_b_max_consecutive_unusable_frames_exceeded
no_throw_clip_1490,player_a_unusable_frame_fraction_exceeded; player_b_unusable_frame_fraction_exceeded; player_a_max_consecutive_unusable_frames_exceeded; player_b_max_consecutive_unusable_frames_exceeded
no_throw_clip_1491,not_rejected
no_throw_clip_1492,player_b_unusable_frame_fraction_exceeded; player_a_max_consecutive_unusable_frames_exceeded; player_b_max_consecutive_unusable_frames_exceeded
no_throw_clip_1493,not_rejected
no_throw_clip_1494,player_a_max_consecutive_unusable_frames_exceeded; player_b_max_consecutive_unusable_frames_exceeded
no_throw_clip_1495,player_b_unusable_frame_fraction_exceeded; player_b_max_consecutive_unusable_frames_exceeded
no_throw_clip_1496,player_a_unusable_frame_fraction_exceeded; player_b_unusable_frame_fraction_exceeded; player_a_max_consecutive_unusable_frames_exceeded; player_b_max_consecutive_unusable_frames_exceeded
no_throw_clip_1497,not_rejected
no_throw_clip_1498,not_rejected
no_throw_clip_1499,not_rejected
no_throw_clip_15,not_rejected
no_throw_clip_150,not_rejected
no_throw_clip_1500,player_a_unusable_frame_fraction_exceeded; player_a_max_consecutive_unusable_frames_exceeded; player_b_max_consecutive_unusable_frames_exceeded
no_throw_clip_1501,player_a_unusable_frame_fraction_exceeded; player_b_unusable_frame_fraction_exceeded; player_a_max_consecutive_unusable_frames_exceeded; player_b_max_consecutive_unusable_frames_exceeded
no_throw_clip_1502,player_b_unusable_frame_fraction_exceeded; player_a_max_consecutive_unusable_frames_exceeded; player_b_max_consecutive_unusable_frames_exceeded
no_throw_clip_1503,player_a_unusable_frame_fraction_exceeded; player_a_max_consecutive_unusable_frames_exceeded; player_b_max_consecutive_unusable_frames_exceeded
no_throw_clip_1504,player_b_unusable_frame_fraction_exceeded; player_b_max_consecutive_unusable_frames_exceeded
no_throw_clip_1505,player_a_unusable_frame_fraction_exceeded; player_a_max_consecutive_unusable_frames_exceeded
no_throw_clip_1506,not_rejected
no_throw_clip_1507,player_a_unusable_frame_fraction_exceeded; player_b_unusable_frame_fraction_exceeded; player_a_max_consecutive_unusable_frames_exceeded; player_b_max_consecutive_unusable_frames_exceeded
no_throw_clip_1508,not_rejected
no_throw_clip_1509,player_b_max_consecutive_unusable_frames_exceeded
no_throw_clip_151,not_rejected
no_throw_clip_1510,not_rejected
no_throw_clip_1511,not_rejected
no_throw_clip_1512,player_b_max_consecutive_unusable_frames_exceeded
no_throw_clip_1513,player_a_max_consecutive_unusable_frames_exceeded; player_b_max_consecutive_unusable_frames_exceeded
no_throw_clip_1514,not_rejected
no_throw_clip_1515,player_a_unusable_frame_fraction_exceeded; player_b_unusable_frame_fraction_exceeded; player_a_max_consecutive_unusable_frames_exceeded; player_b_max_consecutive_unusable_frames_exceeded
no_throw_clip_1516,player_a_unusable_frame_fraction_exceeded; player_b_unusable_frame_fraction_exceeded; player_a_max_consecutive_unusable_frames_exceeded; player_b_max_consecutive_unusable_frames_exceeded
no_throw_clip_1517,player_a_unusable_frame_fraction_exceeded; player_b_unusable_frame_fraction_exceeded; player_a_max_consecutive_unusable_frames_exceeded; player_b_max_consecutive_unusable_frames_exceeded
no_throw_clip_1518,player_a_unusable_frame_fraction_exceeded; player_b_unusable_frame_fraction_exceeded; player_a_max_consecutive_unusable_frames_exceeded; player_b_max_consecutive_unusable_frames_exceeded
no_throw_clip_1519,player_a_unusable_frame_fraction_exceeded; player_b_unusable_frame_fraction_exceeded; player_a_max_consecutive_unusable_frames_exceeded; player_b_max_consecutive_unusable_frames_exceeded
no_throw_clip_152,player_b_unusable_frame_fraction_exceeded; player_b_max_consecutive_unusable_frames_exceeded
no_throw_clip_1520,player_b_unusable_frame_fraction_exceeded; player_b_max_consecutive_unusable_frames_exceeded
no_throw_clip_1521,not_rejected
no_throw_clip_1522,not_rejected
no_throw_clip_1523,not_rejected
no_throw_clip_1524,not_rejected
no_throw_clip_1525,not_rejected
no_throw_clip_1526,not_rejected
no_throw_clip_1527,not_rejected
no_throw_clip_1528,not_rejected
no_throw_clip_1529,not_rejected
no_throw_clip_153,not_rejected
no_throw_clip_1530,player_b_unusable_frame_fraction_exceeded; player_b_max_consecutive_unusable_frames_exceeded
no_throw_clip_1531,not_rejected
no_throw_clip_1532,not_rejected
no_throw_clip_1533,player_b_unusable_frame_fraction_exceeded; player_b_max_consecutive_unusable_frames_exceeded
no_throw_clip_1534,not_rejected
no_throw_clip_1535,player_b_unusable_frame_fraction_exceeded; player_b_max_consecutive_unusable_frames_exceeded
no_throw_clip_1536,not_rejected
no_throw_clip_1537,not_rejected
no_throw_clip_1538,player_b_unusable_frame_fraction_exceeded; player_b_max_consecutive_unusable_frames_exceeded
no_throw_clip_1539,not_rejected
no_throw_clip_154,player_a_unusable_frame_fraction_exceeded; player_a_max_consecutive_unusable_frames_exceeded; player_b_max_consecutive_unusable_frames_exceeded
no_throw_clip_1540,not_rejected
no_throw_clip_1541,not_rejected
no_throw_clip_1542,not_rejected
no_throw_clip_1543,not_rejected
no_throw_clip_1544,player_b_unusable_frame_fraction_exceeded; player_b_max_consecutive_unusable_frames_exceeded
no_throw_clip_1545,not_rejected
no_throw_clip_1546,not_rejected
no_throw_clip_1547,player_b_max_consecutive_unusable_frames_exceeded
no_throw_clip_1548,not_rejected
no_throw_clip_1549,player_b_unusable_frame_fraction_exceeded; player_b_max_consecutive_unusable_frames_exceeded
no_throw_clip_155,player_b_unusable_frame_fraction_exceeded; player_b_max_consecutive_unusable_frames_exceeded
no_throw_clip_1550,not_rejected
no_throw_clip_1551,not_rejected
no_throw_clip_1552,not_rejected
no_throw_clip_1553,player_b_unusable_frame_fraction_exceeded; player_b_max_consecutive_unusable_frames_exceeded
no_throw_clip_1554,not_rejected
no_throw_clip_1555,not_rejected
no_throw_clip_1556,player_b_unusable_frame_fraction_exceeded; player_b_max_consecutive_unusable_frames_exceeded
no_throw_clip_1557,not_rejected
no_throw_clip_1558,not_rejected
no_throw_clip_1559,not_rejected
no_throw_clip_156,player_a_unusable_frame_fraction_exceeded; player_b_unusable_frame_fraction_exceeded; player_a_max_consecutive_unusable_frames_exceeded; player_b_max_consecutive_unusable_frames_exceeded
no_throw_clip_1560,not_rejected
no_throw_clip_1561,not_rejected
no_throw_clip_1562,player_b_max_consecutive_unusable_frames_exceeded
no_throw_clip_1563,player_a_max_consecutive_unusable_frames_exceeded
no_throw_clip_1564,not_rejected
no_throw_clip_1565,not_rejected
no_throw_clip_1566,not_rejected
no_throw_clip_1567,not_rejected
no_throw_clip_1568,not_rejected
no_throw_clip_1569,not_rejected
no_throw_clip_157,player_a_max_consecutive_unusable_frames_exceeded; player_b_max_consecutive_unusable_frames_exceeded
no_throw_clip_1570,player_b_max_consecutive_unusable_frames_exceeded
no_throw_clip_1571,player_a_max_consecutive_unusable_frames_exceeded
no_throw_clip_1572,not_rejected
no_throw_clip_1573,player_a_unusable_frame_fraction_exceeded; player_a_max_consecutive_unusable_frames_exceeded; player_b_max_consecutive_unusable_frames_exceeded
no_throw_clip_1574,player_b_unusable_frame_fraction_exceeded; player_b_max_consecutive_unusable_frames_exceeded
no_throw_clip_1575,player_b_max_consecutive_unusable_frames_exceeded
no_throw_clip_1576,not_rejected
no_throw_clip_1577,not_rejected
no_throw_clip_1578,not_rejected
no_throw_clip_1579,player_b_unusable_frame_fraction_exceeded; player_b_max_consecutive_unusable_frames_exceeded
no_throw_clip_158,player_a_max_consecutive_unusable_frames_exceeded
no_throw_clip_1580,not_rejected
no_throw_clip_1581,not_rejected
no_throw_clip_1582,not_rejected
no_throw_clip_1583,not_rejected
no_throw_clip_1584,not_rejected
no_throw_clip_1585,player_b_unusable_frame_fraction_exceeded; player_b_max_consecutive_unusable_frames_exceeded
no_throw_clip_1586,not_rejected
no_throw_clip_1587,not_rejected
no_throw_clip_1588,not_rejected
no_throw_clip_1589,not_rejected
no_throw_clip_159,not_rejected
no_throw_clip_1590,not_rejected
no_throw_clip_1591,player_b_max_consecutive_unusable_frames_exceeded
no_throw_clip_1592,not_rejected
no_throw_clip_1593,not_rejected
no_throw_clip_1594,not_rejected
no_throw_clip_1595,not_rejected
no_throw_clip_1596,not_rejected
no_throw_clip_1597,player_a_unusable_frame_fraction_exceeded; player_a_max_consecutive_unusable_frames_exceeded; player_b_max_consecutive_unusable_frames_exceeded
no_throw_clip_1598,not_rejected
no_throw_clip_1599,not_rejected
no_throw_clip_16,not_rejected
no_throw_clip_160,not_rejected
no_throw_clip_1600,not_rejected
no_throw_clip_1601,not_rejected
no_throw_clip_1602,not_rejected
no_throw_clip_1603,player_a_max_consecutive_unusable_frames_exceeded; player_b_max_consecutive_unusable_frames_exceeded
no_throw_clip_1604,not_rejected
no_throw_clip_1605,not_rejected
no_throw_clip_1606,not_rejected
no_throw_clip_1607,not_rejected
no_throw_clip_1608,player_b_unusable_frame_fraction_exceeded; player_b_max_consecutive_unusable_frames_exceeded
no_throw_clip_1609,not_rejected
no_throw_clip_161,not_rejected
no_throw_clip_1610,not_rejected
no_throw_clip_1611,not_rejected
no_throw_clip_1612,player_b_max_consecutive_unusable_frames_exceeded
no_throw_clip_1613,not_rejected
no_throw_clip_1614,not_rejected
no_throw_clip_1615,not_rejected
no_throw_clip_1616,not_rejected
no_throw_clip_1617,player_a_max_consecutive_unusable_frames_exceeded
no_throw_clip_1618,not_rejected
no_throw_clip_1619,not_rejected
no_throw_clip_162,not_rejected
no_throw_clip_1620,player_a_max_consecutive_unusable_frames_exceeded
no_throw_clip_1621,not_rejected
no_throw_clip_1622,not_rejected
no_throw_clip_1623,player_b_max_consecutive_unusable_frames_exceeded
no_throw_clip_1624,player_b_unusable_frame_fraction_exceeded; player_b_max_consecutive_unusable_frames_exceeded
no_throw_clip_1625,player_b_unusable_frame_fraction_exceeded; player_a_max_consecutive_unusable_frames_exceeded; player_b_max_consecutive_unusable_frames_exceeded
no_throw_clip_1626,player_b_unusable_frame_fraction_exceeded; player_b_max_consecutive_unusable_frames_exceeded
no_throw_clip_1627,player_a_unusable_frame_fraction_exceeded; player_b_unusable_frame_fraction_exceeded; player_a_max_consecutive_unusable_frames_exceeded; player_b_max_consecutive_unusable_frames_exceeded
no_throw_clip_1628,not_rejected
no_throw_clip_1629,not_rejected
no_throw_clip_163,player_b_unusable_frame_fraction_exceeded; player_a_max_consecutive_unusable_frames_exceeded; player_b_max_consecutive_unusable_frames_exceeded
no_throw_clip_1630,not_rejected
no_throw_clip_1631,not_rejected
no_throw_clip_1632,not_rejected
no_throw_clip_1633,not_rejected
no_throw_clip_1634,player_b_max_consecutive_unusable_frames_exceeded
no_throw_clip_1635,not_rejected
no_throw_clip_1636,not_rejected
no_throw_clip_1637,player_a_max_consecutive_unusable_frames_exceeded; player_b_max_consecutive_unusable_frames_exceeded
no_throw_clip_1638,player_a_unusable_frame_fraction_exceeded; player_b_unusable_frame_fraction_exceeded; player_a_max_consecutive_unusable_frames_exceeded; player_b_max_consecutive_unusable_frames_exceeded
no_throw_clip_1639,not_rejected
no_throw_clip_164,player_a_max_consecutive_unusable_frames_exceeded; player_b_max_consecutive_unusable_frames_exceeded
no_throw_clip_1640,player_a_max_consecutive_unusable_frames_exceeded; player_b_max_consecutive_unusable_frames_exceeded
no_throw_clip_1641,not_rejected
no_throw_clip_1642,not_rejected
no_throw_clip_1643,not_rejected
no_throw_clip_1644,not_rejected
no_throw_clip_1645,not_rejected
no_throw_clip_1646,not_rejected
no_throw_clip_1647,not_rejected
no_throw_clip_1648,not_rejected
no_throw_clip_1649,not_rejected
no_throw_clip_165,player_a_unusable_frame_fraction_exceeded; player_b_unusable_frame_fraction_exceeded; player_a_max_consecutive_unusable_frames_exceeded; player_b_max_consecutive_unusable_frames_exceeded
no_throw_clip_1650,not_rejected
no_throw_clip_1651,player_b_max_consecutive_unusable_frames_exceeded
no_throw_clip_1652,player_b_max_consecutive_unusable_frames_exceeded
no_throw_clip_1653,player_a_unusable_frame_fraction_exceeded; player_a_max_consecutive_unusable_frames_exceeded
no_throw_clip_1654,not_rejected
no_throw_clip_1655,not_rejected
no_throw_clip_1656,not_rejected
no_throw_clip_1657,not_rejected
no_throw_clip_1658,not_rejected
no_throw_clip_1659,not_rejected
no_throw_clip_166,player_b_unusable_frame_fraction_exceeded; player_b_max_consecutive_unusable_frames_exceeded
no_throw_clip_1660,not_rejected
no_throw_clip_1661,not_rejected
no_throw_clip_1662,not_rejected
no_throw_clip_1663,not_rejected
no_throw_clip_1664,not_rejected
no_throw_clip_1665,not_rejected
no_throw_clip_1666,player_a_max_consecutive_unusable_frames_exceeded
no_throw_clip_1667,not_rejected
no_throw_clip_1668,not_rejected
no_throw_clip_1669,not_rejected
no_throw_clip_167,player_a_max_consecutive_unusable_frames_exceeded; player_b_max_consecutive_unusable_frames_exceeded
no_throw_clip_1670,not_rejected
no_throw_clip_1671,not_rejected
no_throw_clip_1672,player_b_max_consecutive_unusable_frames_exceeded
no_throw_clip_1673,not_rejected
no_throw_clip_1674,not_rejected
no_throw_clip_1675,not_rejected
no_throw_clip_1676,not_rejected
no_throw_clip_1677,not_rejected
no_throw_clip_1678,not_rejected
no_throw_clip_1679,not_rejected
no_throw_clip_168,not_rejected
no_throw_clip_1680,not_rejected
no_throw_clip_1681,player_b_unusable_frame_fraction_exceeded; player_b_max_consecutive_unusable_frames_exceeded
no_throw_clip_1682,not_rejected
no_throw_clip_1683,not_rejected
no_throw_clip_1684,not_rejected
no_throw_clip_1685,player_a_max_consecutive_unusable_frames_exceeded
no_throw_clip_1686,not_rejected
no_throw_clip_1687,not_rejected
no_throw_clip_1688,not_rejected
no_throw_clip_1689,player_a_unusable_frame_fraction_exceeded; player_a_max_consecutive_unusable_frames_exceeded; player_b_max_consecutive_unusable_frames_exceeded
no_throw_clip_169,not_rejected
no_throw_clip_1690,player_b_unusable_frame_fraction_exceeded; player_b_max_consecutive_unusable_frames_exceeded
no_throw_clip_1691,player_b_max_consecutive_unusable_frames_exceeded
no_throw_clip_1692,player_b_unusable_frame_fraction_exceeded; player_b_max_consecutive_unusable_frames_exceeded
no_throw_clip_1693,not_rejected
no_throw_clip_1694,not_rejected
no_throw_clip_1695,not_rejected
no_throw_clip_1696,not_rejected
no_throw_clip_1697,player_b_unusable_frame_fraction_exceeded; player_b_max_consecutive_unusable_frames_exceeded
no_throw_clip_1698,player_b_max_consecutive_unusable_frames_exceeded
no_throw_clip_1699,player_b_unusable_frame_fraction_exceeded; player_a_max_consecutive_unusable_frames_exceeded; player_b_max_consecutive_unusable_frames_exceeded
no_throw_clip_17,not_rejected
no_throw_clip_170,player_b_max_consecutive_unusable_frames_exceeded
no_throw_clip_1700,player_b_unusable_frame_fraction_exceeded; player_b_max_consecutive_unusable_frames_exceeded
no_throw_clip_1701,player_b_max_consecutive_unusable_frames_exceeded
no_throw_clip_1702,not_rejected
no_throw_clip_1703,not_rejected
no_throw_clip_1704,not_rejected
no_throw_clip_1705,player_a_max_consecutive_unusable_frames_exceeded
no_throw_clip_1706,not_rejected
no_throw_clip_1707,not_rejected
no_throw_clip_1708,player_a_max_consecutive_unusable_frames_exceeded
no_throw_clip_1709,player_b_unusable_frame_fraction_exceeded; player_b_max_consecutive_unusable_frames_exceeded
no_throw_clip_171,player_b_max_consecutive_unusable_frames_exceeded
no_throw_clip_1710,player_b_unusable_frame_fraction_exceeded; player_a_max_consecutive_unusable_frames_exceeded; player_b_max_consecutive_unusable_frames_exceeded
no_throw_clip_1711,player_a_max_consecutive_unusable_frames_exceeded
no_throw_clip_1712,player_a_max_consecutive_unusable_frames_exceeded; player_b_max_consecutive_unusable_frames_exceeded
no_throw_clip_1713,not_rejected
no_throw_clip_1714,player_a_max_consecutive_unusable_frames_exceeded
no_throw_clip_1715,not_rejected
no_throw_clip_1716,not_rejected
no_throw_clip_1717,not_rejected
no_throw_clip_1718,not_rejected
no_throw_clip_1719,player_a_unusable_frame_fraction_exceeded; player_b_unusable_frame_fraction_exceeded; player_a_max_consecutive_unusable_frames_exceeded; player_b_max_consecutive_unusable_frames_exceeded
no_throw_clip_172,not_rejected
no_throw_clip_1720,not_rejected
no_throw_clip_1721,not_rejected
no_throw_clip_1722,not_rejected
no_throw_clip_1723,player_b_unusable_frame_fraction_exceeded; player_b_max_consecutive_unusable_frames_exceeded
no_throw_clip_1724,player_b_unusable_frame_fraction_exceeded; player_b_max_consecutive_unusable_frames_exceeded
no_throw_clip_1725,player_a_unusable_frame_fraction_exceeded; player_b_unusable_frame_fraction_exceeded; player_a_max_consecutive_unusable_frames_exceeded; player_b_max_consecutive_unusable_frames_exceeded
no_throw_clip_1726,player_b_max_consecutive_unusable_frames_exceeded
no_throw_clip_1727,player_b_unusable_frame_fraction_exceeded; player_b_max_consecutive_unusable_frames_exceeded
no_throw_clip_1728,player_a_max_consecutive_unusable_frames_exceeded; player_b_max_consecutive_unusable_frames_exceeded
no_throw_clip_1729,not_rejected
no_throw_clip_173,not_rejected
no_throw_clip_1730,not_rejected
no_throw_clip_1731,player_b_unusable_frame_fraction_exceeded; player_b_max_consecutive_unusable_frames_exceeded
no_throw_clip_1732,player_b_unusable_frame_fraction_exceeded; player_a_max_consecutive_unusable_frames_exceeded; player_b_max_consecutive_unusable_frames_exceeded
no_throw_clip_1733,not_rejected
no_throw_clip_1734,not_rejected
no_throw_clip_1735,not_rejected
no_throw_clip_1736,player_b_unusable_frame_fraction_exceeded; player_b_max_consecutive_unusable_frames_exceeded
no_throw_clip_1737,player_a_unusable_frame_fraction_exceeded; player_a_max_consecutive_unusable_frames_exceeded; player_b_max_consecutive_unusable_frames_exceeded
no_throw_clip_1738,not_rejected
no_throw_clip_1739,not_rejected
no_throw_clip_174,not_rejected
no_throw_clip_1740,player_b_unusable_frame_fraction_exceeded; player_b_max_consecutive_unusable_frames_exceeded
no_throw_clip_1741,player_a_unusable_frame_fraction_exceeded; player_b_unusable_frame_fraction_exceeded; player_a_max_consecutive_unusable_frames_exceeded; player_b_max_consecutive_unusable_frames_exceeded
no_throw_clip_1742,player_a_unusable_frame_fraction_exceeded; player_b_unusable_frame_fraction_exceeded; player_a_max_consecutive_unusable_frames_exceeded; player_b_max_consecutive_unusable_frames_exceeded
no_throw_clip_1743,not_rejected
no_throw_clip_1744,not_rejected
no_throw_clip_1745,player_b_unusable_frame_fraction_exceeded; player_a_max_consecutive_unusable_frames_exceeded; player_b_max_consecutive_unusable_frames_exceeded
no_throw_clip_1746,player_b_unusable_frame_fraction_exceeded; player_b_max_consecutive_unusable_frames_exceeded
no_throw_clip_1747,player_a_max_consecutive_unusable_frames_exceeded
no_throw_clip_1748,player_b_unusable_frame_fraction_exceeded; player_b_max_consecutive_unusable_frames_exceeded
no_throw_clip_1749,player_a_unusable_frame_fraction_exceeded; player_a_max_consecutive_unusable_frames_exceeded
no_throw_clip_175,not_rejected
no_throw_clip_1750,player_b_unusable_frame_fraction_exceeded; player_a_max_consecutive_unusable_frames_exceeded; player_b_max_consecutive_unusable_frames_exceeded
no_throw_clip_1751,player_b_max_consecutive_unusable_frames_exceeded
no_throw_clip_1752,player_b_max_consecutive_unusable_frames_exceeded
no_throw_clip_1753,player_a_max_consecutive_unusable_frames_exceeded
no_throw_clip_1754,player_a_unusable_frame_fraction_exceeded; player_a_max_consecutive_unusable_frames_exceeded; player_b_max_consecutive_unusable_frames_exceeded
no_throw_clip_1755,player_b_unusable_frame_fraction_exceeded; player_b_max_consecutive_unusable_frames_exceeded
no_throw_clip_1756,player_a_unusable_frame_fraction_exceeded; player_a_max_consecutive_unusable_frames_exceeded; player_b_max_consecutive_unusable_frames_exceeded
no_throw_clip_1757,not_rejected
no_throw_clip_1758,not_rejected
no_throw_clip_1759,not_rejected
no_throw_clip_176,not_rejected
no_throw_clip_1760,not_rejected
no_throw_clip_1761,not_rejected
no_throw_clip_1762,player_b_max_consecutive_unusable_frames_exceeded
no_throw_clip_1763,player_b_unusable_frame_fraction_exceeded; player_b_max_consecutive_unusable_frames_exceeded
no_throw_clip_1764,player_a_unusable_frame_fraction_exceeded; player_b_unusable_frame_fraction_exceeded; player_a_max_consecutive_unusable_frames_exceeded; player_b_max_consecutive_unusable_frames_exceeded
no_throw_clip_1765,player_a_max_consecutive_unusable_frames_exceeded; player_b_max_consecutive_unusable_frames_exceeded
no_throw_clip_1766,player_b_max_consecutive_unusable_frames_exceeded
no_throw_clip_1767,player_b_unusable_frame_fraction_exceeded; player_a_max_consecutive_unusable_frames_exceeded; player_b_max_consecutive_unusable_frames_exceeded
no_throw_clip_1768,player_a_max_consecutive_unusable_frames_exceeded
no_throw_clip_1769,player_b_unusable_frame_fraction_exceeded; player_a_max_consecutive_unusable_frames_exceeded; player_b_max_consecutive_unusable_frames_exceeded
no_throw_clip_177,not_rejected
no_throw_clip_1770,not_rejected
no_throw_clip_1771,player_a_max_consecutive_unusable_frames_exceeded; player_b_max_consecutive_unusable_frames_exceeded
no_throw_clip_1772,player_a_max_consecutive_unusable_frames_exceeded; player_b_max_consecutive_unusable_frames_exceeded
no_throw_clip_1773,not_rejected
no_throw_clip_1774,player_b_unusable_frame_fraction_exceeded; player_b_max_consecutive_unusable_frames_exceeded
no_throw_clip_1775,player_a_unusable_frame_fraction_exceeded; player_a_max_consecutive_unusable_frames_exceeded; player_b_max_consecutive_unusable_frames_exceeded
no_throw_clip_1776,player_b_max_consecutive_unusable_frames_exceeded
no_throw_clip_1777,player_a_unusable_frame_fraction_exceeded; player_b_unusable_frame_fraction_exceeded; player_a_max_consecutive_unusable_frames_exceeded; player_b_max_consecutive_unusable_frames_exceeded
no_throw_clip_1778,not_rejected
no_throw_clip_1779,player_a_unusable_frame_fraction_exceeded; player_a_max_consecutive_unusable_frames_exceeded; player_b_max_consecutive_unusable_frames_exceeded
no_throw_clip_178,player_a_max_consecutive_unusable_frames_exceeded; player_b_max_consecutive_unusable_frames_exceeded
no_throw_clip_1780,player_b_unusable_frame_fraction_exceeded; player_a_max_consecutive_unusable_frames_exceeded; player_b_max_consecutive_unusable_frames_exceeded
no_throw_clip_1781,not_rejected
no_throw_clip_1782,player_b_unusable_frame_fraction_exceeded; player_b_max_consecutive_unusable_frames_exceeded
no_throw_clip_1783,not_rejected
no_throw_clip_1784,player_a_unusable_frame_fraction_exceeded; player_a_max_consecutive_unusable_frames_exceeded
no_throw_clip_1785,not_rejected
no_throw_clip_1786,player_b_unusable_frame_fraction_exceeded; player_b_max_consecutive_unusable_frames_exceeded
no_throw_clip_1787,player_a_unusable_frame_fraction_exceeded; player_a_max_consecutive_unusable_frames_exceeded
no_throw_clip_1788,player_b_unusable_frame_fraction_exceeded; player_a_max_consecutive_unusable_frames_exceeded; player_b_max_consecutive_unusable_frames_exceeded
no_throw_clip_1789,not_rejected
no_throw_clip_179,not_rejected
no_throw_clip_1790,not_rejected
no_throw_clip_1791,not_rejected
no_throw_clip_1792,not_rejected
no_throw_clip_1793,not_rejected
no_throw_clip_1794,not_rejected
no_throw_clip_1795,not_rejected
no_throw_clip_1796,not_rejected
no_throw_clip_1797,not_rejected
no_throw_clip_1798,player_b_max_consecutive_unusable_frames_exceeded
no_throw_clip_1799,player_a_max_consecutive_unusable_frames_exceeded
no_throw_clip_18,not_rejected
no_throw_clip_180,player_a_unusable_frame_fraction_exceeded; player_a_max_consecutive_unusable_frames_exceeded; player_b_max_consecutive_unusable_frames_exceeded
no_throw_clip_1800,not_rejected
no_throw_clip_1801,player_a_max_consecutive_unusable_frames_exceeded
no_throw_clip_1802,player_b_unusable_frame_fraction_exceeded; player_b_max_consecutive_unusable_frames_exceeded
no_throw_clip_1803,not_rejected
no_throw_clip_1804,player_b_unusable_frame_fraction_exceeded; player_b_max_consecutive_unusable_frames_exceeded
no_throw_clip_1805,not_rejected
no_throw_clip_1806,not_rejected
no_throw_clip_1807,player_b_unusable_frame_fraction_exceeded; player_b_max_consecutive_unusable_frames_exceeded
no_throw_clip_1808,not_rejected
no_throw_clip_1809,not_rejected
no_throw_clip_181,player_b_unusable_frame_fraction_exceeded; player_b_max_consecutive_unusable_frames_exceeded
no_throw_clip_1810,not_rejected
no_throw_clip_1811,not_rejected
no_throw_clip_1812,not_rejected
no_throw_clip_1813,not_rejected
no_throw_clip_1814,not_rejected
no_throw_clip_1815,player_b_max_consecutive_unusable_frames_exceeded
no_throw_clip_1816,player_a_unusable_frame_fraction_exceeded; player_a_max_consecutive_unusable_frames_exceeded
no_throw_clip_1817,not_rejected
no_throw_clip_1818,not_rejected
no_throw_clip_1819,player_b_unusable_frame_fraction_exceeded; player_b_max_consecutive_unusable_frames_exceeded
no_throw_clip_182,not_rejected
no_throw_clip_1820,not_rejected
no_throw_clip_1821,player_a_unusable_frame_fraction_exceeded; player_b_unusable_frame_fraction_exceeded; player_a_max_consecutive_unusable_frames_exceeded; player_b_max_consecutive_unusable_frames_exceeded
no_throw_clip_1822,player_b_unusable_frame_fraction_exceeded; player_a_max_consecutive_unusable_frames_exceeded; player_b_max_consecutive_unusable_frames_exceeded
no_throw_clip_1823,not_rejected
no_throw_clip_1824,not_rejected
no_throw_clip_1825,player_b_unusable_frame_fraction_exceeded; player_a_max_consecutive_unusable_frames_exceeded; player_b_max_consecutive_unusable_frames_exceeded
no_throw_clip_1826,player_a_max_consecutive_unusable_frames_exceeded; player_b_max_consecutive_unusable_frames_exceeded
no_throw_clip_1827,player_b_max_consecutive_unusable_frames_exceeded
no_throw_clip_1828,player_a_unusable_frame_fraction_exceeded; player_a_max_consecutive_unusable_frames_exceeded; player_b_max_consecutive_unusable_frames_exceeded
no_throw_clip_1829,player_b_unusable_frame_fraction_exceeded; player_b_max_consecutive_unusable_frames_exceeded
no_throw_clip_183,not_rejected
no_throw_clip_1830,player_b_unusable_frame_fraction_exceeded; player_a_max_consecutive_unusable_frames_exceeded; player_b_max_consecutive_unusable_frames_exceeded
no_throw_clip_1831,player_b_unusable_frame_fraction_exceeded; player_a_max_consecutive_unusable_frames_exceeded; player_b_max_consecutive_unusable_frames_exceeded
no_throw_clip_1832,player_b_unusable_frame_fraction_exceeded; player_b_max_consecutive_unusable_frames_exceeded
no_throw_clip_1833,not_rejected
no_throw_clip_1834,not_rejected
no_throw_clip_1835,player_b_unusable_frame_fraction_exceeded; player_a_max_consecutive_unusable_frames_exceeded; player_b_max_consecutive_unusable_frames_exceeded
no_throw_clip_1836,not_rejected
no_throw_clip_1837,player_b_max_consecutive_unusable_frames_exceeded
no_throw_clip_1838,player_b_unusable_frame_fraction_exceeded; player_b_max_consecutive_unusable_frames_exceeded
no_throw_clip_1839,player_a_unusable_frame_fraction_exceeded; player_a_max_consecutive_unusable_frames_exceeded
no_throw_clip_184,not_rejected
no_throw_clip_1840,not_rejected
no_throw_clip_1841,player_b_unusable_frame_fraction_exceeded; player_a_max_consecutive_unusable_frames_exceeded; player_b_max_consecutive_unusable_frames_exceeded
no_throw_clip_1842,player_a_max_consecutive_unusable_frames_exceeded; player_b_max_consecutive_unusable_frames_exceeded
no_throw_clip_1843,not_rejected
no_throw_clip_1844,not_rejected
no_throw_clip_1845,player_b_unusable_frame_fraction_exceeded; player_a_max_consecutive_unusable_frames_exceeded; player_b_max_consecutive_unusable_frames_exceeded
no_throw_clip_1846,player_b_unusable_frame_fraction_exceeded; player_a_max_consecutive_unusable_frames_exceeded; player_b_max_consecutive_unusable_frames_exceeded
no_throw_clip_1847,player_b_unusable_frame_fraction_exceeded; player_a_max_consecutive_unusable_frames_exceeded; player_b_max_consecutive_unusable_frames_exceeded
no_throw_clip_1848,player_a_unusable_frame_fraction_exceeded; player_a_max_consecutive_unusable_frames_exceeded
no_throw_clip_1849,not_rejected
no_throw_clip_185,player_a_max_consecutive_unusable_frames_exceeded; player_b_max_consecutive_unusable_frames_exceeded
no_throw_clip_1850,not_rejected
no_throw_clip_1851,not_rejected
no_throw_clip_1852,player_a_unusable_frame_fraction_exceeded; player_a_max_consecutive_unusable_frames_exceeded; player_b_max_consecutive_unusable_frames_exceeded
no_throw_clip_1853,player_b_unusable_frame_fraction_exceeded; player_b_max_consecutive_unusable_frames_exceeded
no_throw_clip_1854,not_rejected
no_throw_clip_1855,player_a_unusable_frame_fraction_exceeded; player_a_max_consecutive_unusable_frames_exceeded
no_throw_clip_1856,not_rejected
no_throw_clip_1857,not_rejected
no_throw_clip_1858,not_rejected
no_throw_clip_1859,not_rejected
no_throw_clip_186,player_b_unusable_frame_fraction_exceeded; player_a_max_consecutive_unusable_frames_exceeded; player_b_max_consecutive_unusable_frames_exceeded
no_throw_clip_1860,player_a_max_consecutive_unusable_frames_exceeded
no_throw_clip_1861,not_rejected
no_throw_clip_1862,not_rejected
no_throw_clip_1863,not_rejected
no_throw_clip_1864,not_rejected
no_throw_clip_1865,not_rejected
no_throw_clip_1866,not_rejected
no_throw_clip_1867,not_rejected
no_throw_clip_1868,player_b_max_consecutive_unusable_frames_exceeded
no_throw_clip_1869,player_b_unusable_frame_fraction_exceeded; player_a_max_consecutive_unusable_frames_exceeded; player_b_max_consecutive_unusable_frames_exceeded
no_throw_clip_187,not_rejected
no_throw_clip_1870,player_a_max_consecutive_unusable_frames_exceeded
no_throw_clip_1871,not_rejected
no_throw_clip_1872,not_rejected
no_throw_clip_1873,not_rejected
no_throw_clip_1874,player_b_unusable_frame_fraction_exceeded; player_b_max_consecutive_unusable_frames_exceeded
no_throw_clip_1875,player_a_unusable_frame_fraction_exceeded; player_a_max_consecutive_unusable_frames_exceeded
no_throw_clip_1876,player_a_unusable_frame_fraction_exceeded; player_a_max_consecutive_unusable_frames_exceeded; player_b_max_consecutive_unusable_frames_exceeded
no_throw_clip_1877,player_b_unusable_frame_fraction_exceeded; player_b_max_consecutive_unusable_frames_exceeded
no_throw_clip_1878,player_b_unusable_frame_fraction_exceeded; player_a_max_consecutive_unusable_frames_exceeded; player_b_max_consecutive_unusable_frames_exceeded
no_throw_clip_1879,not_rejected
no_throw_clip_188,not_rejected
no_throw_clip_1880,player_b_unusable_frame_fraction_exceeded; player_b_max_consecutive_unusable_frames_exceeded
no_throw_clip_1881,player_b_unusable_frame_fraction_exceeded; player_a_max_consecutive_unusable_frames_exceeded; player_b_max_consecutive_unusable_frames_exceeded
no_throw_clip_1882,player_b_unusable_frame_fraction_exceeded; player_a_max_consecutive_unusable_frames_exceeded; player_b_max_consecutive_unusable_frames_exceeded
no_throw_clip_1883,player_a_unusable_frame_fraction_exceeded; player_a_max_consecutive_unusable_frames_exceeded; player_b_max_consecutive_unusable_frames_exceeded
no_throw_clip_1884,player_a_max_consecutive_unusable_frames_exceeded
no_throw_clip_1885,not_rejected
no_throw_clip_1886,not_rejected
no_throw_clip_1887,player_a_unusable_frame_fraction_exceeded; player_a_max_consecutive_unusable_frames_exceeded
no_throw_clip_1888,not_rejected
no_throw_clip_1889,not_rejected
no_throw_clip_189,not_rejected
no_throw_clip_1890,not_rejected
no_throw_clip_1891,player_b_unusable_frame_fraction_exceeded; player_b_max_consecutive_unusable_frames_exceeded
no_throw_clip_1892,player_a_unusable_frame_fraction_exceeded; player_a_max_consecutive_unusable_frames_exceeded; player_b_max_consecutive_unusable_frames_exceeded
no_throw_clip_1893,player_b_unusable_frame_fraction_exceeded; player_a_max_consecutive_unusable_frames_exceeded; player_b_max_consecutive_unusable_frames_exceeded
no_throw_clip_1894,player_b_unusable_frame_fraction_exceeded; player_a_max_consecutive_unusable_frames_exceeded; player_b_max_consecutive_unusable_frames_exceeded
no_throw_clip_1895,player_a_unusable_frame_fraction_exceeded; player_a_max_consecutive_unusable_frames_exceeded; player_b_max_consecutive_unusable_frames_exceeded
no_throw_clip_1896,player_b_unusable_frame_fraction_exceeded; player_b_max_consecutive_unusable_frames_exceeded
no_throw_clip_1897,player_b_unusable_frame_fraction_exceeded; player_b_max_consecutive_unusable_frames_exceeded
no_throw_clip_1898,not_rejected
no_throw_clip_1899,not_rejected
no_throw_clip_19,not_rejected
no_throw_clip_190,not_rejected
no_throw_clip_1900,player_b_max_consecutive_unusable_frames_exceeded
no_throw_clip_1901,not_rejected
no_throw_clip_1902,not_rejected
no_throw_clip_1903,not_rejected
no_throw_clip_1904,not_rejected
no_throw_clip_1905,not_rejected
no_throw_clip_1906,not_rejected
no_throw_clip_1907,not_rejected
no_throw_clip_1908,not_rejected
no_throw_clip_1909,not_rejected
no_throw_clip_191,not_rejected
no_throw_clip_1910,player_b_max_consecutive_unusable_frames_exceeded
no_throw_clip_1911,player_b_unusable_frame_fraction_exceeded; player_a_max_consecutive_unusable_frames_exceeded; player_b_max_consecutive_unusable_frames_exceeded
no_throw_clip_1912,player_a_unusable_frame_fraction_exceeded; player_b_unusable_frame_fraction_exceeded; player_a_max_consecutive_unusable_frames_exceeded; player_b_max_consecutive_unusable_frames_exceeded
no_throw_clip_1913,not_rejected
no_throw_clip_1914,player_a_max_consecutive_unusable_frames_exceeded; player_b_max_consecutive_unusable_frames_exceeded
no_throw_clip_1915,not_rejected
no_throw_clip_1916,not_rejected
no_throw_clip_1917,not_rejected
no_throw_clip_1918,not_rejected
no_throw_clip_1919,not_rejected
no_throw_clip_192,not_rejected
no_throw_clip_1920,not_rejected
no_throw_clip_1921,not_rejected
no_throw_clip_1922,player_b_unusable_frame_fraction_exceeded; player_b_max_consecutive_unusable_frames_exceeded
no_throw_clip_1923,player_a_max_consecutive_unusable_frames_exceeded
no_throw_clip_1924,not_rejected
no_throw_clip_1925,player_a_unusable_frame_fraction_exceeded; player_a_max_consecutive_unusable_frames_exceeded
no_throw_clip_1926,player_b_unusable_frame_fraction_exceeded; player_b_max_consecutive_unusable_frames_exceeded
no_throw_clip_1927,player_a_max_consecutive_unusable_frames_exceeded; player_b_max_consecutive_unusable_frames_exceeded
no_throw_clip_1928,player_b_unusable_frame_fraction_exceeded; player_a_max_consecutive_unusable_frames_exceeded; player_b_max_consecutive_unusable_frames_exceeded
no_throw_clip_1929,player_a_max_consecutive_unusable_frames_exceeded
no_throw_clip_193,not_rejected
no_throw_clip_1930,player_b_unusable_frame_fraction_exceeded; player_b_max_consecutive_unusable_frames_exceeded
no_throw_clip_1931,not_rejected
no_throw_clip_1932,player_a_unusable_frame_fraction_exceeded; player_a_max_consecutive_unusable_frames_exceeded; player_b_max_consecutive_unusable_frames_exceeded
no_throw_clip_1933,player_b_unusable_frame_fraction_exceeded; player_a_max_consecutive_unusable_frames_exceeded; player_b_max_consecutive_unusable_frames_exceeded
no_throw_clip_1934,player_a_unusable_frame_fraction_exceeded; player_b_unusable_frame_fraction_exceeded; player_a_max_consecutive_unusable_frames_exceeded; player_b_max_consecutive_unusable_frames_exceeded
no_throw_clip_1935,player_a_unusable_frame_fraction_exceeded; player_a_max_consecutive_unusable_frames_exceeded
no_throw_clip_1936,not_rejected
no_throw_clip_1937,not_rejected
no_throw_clip_1938,not_rejected
no_throw_clip_1939,not_rejected
no_throw_clip_194,not_rejected
no_throw_clip_1940,not_rejected
no_throw_clip_1941,not_rejected
no_throw_clip_1942,not_rejected
no_throw_clip_1943,not_rejected
no_throw_clip_1944,player_b_unusable_frame_fraction_exceeded; player_a_max_consecutive_unusable_frames_exceeded; player_b_max_consecutive_unusable_frames_exceeded
no_throw_clip_1945,not_rejected
no_throw_clip_1946,not_rejected
no_throw_clip_1947,player_b_unusable_frame_fraction_exceeded; player_b_max_consecutive_unusable_frames_exceeded
no_throw_clip_1948,not_rejected
no_throw_clip_1949,not_rejected
no_throw_clip_195,not_rejected
no_throw_clip_1950,not_rejected
no_throw_clip_1951,player_a_max_consecutive_unusable_frames_exceeded
no_throw_clip_1952,player_b_unusable_frame_fraction_exceeded; player_b_max_consecutive_unusable_frames_exceeded
no_throw_clip_1953,player_b_max_consecutive_unusable_frames_exceeded
no_throw_clip_1954,player_a_max_consecutive_unusable_frames_exceeded
no_throw_clip_1955,not_rejected
no_throw_clip_1956,player_b_max_consecutive_unusable_frames_exceeded
no_throw_clip_1957,player_a_unusable_frame_fraction_exceeded; player_a_max_consecutive_unusable_frames_exceeded
no_throw_clip_1958,player_a_unusable_frame_fraction_exceeded; player_a_max_consecutive_unusable_frames_exceeded
no_throw_clip_1959,player_a_unusable_frame_fraction_exceeded; player_a_max_consecutive_unusable_frames_exceeded; player_b_max_consecutive_unusable_frames_exceeded
no_throw_clip_196,player_b_unusable_frame_fraction_exceeded; player_b_max_consecutive_unusable_frames_exceeded
no_throw_clip_1960,not_rejected
no_throw_clip_1961,not_rejected
no_throw_clip_1962,player_a_max_consecutive_unusable_frames_exceeded
no_throw_clip_1963,not_rejected
no_throw_clip_1964,not_rejected
no_throw_clip_1965,not_rejected
no_throw_clip_1966,player_b_unusable_frame_fraction_exceeded; player_b_max_consecutive_unusable_frames_exceeded
no_throw_clip_1967,player_b_unusable_frame_fraction_exceeded; player_b_max_consecutive_unusable_frames_exceeded
no_throw_clip_1968,not_rejected
no_throw_clip_1969,player_b_unusable_frame_fraction_exceeded; player_a_max_consecutive_unusable_frames_exceeded; player_b_max_consecutive_unusable_frames_exceeded
no_throw_clip_197,not_rejected
no_throw_clip_1970,player_b_unusable_frame_fraction_exceeded; player_b_max_consecutive_unusable_frames_exceeded
no_throw_clip_1971,player_a_unusable_frame_fraction_exceeded; player_a_max_consecutive_unusable_frames_exceeded; player_b_max_consecutive_unusable_frames_exceeded
no_throw_clip_1972,not_rejected
no_throw_clip_1973,not_rejected
no_throw_clip_1974,player_b_unusable_frame_fraction_exceeded; player_b_max_consecutive_unusable_frames_exceeded
no_throw_clip_1975,not_rejected
no_throw_clip_1976,not_rejected
no_throw_clip_1977,not_rejected
no_throw_clip_1978,not_rejected
no_throw_clip_1979,player_a_unusable_frame_fraction_exceeded; player_a_max_consecutive_unusable_frames_exceeded
no_throw_clip_198,not_rejected
no_throw_clip_1980,player_a_unusable_frame_fraction_exceeded; player_a_max_consecutive_unusable_frames_exceeded
no_throw_clip_1981,not_rejected
no_throw_clip_1982,not_rejected
no_throw_clip_1983,player_b_unusable_frame_fraction_exceeded; player_b_max_consecutive_unusable_frames_exceeded
no_throw_clip_1984,not_rejected
no_throw_clip_1985,not_rejected
no_throw_clip_1986,not_rejected
no_throw_clip_1987,not_rejected
no_throw_clip_1988,not_rejected
no_throw_clip_1989,not_rejected
no_throw_clip_199,player_b_unusable_frame_fraction_exceeded; player_a_max_consecutive_unusable_frames_exceeded; player_b_max_consecutive_unusable_frames_exceeded
no_throw_clip_1990,not_rejected
no_throw_clip_1991,player_b_unusable_frame_fraction_exceeded; player_b_max_consecutive_unusable_frames_exceeded
no_throw_clip_1992,player_b_unusable_frame_fraction_exceeded; player_b_max_consecutive_unusable_frames_exceeded
no_throw_clip_1993,player_b_max_consecutive_unusable_frames_exceeded
no_throw_clip_1994,not_rejected
no_throw_clip_1995,not_rejected
no_throw_clip_1996,not_rejected
no_throw_clip_1997,player_b_unusable_frame_fraction_exceeded; player_a_max_consecutive_unusable_frames_exceeded; player_b_max_consecutive_unusable_frames_exceeded
no_throw_clip_1998,not_rejected
no_throw_clip_1999,not_rejected
no_throw_clip_2,not_rejected
no_throw_clip_20,player_a_max_consecutive_unusable_frames_exceeded
no_throw_clip_200,player_a_max_consecutive_unusable_frames_exceeded; player_b_max_consecutive_unusable_frames_exceeded
no_throw_clip_2000,player_b_unusable_frame_fraction_exceeded; player_b_max_consecutive_unusable_frames_exceeded
no_throw_clip_2001,player_b_max_consecutive_unusable_frames_exceeded
no_throw_clip_2002,not_rejected
no_throw_clip_2003,player_b_unusable_frame_fraction_exceeded; player_b_max_consecutive_unusable_frames_exceeded
no_throw_clip_2004,not_rejected
no_throw_clip_2005,not_rejected
no_throw_clip_2006,player_b_max_consecutive_unusable_frames_exceeded
no_throw_clip_2007,player_b_unusable_frame_fraction_exceeded; player_b_max_consecutive_unusable_frames_exceeded
no_throw_clip_2008,not_rejected
no_throw_clip_2009,not_rejected
no_throw_clip_201,not_rejected
no_throw_clip_2010,player_a_unusable_frame_fraction_exceeded; player_b_unusable_frame_fraction_exceeded; player_a_max_consecutive_unusable_frames_exceeded; player_b_max_consecutive_unusable_frames_exceeded
no_throw_clip_2011,player_a_unusable_frame_fraction_exceeded; player_b_unusable_frame_fraction_exceeded; player_a_max_consecutive_unusable_frames_exceeded; player_b_max_consecutive_unusable_frames_exceeded
no_throw_clip_2012,player_a_max_consecutive_unusable_frames_exceeded; player_b_max_consecutive_unusable_frames_exceeded
no_throw_clip_2013,not_rejected
no_throw_clip_2014,player_b_unusable_frame_fraction_exceeded; player_b_max_consecutive_unusable_frames_exceeded
no_throw_clip_2015,not_rejected
no_throw_clip_2016,not_rejected
no_throw_clip_2017,not_rejected
no_throw_clip_2018,not_rejected
no_throw_clip_2019,not_rejected
no_throw_clip_202,not_rejected
no_throw_clip_2020,not_rejected
no_throw_clip_2021,player_a_unusable_frame_fraction_exceeded; player_a_max_consecutive_unusable_frames_exceeded
no_throw_clip_2022,player_b_max_consecutive_unusable_frames_exceeded
no_throw_clip_2023,not_rejected
no_throw_clip_2024,not_rejected
no_throw_clip_2025,player_b_max_consecutive_unusable_frames_exceeded
no_throw_clip_2026,player_b_unusable_frame_fraction_exceeded; player_b_max_consecutive_unusable_frames_exceeded
no_throw_clip_2027,not_rejected
no_throw_clip_2028,not_rejected
no_throw_clip_2029,not_rejected
no_throw_clip_203,not_rejected
no_throw_clip_2030,player_b_unusable_frame_fraction_exceeded; player_a_max_consecutive_unusable_frames_exceeded; player_b_max_consecutive_unusable_frames_exceeded
no_throw_clip_2031,player_b_unusable_frame_fraction_exceeded; player_b_max_consecutive_unusable_frames_exceeded
no_throw_clip_2032,not_rejected
no_throw_clip_2033,player_a_unusable_frame_fraction_exceeded; player_a_max_consecutive_unusable_frames_exceeded
no_throw_clip_2034,player_a_max_consecutive_unusable_frames_exceeded
no_throw_clip_2035,player_b_unusable_frame_fraction_exceeded; player_b_max_consecutive_unusable_frames_exceeded
no_throw_clip_2036,player_a_max_consecutive_unusable_frames_exceeded; player_b_max_consecutive_unusable_frames_exceeded
no_throw_clip_2037,not_rejected
no_throw_clip_2038,not_rejected
no_throw_clip_2039,not_rejected
no_throw_clip_204,player_a_unusable_frame_fraction_exceeded; player_a_max_consecutive_unusable_frames_exceeded; player_b_max_consecutive_unusable_frames_exceeded
no_throw_clip_2040,not_rejected
no_throw_clip_2041,player_a_max_consecutive_unusable_frames_exceeded
no_throw_clip_2042,not_rejected
no_throw_clip_2043,player_a_unusable_frame_fraction_exceeded; player_b_unusable_frame_fraction_exceeded; player_a_max_consecutive_unusable_frames_exceeded; player_b_max_consecutive_unusable_frames_exceeded
no_throw_clip_2044,not_rejected
no_throw_clip_2045,not_rejected
no_throw_clip_2046,not_rejected
no_throw_clip_2047,player_b_unusable_frame_fraction_exceeded; player_b_max_consecutive_unusable_frames_exceeded
no_throw_clip_2048,player_a_unusable_frame_fraction_exceeded; player_b_unusable_frame_fraction_exceeded; player_a_max_consecutive_unusable_frames_exceeded; player_b_max_consecutive_unusable_frames_exceeded
no_throw_clip_2049,player_a_unusable_frame_fraction_exceeded; player_b_unusable_frame_fraction_exceeded; player_a_max_consecutive_unusable_frames_exceeded; player_b_max_consecutive_unusable_frames_exceeded
no_throw_clip_205,not_rejected
no_throw_clip_2050,not_rejected
no_throw_clip_2051,not_rejected
no_throw_clip_2052,not_rejected
no_throw_clip_2053,not_rejected
no_throw_clip_2054,not_rejected
no_throw_clip_2055,not_rejected
no_throw_clip_2056,not_rejected
no_throw_clip_2057,player_b_unusable_frame_fraction_exceeded; player_b_max_consecutive_unusable_frames_exceeded
no_throw_clip_2058,not_rejected
no_throw_clip_2059,player_b_unusable_frame_fraction_exceeded; player_a_max_consecutive_unusable_frames_exceeded; player_b_max_consecutive_unusable_frames_exceeded
no_throw_clip_206,not_rejected
no_throw_clip_2060,player_b_max_consecutive_unusable_frames_exceeded
no_throw_clip_2061,not_rejected
no_throw_clip_2062,player_a_unusable_frame_fraction_exceeded; player_b_unusable_frame_fraction_exceeded; player_a_max_consecutive_unusable_frames_exceeded; player_b_max_consecutive_unusable_frames_exceeded
no_throw_clip_2063,not_rejected
no_throw_clip_2064,not_rejected
no_throw_clip_2065,not_rejected
no_throw_clip_2066,not_rejected
no_throw_clip_2067,player_b_unusable_frame_fraction_exceeded; player_a_max_consecutive_unusable_frames_exceeded; player_b_max_consecutive_unusable_frames_exceeded
no_throw_clip_2068,player_b_unusable_frame_fraction_exceeded; player_a_max_consecutive_unusable_frames_exceeded; player_b_max_consecutive_unusable_frames_exceeded
no_throw_clip_2069,player_a_unusable_frame_fraction_exceeded; player_b_unusable_frame_fraction_exceeded; player_a_max_consecutive_unusable_frames_exceeded; player_b_max_consecutive_unusable_frames_exceeded
no_throw_clip_207,not_rejected
no_throw_clip_2070,not_rejected
no_throw_clip_2071,not_rejected
no_throw_clip_2072,not_rejected
no_throw_clip_2073,player_b_unusable_frame_fraction_exceeded; player_b_max_consecutive_unusable_frames_exceeded
no_throw_clip_2074,not_rejected
no_throw_clip_2075,not_rejected
no_throw_clip_2076,not_rejected
no_throw_clip_2077,player_b_unusable_frame_fraction_exceeded; player_b_max_consecutive_unusable_frames_exceeded
no_throw_clip_2078,not_rejected
no_throw_clip_2079,player_a_unusable_frame_fraction_exceeded; player_b_unusable_frame_fraction_exceeded; player_a_max_consecutive_unusable_frames_exceeded; player_b_max_consecutive_unusable_frames_exceeded
no_throw_clip_208,player_a_unusable_frame_fraction_exceeded; player_a_max_consecutive_unusable_frames_exceeded; player_b_max_consecutive_unusable_frames_exceeded
no_throw_clip_2080,player_a_max_consecutive_unusable_frames_exceeded; player_b_max_consecutive_unusable_frames_exceeded
no_throw_clip_2081,not_rejected
no_throw_clip_2082,player_a_unusable_frame_fraction_exceeded; player_b_unusable_frame_fraction_exceeded; player_a_max_consecutive_unusable_frames_exceeded; player_b_max_consecutive_unusable_frames_exceeded
no_throw_clip_2083,player_b_max_consecutive_unusable_frames_exceeded
no_throw_clip_2084,player_b_max_consecutive_unusable_frames_exceeded
no_throw_clip_2085,not_rejected
no_throw_clip_2086,not_rejected
no_throw_clip_2087,not_rejected
no_throw_clip_2088,not_rejected
no_throw_clip_2089,player_b_unusable_frame_fraction_exceeded; player_b_max_consecutive_unusable_frames_exceeded
no_throw_clip_209,player_a_max_consecutive_unusable_frames_exceeded
no_throw_clip_2090,player_a_max_consecutive_unusable_frames_exceeded
no_throw_clip_2091,player_b_unusable_frame_fraction_exceeded; player_b_max_consecutive_unusable_frames_exceeded
no_throw_clip_2092,not_rejected
no_throw_clip_2093,not_rejected
no_throw_clip_2094,not_rejected
no_throw_clip_2095,player_a_unusable_frame_fraction_exceeded; player_b_unusable_frame_fraction_exceeded; player_a_max_consecutive_unusable_frames_exceeded; player_b_max_consecutive_unusable_frames_exceeded
no_throw_clip_2096,not_rejected
no_throw_clip_2097,player_b_unusable_frame_fraction_exceeded; player_b_max_consecutive_unusable_frames_exceeded
no_throw_clip_2098,player_b_unusable_frame_fraction_exceeded; player_b_max_consecutive_unusable_frames_exceeded
no_throw_clip_2099,not_rejected
no_throw_clip_21,not_rejected
no_throw_clip_210,player_a_unusable_frame_fraction_exceeded; player_b_unusable_frame_fraction_exceeded; player_a_max_consecutive_unusable_frames_exceeded; player_b_max_consecutive_unusable_frames_exceeded
no_throw_clip_2100,player_b_unusable_frame_fraction_exceeded; player_b_max_consecutive_unusable_frames_exceeded
no_throw_clip_2101,player_b_unusable_frame_fraction_exceeded; player_b_max_consecutive_unusable_frames_exceeded
no_throw_clip_2102,player_a_max_consecutive_unusable_frames_exceeded; player_b_max_consecutive_unusable_frames_exceeded
no_throw_clip_2103,player_a_unusable_frame_fraction_exceeded; player_a_max_consecutive_unusable_frames_exceeded; player_b_max_consecutive_unusable_frames_exceeded
no_throw_clip_2104,player_a_max_consecutive_unusable_frames_exceeded; player_b_max_consecutive_unusable_frames_exceeded
no_throw_clip_2105,not_rejected
no_throw_clip_2106,not_rejected
no_throw_clip_2107,player_b_max_consecutive_unusable_frames_exceeded
no_throw_clip_2108,not_rejected
no_throw_clip_2109,player_a_unusable_frame_fraction_exceeded; player_b_unusable_frame_fraction_exceeded; player_a_max_consecutive_unusable_frames_exceeded; player_b_max_consecutive_unusable_frames_exceeded
no_throw_clip_211,player_b_max_consecutive_unusable_frames_exceeded
no_throw_clip_2110,player_a_max_consecutive_unusable_frames_exceeded; player_b_max_consecutive_unusable_frames_exceeded
no_throw_clip_2111,not_rejected
no_throw_clip_2112,not_rejected
no_throw_clip_2113,not_rejected
no_throw_clip_2114,not_rejected
no_throw_clip_2115,not_rejected
no_throw_clip_2116,not_rejected
no_throw_clip_2117,not_rejected
no_throw_clip_2118,not_rejected
no_throw_clip_2119,not_rejected
no_throw_clip_212,not_rejected
no_throw_clip_2120,player_b_unusable_frame_fraction_exceeded; player_a_max_consecutive_unusable_frames_exceeded; player_b_max_consecutive_unusable_frames_exceeded
no_throw_clip_2121,player_b_max_consecutive_unusable_frames_exceeded
no_throw_clip_2122,not_rejected
no_throw_clip_2123,not_rejected
no_throw_clip_2124,not_rejected
no_throw_clip_2125,player_b_max_consecutive_unusable_frames_exceeded
no_throw_clip_2126,not_rejected
no_throw_clip_2127,not_rejected
no_throw_clip_2128,player_a_unusable_frame_fraction_exceeded; player_b_unusable_frame_fraction_exceeded; player_a_max_consecutive_unusable_frames_exceeded; player_b_max_consecutive_unusable_frames_exceeded
no_throw_clip_2129,not_rejected
no_throw_clip_213,player_b_max_consecutive_unusable_frames_exceeded
no_throw_clip_2130,not_rejected
no_throw_clip_2131,not_rejected
no_throw_clip_2132,player_b_max_consecutive_unusable_frames_exceeded
no_throw_clip_2133,player_b_max_consecutive_unusable_frames_exceeded
no_throw_clip_2134,player_b_unusable_frame_fraction_exceeded; player_b_max_consecutive_unusable_frames_exceeded
no_throw_clip_2135,player_a_unusable_frame_fraction_exceeded; player_a_max_consecutive_unusable_frames_exceeded
no_throw_clip_2136,not_rejected
no_throw_clip_2137,not_rejected
no_throw_clip_2138,player_b_unusable_frame_fraction_exceeded; player_a_max_consecutive_unusable_frames_exceeded; player_b_max_consecutive_unusable_frames_exceeded
no_throw_clip_2139,player_a_unusable_frame_fraction_exceeded; player_b_unusable_frame_fraction_exceeded; player_a_max_consecutive_unusable_frames_exceeded; player_b_max_consecutive_unusable_frames_exceeded
no_throw_clip_214,not_rejected
no_throw_clip_2140,player_a_unusable_frame_fraction_exceeded; player_a_max_consecutive_unusable_frames_exceeded; player_b_max_consecutive_unusable_frames_exceeded
no_throw_clip_2141,not_rejected
no_throw_clip_2142,player_b_unusable_frame_fraction_exceeded; player_b_max_consecutive_unusable_frames_exceeded
no_throw_clip_2143,player_a_max_consecutive_unusable_frames_exceeded
no_throw_clip_2144,player_b_max_consecutive_unusable_frames_exceeded
no_throw_clip_2145,player_b_unusable_frame_fraction_exceeded; player_b_max_consecutive_unusable_frames_exceeded
no_throw_clip_2146,player_a_unusable_frame_fraction_exceeded; player_a_max_consecutive_unusable_frames_exceeded; player_b_max_consecutive_unusable_frames_exceeded
no_throw_clip_2147,player_a_unusable_frame_fraction_exceeded; player_b_unusable_frame_fraction_exceeded; player_a_max_consecutive_unusable_frames_exceeded; player_b_max_consecutive_unusable_frames_exceeded
no_throw_clip_2148,not_rejected
no_throw_clip_2149,player_a_unusable_frame_fraction_exceeded; player_b_unusable_frame_fraction_exceeded; player_a_max_consecutive_unusable_frames_exceeded; player_b_max_consecutive_unusable_frames_exceeded
no_throw_clip_215,not_rejected
no_throw_clip_2150,player_b_unusable_frame_fraction_exceeded; player_b_max_consecutive_unusable_frames_exceeded
no_throw_clip_2151,player_b_unusable_frame_fraction_exceeded; player_b_max_consecutive_unusable_frames_exceeded
no_throw_clip_2152,player_a_unusable_frame_fraction_exceeded; player_a_max_consecutive_unusable_frames_exceeded
no_throw_clip_2153,not_rejected
no_throw_clip_2154,not_rejected
no_throw_clip_2155,player_b_unusable_frame_fraction_exceeded; player_b_max_consecutive_unusable_frames_exceeded
no_throw_clip_2156,player_a_unusable_frame_fraction_exceeded; player_a_max_consecutive_unusable_frames_exceeded
no_throw_clip_2157,player_a_unusable_frame_fraction_exceeded; player_b_unusable_frame_fraction_exceeded; player_a_max_consecutive_unusable_frames_exceeded; player_b_max_consecutive_unusable_frames_exceeded
no_throw_clip_2158,not_rejected
no_throw_clip_2159,not_rejected
no_throw_clip_216,not_rejected
no_throw_clip_2160,not_rejected
no_throw_clip_2161,player_a_unusable_frame_fraction_exceeded; player_a_max_consecutive_unusable_frames_exceeded; player_b_max_consecutive_unusable_frames_exceeded
no_throw_clip_2162,not_rejected
no_throw_clip_2163,not_rejected
no_throw_clip_2164,not_rejected
no_throw_clip_2165,player_b_unusable_frame_fraction_exceeded; player_b_max_consecutive_unusable_frames_exceeded
no_throw_clip_2166,player_a_max_consecutive_unusable_frames_exceeded; player_b_max_consecutive_unusable_frames_exceeded
no_throw_clip_2167,player_a_unusable_frame_fraction_exceeded; player_a_max_consecutive_unusable_frames_exceeded; player_b_max_consecutive_unusable_frames_exceeded
no_throw_clip_2168,not_rejected
no_throw_clip_2169,player_b_unusable_frame_fraction_exceeded; player_b_max_consecutive_unusable_frames_exceeded
no_throw_clip_217,player_b_unusable_frame_fraction_exceeded; player_b_max_consecutive_unusable_frames_exceeded
no_throw_clip_2170,player_a_unusable_frame_fraction_exceeded; player_a_max_consecutive_unusable_frames_exceeded
no_throw_clip_2171,not_rejected
no_throw_clip_2172,not_rejected
no_throw_clip_2173,not_rejected
no_throw_clip_2174,player_a_unusable_frame_fraction_exceeded; player_b_unusable_frame_fraction_exceeded; player_a_max_consecutive_unusable_frames_exceeded; player_b_max_consecutive_unusable_frames_exceeded
no_throw_clip_2175,not_rejected
no_throw_clip_2176,not_rejected
no_throw_clip_2177,player_a_unusable_frame_fraction_exceeded; player_b_unusable_frame_fraction_exceeded; player_a_max_consecutive_unusable_frames_exceeded; player_b_max_consecutive_unusable_frames_exceeded
no_throw_clip_2178,player_b_max_consecutive_unusable_frames_exceeded
no_throw_clip_2179,player_b_unusable_frame_fraction_exceeded; player_b_max_consecutive_unusable_frames_exceeded
no_throw_clip_218,not_rejected
no_throw_clip_2180,not_rejected
no_throw_clip_2181,player_a_max_consecutive_unusable_frames_exceeded; player_b_max_consecutive_unusable_frames_exceeded
no_throw_clip_2182,player_a_unusable_frame_fraction_exceeded; player_b_unusable_frame_fraction_exceeded; player_a_max_consecutive_unusable_frames_exceeded; player_b_max_consecutive_unusable_frames_exceeded
no_throw_clip_2183,player_a_max_consecutive_unusable_frames_exceeded; player_b_max_consecutive_unusable_frames_exceeded
no_throw_clip_2184,player_a_unusable_frame_fraction_exceeded; player_b_unusable_frame_fraction_exceeded; player_a_max_consecutive_unusable_frames_exceeded; player_b_max_consecutive_unusable_frames_exceeded
no_throw_clip_2185,player_b_unusable_frame_fraction_exceeded; player_b_max_consecutive_unusable_frames_exceeded
no_throw_clip_2186,not_rejected
no_throw_clip_2187,not_rejected
no_throw_clip_2188,not_rejected
no_throw_clip_2189,player_a_max_consecutive_unusable_frames_exceeded; player_b_max_consecutive_unusable_frames_exceeded
no_throw_clip_219,not_rejected
no_throw_clip_2190,not_rejected
no_throw_clip_2191,player_b_max_consecutive_unusable_frames_exceeded
no_throw_clip_2192,player_b_unusable_frame_fraction_exceeded; player_b_max_consecutive_unusable_frames_exceeded
no_throw_clip_2193,player_b_unusable_frame_fraction_exceeded; player_b_max_consecutive_unusable_frames_exceeded
no_throw_clip_2194,not_rejected
no_throw_clip_2195,player_a_unusable_frame_fraction_exceeded; player_a_max_consecutive_unusable_frames_exceeded
no_throw_clip_2196,not_rejected
no_throw_clip_2197,not_rejected
no_throw_clip_2198,player_a_max_consecutive_unusable_frames_exceeded; player_b_max_consecutive_unusable_frames_exceeded
no_throw_clip_2199,not_rejected
no_throw_clip_22,not_rejected
no_throw_clip_220,not_rejected
no_throw_clip_2200,not_rejected
no_throw_clip_2201,player_b_unusable_frame_fraction_exceeded; player_b_max_consecutive_unusable_frames_exceeded
no_throw_clip_2202,not_rejected
no_throw_clip_2203,player_a_unusable_frame_fraction_exceeded; player_b_unusable_frame_fraction_exceeded; player_a_max_consecutive_unusable_frames_exceeded; player_b_max_consecutive_unusable_frames_exceeded
no_throw_clip_2204,not_rejected
no_throw_clip_2205,not_rejected
no_throw_clip_2206,player_b_unusable_frame_fraction_exceeded; player_b_max_consecutive_unusable_frames_exceeded
no_throw_clip_2207,not_rejected
no_throw_clip_2208,not_rejected
no_throw_clip_2209,not_rejected
no_throw_clip_221,player_a_unusable_frame_fraction_exceeded; player_b_unusable_frame_fraction_exceeded; player_a_max_consecutive_unusable_frames_exceeded; player_b_max_consecutive_unusable_frames_exceeded
no_throw_clip_2210,not_rejected
no_throw_clip_2211,not_rejected
no_throw_clip_2212,not_rejected
no_throw_clip_2213,not_rejected
no_throw_clip_2214,not_rejected
no_throw_clip_2215,not_rejected
no_throw_clip_2216,player_b_unusable_frame_fraction_exceeded; player_b_max_consecutive_unusable_frames_exceeded
no_throw_clip_2217,not_rejected
no_throw_clip_2218,not_rejected
no_throw_clip_2219,not_rejected
no_throw_clip_222,player_b_unusable_frame_fraction_exceeded; player_b_max_consecutive_unusable_frames_exceeded
no_throw_clip_2220,not_rejected
no_throw_clip_2221,not_rejected
no_throw_clip_2222,player_a_unusable_frame_fraction_exceeded; player_a_max_consecutive_unusable_frames_exceeded; player_b_max_consecutive_unusable_frames_exceeded
no_throw_clip_2223,player_b_max_consecutive_unusable_frames_exceeded
no_throw_clip_2224,not_rejected
no_throw_clip_2225,player_b_unusable_frame_fraction_exceeded; player_a_max_consecutive_unusable_frames_exceeded; player_b_max_consecutive_unusable_frames_exceeded
no_throw_clip_2226,player_a_max_consecutive_unusable_frames_exceeded
no_throw_clip_2227,player_b_unusable_frame_fraction_exceeded; player_b_max_consecutive_unusable_frames_exceeded
no_throw_clip_2228,player_a_unusable_frame_fraction_exceeded; player_b_unusable_frame_fraction_exceeded; player_a_max_consecutive_unusable_frames_exceeded; player_b_max_consecutive_unusable_frames_exceeded
no_throw_clip_2229,not_rejected
no_throw_clip_223,not_rejected
no_throw_clip_2230,not_rejected
no_throw_clip_2231,not_rejected
no_throw_clip_2232,not_rejected
no_throw_clip_2233,player_b_max_consecutive_unusable_frames_exceeded
no_throw_clip_2234,not_rejected
no_throw_clip_2235,player_a_max_consecutive_unusable_frames_exceeded
no_throw_clip_2236,player_a_unusable_frame_fraction_exceeded; player_a_max_consecutive_unusable_frames_exceeded; player_b_max_consecutive_unusable_frames_exceeded
no_throw_clip_2237,not_rejected
no_throw_clip_2238,player_a_max_consecutive_unusable_frames_exceeded; player_b_max_consecutive_unusable_frames_exceeded
no_throw_clip_2239,not_rejected
no_throw_clip_224,player_b_unusable_frame_fraction_exceeded; player_b_max_consecutive_unusable_frames_exceeded
no_throw_clip_2240,not_rejected
no_throw_clip_2241,not_rejected
no_throw_clip_2242,player_a_max_consecutive_unusable_frames_exceeded
no_throw_clip_2243,player_a_unusable_frame_fraction_exceeded; player_a_max_consecutive_unusable_frames_exceeded; player_b_max_consecutive_unusable_frames_exceeded
no_throw_clip_2244,player_a_unusable_frame_fraction_exceeded; player_b_unusable_frame_fraction_exceeded; player_a_max_consecutive_unusable_frames_exceeded; player_b_max_consecutive_unusable_frames_exceeded
no_throw_clip_2245,player_a_unusable_frame_fraction_exceeded; player_a_max_consecutive_unusable_frames_exceeded
no_throw_clip_2246,player_b_max_consecutive_unusable_frames_exceeded
no_throw_clip_2247,player_b_max_consecutive_unusable_frames_exceeded
no_throw_clip_2248,player_a_max_consecutive_unusable_frames_exceeded
no_throw_clip_2249,player_b_unusable_frame_fraction_exceeded; player_b_max_consecutive_unusable_frames_exceeded
no_throw_clip_225,player_b_unusable_frame_fraction_exceeded; player_b_max_consecutive_unusable_frames_exceeded
no_throw_clip_2250,player_a_unusable_frame_fraction_exceeded; player_b_unusable_frame_fraction_exceeded; player_a_max_consecutive_unusable_frames_exceeded; player_b_max_consecutive_unusable_frames_exceeded
no_throw_clip_2251,player_a_unusable_frame_fraction_exceeded; player_b_unusable_frame_fraction_exceeded; player_a_max_consecutive_unusable_frames_exceeded; player_b_max_consecutive_unusable_frames_exceeded
no_throw_clip_2252,not_rejected
no_throw_clip_2253,not_rejected
no_throw_clip_2254,not_rejected
no_throw_clip_2255,not_rejected
no_throw_clip_2256,not_rejected
no_throw_clip_2257,not_rejected
no_throw_clip_2258,not_rejected
no_throw_clip_2259,player_a_unusable_frame_fraction_exceeded; player_b_unusable_frame_fraction_exceeded; player_a_max_consecutive_unusable_frames_exceeded; player_b_max_consecutive_unusable_frames_exceeded
no_throw_clip_226,not_rejected
no_throw_clip_2260,player_a_unusable_frame_fraction_exceeded; player_a_max_consecutive_unusable_frames_exceeded
no_throw_clip_2261,not_rejected
no_throw_clip_2262,player_a_max_consecutive_unusable_frames_exceeded
no_throw_clip_2263,not_rejected
no_throw_clip_2264,player_b_max_consecutive_unusable_frames_exceeded
no_throw_clip_2265,player_a_unusable_frame_fraction_exceeded; player_b_unusable_frame_fraction_exceeded; player_a_max_consecutive_unusable_frames_exceeded; player_b_max_consecutive_unusable_frames_exceeded
no_throw_clip_2266,not_rejected
no_throw_clip_2267,player_a_unusable_frame_fraction_exceeded; player_b_unusable_frame_fraction_exceeded; player_a_max_consecutive_unusable_frames_exceeded; player_b_max_consecutive_unusable_frames_exceeded
no_throw_clip_2268,not_rejected
no_throw_clip_2269,not_rejected
no_throw_clip_227,player_b_unusable_frame_fraction_exceeded; player_a_max_consecutive_unusable_frames_exceeded; player_b_max_consecutive_unusable_frames_exceeded
no_throw_clip_2270,player_a_unusable_frame_fraction_exceeded; player_a_max_consecutive_unusable_frames_exceeded
no_throw_clip_2271,player_b_max_consecutive_unusable_frames_exceeded
no_throw_clip_2272,player_b_unusable_frame_fraction_exceeded; player_b_max_consecutive_unusable_frames_exceeded
no_throw_clip_2273,player_b_max_consecutive_unusable_frames_exceeded
no_throw_clip_2274,player_a_unusable_frame_fraction_exceeded; player_b_unusable_frame_fraction_exceeded; player_a_max_consecutive_unusable_frames_exceeded; player_b_max_consecutive_unusable_frames_exceeded
no_throw_clip_2275,player_a_unusable_frame_fraction_exceeded; player_b_unusable_frame_fraction_exceeded; player_a_max_consecutive_unusable_frames_exceeded; player_b_max_consecutive_unusable_frames_exceeded
no_throw_clip_2276,not_rejected
no_throw_clip_2277,not_rejected
no_throw_clip_2278,player_a_unusable_frame_fraction_exceeded; player_a_max_consecutive_unusable_frames_exceeded
no_throw_clip_2279,not_rejected
no_throw_clip_228,player_a_max_consecutive_unusable_frames_exceeded
no_throw_clip_2280,not_rejected
no_throw_clip_2281,not_rejected
no_throw_clip_2282,not_rejected
no_throw_clip_2283,not_rejected
no_throw_clip_2284,player_a_unusable_frame_fraction_exceeded; player_b_unusable_frame_fraction_exceeded; player_a_max_consecutive_unusable_frames_exceeded; player_b_max_consecutive_unusable_frames_exceeded
no_throw_clip_2285,not_rejected
no_throw_clip_2286,not_rejected
no_throw_clip_2287,not_rejected
no_throw_clip_2288,not_rejected
no_throw_clip_2289,not_rejected
no_throw_clip_229,player_b_unusable_frame_fraction_exceeded; player_b_max_consecutive_unusable_frames_exceeded
no_throw_clip_2290,not_rejected
no_throw_clip_2291,not_rejected
no_throw_clip_2292,not_rejected
no_throw_clip_2293,not_rejected
no_throw_clip_2294,not_rejected
no_throw_clip_2295,player_b_unusable_frame_fraction_exceeded; player_a_max_consecutive_unusable_frames_exceeded; player_b_max_consecutive_unusable_frames_exceeded
no_throw_clip_2296,not_rejected
no_throw_clip_2297,not_rejected
no_throw_clip_2298,not_rejected
no_throw_clip_2299,not_rejected
no_throw_clip_23,not_rejected
no_throw_clip_230,player_a_unusable_frame_fraction_exceeded; player_b_unusable_frame_fraction_exceeded; player_a_max_consecutive_unusable_frames_exceeded; player_b_max_consecutive_unusable_frames_exceeded
no_throw_clip_2300,not_rejected
no_throw_clip_2301,not_rejected
no_throw_clip_2302,not_rejected
no_throw_clip_2303,not_rejected
no_throw_clip_2304,not_rejected
no_throw_clip_2305,not_rejected
no_throw_clip_2306,not_rejected
no_throw_clip_2307,not_rejected
no_throw_clip_2308,not_rejected
no_throw_clip_2309,not_rejected
no_throw_clip_231,player_b_unusable_frame_fraction_exceeded; player_b_max_consecutive_unusable_frames_exceeded
no_throw_clip_2310,player_b_max_consecutive_unusable_frames_exceeded
no_throw_clip_2311,not_rejected
no_throw_clip_2312,player_b_max_consecutive_unusable_frames_exceeded
no_throw_clip_2313,not_rejected
no_throw_clip_2314,player_a_unusable_frame_fraction_exceeded; player_b_unusable_frame_fraction_exceeded; player_a_max_consecutive_unusable_frames_exceeded; player_b_max_consecutive_unusable_frames_exceeded
no_throw_clip_2315,player_b_unusable_frame_fraction_exceeded; player_a_max_consecutive_unusable_frames_exceeded; player_b_max_consecutive_unusable_frames_exceeded
no_throw_clip_2316,player_b_unusable_frame_fraction_exceeded; player_a_max_consecutive_unusable_frames_exceeded; player_b_max_consecutive_unusable_frames_exceeded
no_throw_clip_2317,player_a_unusable_frame_fraction_exceeded; player_b_unusable_frame_fraction_exceeded; player_a_max_consecutive_unusable_frames_exceeded; player_b_max_consecutive_unusable_frames_exceeded
no_throw_clip_2318,player_a_max_consecutive_unusable_frames_exceeded
no_throw_clip_2319,player_a_unusable_frame_fraction_exceeded; player_b_unusable_frame_fraction_exceeded; player_a_max_consecutive_unusable_frames_exceeded; player_b_max_consecutive_unusable_frames_exceeded
no_throw_clip_232,not_rejected
no_throw_clip_2320,player_a_max_consecutive_unusable_frames_exceeded; player_b_max_consecutive_unusable_frames_exceeded
no_throw_clip_2321,not_rejected
no_throw_clip_2322,not_rejected
no_throw_clip_2323,not_rejected
no_throw_clip_2324,player_b_max_consecutive_unusable_frames_exceeded
no_throw_clip_2325,player_a_max_consecutive_unusable_frames_exceeded
no_throw_clip_2326,not_rejected
no_throw_clip_2327,not_rejected
no_throw_clip_2328,not_rejected
no_throw_clip_2329,not_rejected
no_throw_clip_233,player_a_max_consecutive_unusable_frames_exceeded; player_b_max_consecutive_unusable_frames_exceeded
no_throw_clip_2330,player_a_unusable_frame_fraction_exceeded; player_b_unusable_frame_fraction_exceeded; player_a_max_consecutive_unusable_frames_exceeded; player_b_max_consecutive_unusable_frames_exceeded
no_throw_clip_2331,not_rejected
no_throw_clip_2332,not_rejected
no_throw_clip_2333,not_rejected
no_throw_clip_2334,not_rejected
no_throw_clip_2335,player_b_max_consecutive_unusable_frames_exceeded
no_throw_clip_2336,not_rejected
no_throw_clip_2337,not_rejected
no_throw_clip_2338,player_b_unusable_frame_fraction_exceeded; player_b_max_consecutive_unusable_frames_exceeded
no_throw_clip_2339,not_rejected
no_throw_clip_234,player_a_unusable_frame_fraction_exceeded; player_b_unusable_frame_fraction_exceeded; player_a_max_consecutive_unusable_frames_exceeded; player_b_max_consecutive_unusable_frames_exceeded
no_throw_clip_2340,not_rejected
no_throw_clip_2341,player_b_unusable_frame_fraction_exceeded; player_b_max_consecutive_unusable_frames_exceeded
no_throw_clip_2342,not_rejected
no_throw_clip_2343,not_rejected
no_throw_clip_2344,not_rejected
no_throw_clip_2345,player_a_unusable_frame_fraction_exceeded; player_b_unusable_frame_fraction_exceeded; player_a_max_consecutive_unusable_frames_exceeded; player_b_max_consecutive_unusable_frames_exceeded
no_throw_clip_2346,player_b_unusable_frame_fraction_exceeded; player_b_max_consecutive_unusable_frames_exceeded
no_throw_clip_2347,player_a_unusable_frame_fraction_exceeded; player_b_unusable_frame_fraction_exceeded; player_a_max_consecutive_unusable_frames_exceeded; player_b_max_consecutive_unusable_frames_exceeded
no_throw_clip_2348,player_a_unusable_frame_fraction_exceeded; player_a_max_consecutive_unusable_frames_exceeded
no_throw_clip_2349,not_rejected
no_throw_clip_235,player_a_unusable_frame_fraction_exceeded; player_b_unusable_frame_fraction_exceeded; player_a_max_consecutive_unusable_frames_exceeded; player_b_max_consecutive_unusable_frames_exceeded
no_throw_clip_2350,not_rejected
no_throw_clip_2351,not_rejected
no_throw_clip_2352,not_rejected
no_throw_clip_2353,not_rejected
no_throw_clip_2354,not_rejected
no_throw_clip_2355,player_b_max_consecutive_unusable_frames_exceeded
no_throw_clip_2356,player_b_unusable_frame_fraction_exceeded; player_a_max_consecutive_unusable_frames_exceeded; player_b_max_consecutive_unusable_frames_exceeded
no_throw_clip_2357,not_rejected
no_throw_clip_2358,player_a_unusable_frame_fraction_exceeded; player_b_unusable_frame_fraction_exceeded; player_a_max_consecutive_unusable_frames_exceeded; player_b_max_consecutive_unusable_frames_exceeded
no_throw_clip_2359,player_b_max_consecutive_unusable_frames_exceeded
no_throw_clip_236,player_b_unusable_frame_fraction_exceeded; player_b_max_consecutive_unusable_frames_exceeded
no_throw_clip_2360,not_rejected
no_throw_clip_2361,not_rejected
no_throw_clip_2362,not_rejected
no_throw_clip_2363,not_rejected
no_throw_clip_2364,player_b_unusable_frame_fraction_exceeded; player_b_max_consecutive_unusable_frames_exceeded
no_throw_clip_2365,player_a_unusable_frame_fraction_exceeded; player_b_unusable_frame_fraction_exceeded; player_a_max_consecutive_unusable_frames_exceeded; player_b_max_consecutive_unusable_frames_exceeded
no_throw_clip_2366,player_a_unusable_frame_fraction_exceeded; player_b_unusable_frame_fraction_exceeded; player_a_max_consecutive_unusable_frames_exceeded; player_b_max_consecutive_unusable_frames_exceeded
no_throw_clip_2367,not_rejected
no_throw_clip_2368,player_a_max_consecutive_unusable_frames_exceeded; player_b_max_consecutive_unusable_frames_exceeded
no_throw_clip_2369,player_b_unusable_frame_fraction_exceeded; player_b_max_consecutive_unusable_frames_exceeded
no_throw_clip_237,player_a_max_consecutive_unusable_frames_exceeded
no_throw_clip_2370,player_a_unusable_frame_fraction_exceeded; player_b_unusable_frame_fraction_exceeded; player_a_max_consecutive_unusable_frames_exceeded; player_b_max_consecutive_unusable_frames_exceeded
no_throw_clip_2371,player_a_unusable_frame_fraction_exceeded; player_b_unusable_frame_fraction_exceeded; player_a_max_consecutive_unusable_frames_exceeded; player_b_max_consecutive_unusable_frames_exceeded
no_throw_clip_2372,not_rejected
no_throw_clip_2373,not_rejected
no_throw_clip_2374,not_rejected
no_throw_clip_2375,player_a_unusable_frame_fraction_exceeded; player_a_max_consecutive_unusable_frames_exceeded
no_throw_clip_2376,not_rejected
no_throw_clip_2377,player_a_unusable_frame_fraction_exceeded; player_a_max_consecutive_unusable_frames_exceeded; player_b_max_consecutive_unusable_frames_exceeded
no_throw_clip_2378,not_rejected
no_throw_clip_2379,player_a_unusable_frame_fraction_exceeded; player_a_max_consecutive_unusable_frames_exceeded; player_b_max_consecutive_unusable_frames_exceeded
no_throw_clip_238,not_rejected
no_throw_clip_2380,not_rejected
no_throw_clip_2381,player_a_max_consecutive_unusable_frames_exceeded
no_throw_clip_2382,player_b_unusable_frame_fraction_exceeded; player_b_max_consecutive_unusable_frames_exceeded
no_throw_clip_2383,player_a_unusable_frame_fraction_exceeded; player_a_max_consecutive_unusable_frames_exceeded
no_throw_clip_2384,not_rejected
no_throw_clip_2385,not_rejected
no_throw_clip_2386,not_rejected
no_throw_clip_2387,not_rejected
no_throw_clip_2388,player_b_max_consecutive_unusable_frames_exceeded
no_throw_clip_2389,player_a_max_consecutive_unusable_frames_exceeded; player_b_max_consecutive_unusable_frames_exceeded
no_throw_clip_239,not_rejected
no_throw_clip_2390,player_a_unusable_frame_fraction_exceeded; player_a_max_consecutive_unusable_frames_exceeded
no_throw_clip_2391,player_b_unusable_frame_fraction_exceeded; player_a_max_consecutive_unusable_frames_exceeded; player_b_max_consecutive_unusable_frames_exceeded
no_throw_clip_2392,player_b_unusable_frame_fraction_exceeded; player_a_max_consecutive_unusable_frames_exceeded; player_b_max_consecutive_unusable_frames_exceeded
no_throw_clip_2393,player_a_max_consecutive_unusable_frames_exceeded
no_throw_clip_2394,player_a_max_consecutive_unusable_frames_exceeded; player_b_max_consecutive_unusable_frames_exceeded
no_throw_clip_2395,player_b_unusable_frame_fraction_exceeded; player_b_max_consecutive_unusable_frames_exceeded
no_throw_clip_2396,player_a_unusable_frame_fraction_exceeded; player_b_unusable_frame_fraction_exceeded; player_a_max_consecutive_unusable_frames_exceeded; player_b_max_consecutive_unusable_frames_exceeded
no_throw_clip_2397,player_a_unusable_frame_fraction_exceeded; player_b_unusable_frame_fraction_exceeded; player_a_max_consecutive_unusable_frames_exceeded; player_b_max_consecutive_unusable_frames_exceeded
no_throw_clip_2398,player_a_unusable_frame_fraction_exceeded; player_b_unusable_frame_fraction_exceeded; player_a_max_consecutive_unusable_frames_exceeded; player_b_max_consecutive_unusable_frames_exceeded
no_throw_clip_2399,not_rejected
no_throw_clip_24,player_a_unusable_frame_fraction_exceeded; player_a_max_consecutive_unusable_frames_exceeded; player_b_max_consecutive_unusable_frames_exceeded
no_throw_clip_240,player_a_max_consecutive_unusable_frames_exceeded
no_throw_clip_2400,not_rejected
no_throw_clip_2401,player_b_unusable_frame_fraction_exceeded; player_a_max_consecutive_unusable_frames_exceeded; player_b_max_consecutive_unusable_frames_exceeded
no_throw_clip_2402,not_rejected
no_throw_clip_2403,player_a_max_consecutive_unusable_frames_exceeded; player_b_max_consecutive_unusable_frames_exceeded
no_throw_clip_2404,not_rejected
no_throw_clip_2405,not_rejected
no_throw_clip_2406,not_rejected
no_throw_clip_2407,not_rejected
no_throw_clip_2408,player_b_max_consecutive_unusable_frames_exceeded
no_throw_clip_2409,not_rejected
no_throw_clip_241,not_rejected
no_throw_clip_2410,player_b_unusable_frame_fraction_exceeded; player_b_max_consecutive_unusable_frames_exceeded
no_throw_clip_2411,not_rejected
no_throw_clip_2412,player_b_unusable_frame_fraction_exceeded; player_a_max_consecutive_unusable_frames_exceeded; player_b_max_consecutive_unusable_frames_exceeded
no_throw_clip_2413,not_rejected
no_throw_clip_2414,not_rejected
no_throw_clip_2415,not_rejected
no_throw_clip_2416,not_rejected
no_throw_clip_2417,not_rejected
no_throw_clip_2418,player_b_unusable_frame_fraction_exceeded; player_b_max_consecutive_unusable_frames_exceeded
no_throw_clip_2419,player_a_max_consecutive_unusable_frames_exceeded
no_throw_clip_242,not_rejected
no_throw_clip_2420,not_rejected
no_throw_clip_2421,not_rejected
no_throw_clip_2422,not_rejected
no_throw_clip_2423,player_a_max_consecutive_unusable_frames_exceeded; player_b_max_consecutive_unusable_frames_exceeded
no_throw_clip_2424,not_rejected
no_throw_clip_2425,player_b_unusable_frame_fraction_exceeded; player_b_max_consecutive_unusable_frames_exceeded
no_throw_clip_2426,player_a_unusable_frame_fraction_exceeded; player_a_max_consecutive_unusable_frames_exceeded
no_throw_clip_2427,player_b_unusable_frame_fraction_exceeded; player_a_max_consecutive_unusable_frames_exceeded; player_b_max_consecutive_unusable_frames_exceeded
no_throw_clip_2428,player_a_unusable_frame_fraction_exceeded; player_b_unusable_frame_fraction_exceeded; player_a_max_consecutive_unusable_frames_exceeded; player_b_max_consecutive_unusable_frames_exceeded
no_throw_clip_2429,not_rejected
no_throw_clip_243,player_b_unusable_frame_fraction_exceeded; player_b_max_consecutive_unusable_frames_exceeded
no_throw_clip_2430,not_rejected
no_throw_clip_2431,not_rejected
no_throw_clip_2432,not_rejected
no_throw_clip_2433,player_a_max_consecutive_unusable_frames_exceeded; player_b_max_consecutive_unusable_frames_exceeded
no_throw_clip_2434,not_rejected
no_throw_clip_2435,not_rejected
no_throw_clip_2436,player_a_max_consecutive_unusable_frames_exceeded
no_throw_clip_2437,player_b_unusable_frame_fraction_exceeded; player_b_max_consecutive_unusable_frames_exceeded
no_throw_clip_2438,not_rejected
no_throw_clip_2439,not_rejected
no_throw_clip_244,not_rejected
no_throw_clip_2440,player_a_unusable_frame_fraction_exceeded; player_a_max_consecutive_unusable_frames_exceeded; player_b_max_consecutive_unusable_frames_exceeded
no_throw_clip_2441,player_b_unusable_frame_fraction_exceeded; player_b_max_consecutive_unusable_frames_exceeded
no_throw_clip_2442,not_rejected
no_throw_clip_2443,player_a_unusable_frame_fraction_exceeded; player_b_unusable_frame_fraction_exceeded; player_a_max_consecutive_unusable_frames_exceeded; player_b_max_consecutive_unusable_frames_exceeded
no_throw_clip_2444,player_a_max_consecutive_unusable_frames_exceeded
no_throw_clip_2445,not_rejected
no_throw_clip_2446,player_b_unusable_frame_fraction_exceeded; player_b_max_consecutive_unusable_frames_exceeded
no_throw_clip_2447,player_b_unusable_frame_fraction_exceeded; player_b_max_consecutive_unusable_frames_exceeded
no_throw_clip_2448,player_b_max_consecutive_unusable_frames_exceeded
no_throw_clip_2449,not_rejected
no_throw_clip_245,player_b_unusable_frame_fraction_exceeded; player_a_max_consecutive_unusable_frames_exceeded; player_b_max_consecutive_unusable_frames_exceeded
no_throw_clip_2450,not_rejected
no_throw_clip_2451,not_rejected
no_throw_clip_2452,player_b_unusable_frame_fraction_exceeded; player_a_max_consecutive_unusable_frames_exceeded; player_b_max_consecutive_unusable_frames_exceeded
no_throw_clip_2453,player_b_unusable_frame_fraction_exceeded; player_a_max_consecutive_unusable_frames_exceeded; player_b_max_consecutive_unusable_frames_exceeded
no_throw_clip_2454,player_b_unusable_frame_fraction_exceeded; player_b_max_consecutive_unusable_frames_exceeded
no_throw_clip_2455,player_b_unusable_frame_fraction_exceeded; player_b_max_consecutive_unusable_frames_exceeded
no_throw_clip_2456,player_b_max_consecutive_unusable_frames_exceeded
no_throw_clip_2457,player_a_unusable_frame_fraction_exceeded; player_b_unusable_frame_fraction_exceeded; player_a_max_consecutive_unusable_frames_exceeded; player_b_max_consecutive_unusable_frames_exceeded
no_throw_clip_2458,player_a_max_consecutive_unusable_frames_exceeded; player_b_max_consecutive_unusable_frames_exceeded
no_throw_clip_2459,not_rejected
no_throw_clip_246,player_a_max_consecutive_unusable_frames_exceeded
no_throw_clip_2460,player_a_unusable_frame_fraction_exceeded; player_b_unusable_frame_fraction_exceeded; player_a_max_consecutive_unusable_frames_exceeded; player_b_max_consecutive_unusable_frames_exceeded
no_throw_clip_2461,player_a_unusable_frame_fraction_exceeded; player_b_unusable_frame_fraction_exceeded; player_a_max_consecutive_unusable_frames_exceeded; player_b_max_consecutive_unusable_frames_exceeded
no_throw_clip_2462,player_b_unusable_frame_fraction_exceeded; player_a_max_consecutive_unusable_frames_exceeded; player_b_max_consecutive_unusable_frames_exceeded
no_throw_clip_2463,player_b_unusable_frame_fraction_exceeded; player_b_max_consecutive_unusable_frames_exceeded
no_throw_clip_2464,not_rejected
no_throw_clip_2465,player_b_max_consecutive_unusable_frames_exceeded
no_throw_clip_2466,player_a_unusable_frame_fraction_exceeded; player_b_unusable_frame_fraction_exceeded; player_a_max_consecutive_unusable_frames_exceeded; player_b_max_consecutive_unusable_frames_exceeded
no_throw_clip_2467,player_a_max_consecutive_unusable_frames_exceeded
no_throw_clip_2468,not_rejected
no_throw_clip_2469,not_rejected
no_throw_clip_247,not_rejected
no_throw_clip_2470,player_a_unusable_frame_fraction_exceeded; player_a_max_consecutive_unusable_frames_exceeded; player_b_max_consecutive_unusable_frames_exceeded
no_throw_clip_2471,player_a_max_consecutive_unusable_frames_exceeded; player_b_max_consecutive_unusable_frames_exceeded
no_throw_clip_2472,player_b_unusable_frame_fraction_exceeded; player_b_max_consecutive_unusable_frames_exceeded
no_throw_clip_2473,player_b_max_consecutive_unusable_frames_exceeded
no_throw_clip_2474,not_rejected
no_throw_clip_2475,player_b_unusable_frame_fraction_exceeded; player_b_max_consecutive_unusable_frames_exceeded
no_throw_clip_2476,player_b_unusable_frame_fraction_exceeded; player_a_max_consecutive_unusable_frames_exceeded; player_b_max_consecutive_unusable_frames_exceeded
no_throw_clip_2477,player_b_unusable_frame_fraction_exceeded; player_b_max_consecutive_unusable_frames_exceeded
no_throw_clip_2478,player_b_unusable_frame_fraction_exceeded; player_b_max_consecutive_unusable_frames_exceeded
no_throw_clip_2479,player_b_unusable_frame_fraction_exceeded; player_a_max_consecutive_unusable_frames_exceeded; player_b_max_consecutive_unusable_frames_exceeded
no_throw_clip_248,not_rejected
no_throw_clip_2480,not_rejected
no_throw_clip_2481,not_rejected
no_throw_clip_2482,player_b_unusable_frame_fraction_exceeded; player_b_max_consecutive_unusable_frames_exceeded
no_throw_clip_2483,player_a_unusable_frame_fraction_exceeded; player_a_max_consecutive_unusable_frames_exceeded
no_throw_clip_2484,player_a_unusable_frame_fraction_exceeded; player_a_max_consecutive_unusable_frames_exceeded
no_throw_clip_2485,player_b_max_consecutive_unusable_frames_exceeded
no_throw_clip_2486,not_rejected
no_throw_clip_2487,player_b_unusable_frame_fraction_exceeded; player_b_max_consecutive_unusable_frames_exceeded
no_throw_clip_2488,not_rejected
no_throw_clip_2489,player_b_unusable_frame_fraction_exceeded; player_b_max_consecutive_unusable_frames_exceeded
no_throw_clip_249,not_rejected
no_throw_clip_2490,player_b_max_consecutive_unusable_frames_exceeded
no_throw_clip_2491,player_a_unusable_frame_fraction_exceeded; player_a_max_consecutive_unusable_frames_exceeded
no_throw_clip_2492,player_b_max_consecutive_unusable_frames_exceeded
no_throw_clip_2493,player_b_max_consecutive_unusable_frames_exceeded
no_throw_clip_2494,player_a_unusable_frame_fraction_exceeded; player_b_unusable_frame_fraction_exceeded; player_a_max_consecutive_unusable_frames_exceeded; player_b_max_consecutive_unusable_frames_exceeded
no_throw_clip_2495,not_rejected
no_throw_clip_2496,not_rejected
no_throw_clip_2497,player_a_unusable_frame_fraction_exceeded; player_b_unusable_frame_fraction_exceeded; player_a_max_consecutive_unusable_frames_exceeded; player_b_max_consecutive_unusable_frames_exceeded
no_throw_clip_2498,player_b_unusable_frame_fraction_exceeded; player_b_max_consecutive_unusable_frames_exceeded
no_throw_clip_2499,not_rejected
no_throw_clip_25,player_a_unusable_frame_fraction_exceeded; player_a_max_consecutive_unusable_frames_exceeded
no_throw_clip_250,player_b_unusable_frame_fraction_exceeded; player_b_max_consecutive_unusable_frames_exceeded
no_throw_clip_2500,player_b_unusable_frame_fraction_exceeded; player_a_max_consecutive_unusable_frames_exceeded; player_b_max_consecutive_unusable_frames_exceeded
no_throw_clip_251,player_a_unusable_frame_fraction_exceeded; player_a_max_consecutive_unusable_frames_exceeded
no_throw_clip_252,player_b_unusable_frame_fraction_exceeded; player_b_max_consecutive_unusable_frames_exceeded
no_throw_clip_253,player_a_unusable_frame_fraction_exceeded; player_a_max_consecutive_unusable_frames_exceeded; player_b_max_consecutive_unusable_frames_exceeded
no_throw_clip_254,not_rejected
no_throw_clip_255,not_rejected
no_throw_clip_256,not_rejected
no_throw_clip_257,not_rejected
no_throw_clip_258,player_b_max_consecutive_unusable_frames_exceeded
no_throw_clip_259,player_a_unusable_frame_fraction_exceeded; player_b_unusable_frame_fraction_exceeded; player_a_max_consecutive_unusable_frames_exceeded; player_b_max_consecutive_unusable_frames_exceeded
no_throw_clip_26,not_rejected
no_throw_clip_260,not_rejected
no_throw_clip_261,player_b_unusable_frame_fraction_exceeded; player_a_max_consecutive_unusable_frames_exceeded; player_b_max_consecutive_unusable_frames_exceeded
no_throw_clip_262,player_a_max_consecutive_unusable_frames_exceeded; player_b_max_consecutive_unusable_frames_exceeded
no_throw_clip_263,player_b_unusable_frame_fraction_exceeded; player_b_max_consecutive_unusable_frames_exceeded
no_throw_clip_264,player_a_unusable_frame_fraction_exceeded; player_a_max_consecutive_unusable_frames_exceeded
no_throw_clip_265,not_rejected
no_throw_clip_266,not_rejected
no_throw_clip_267,player_a_unusable_frame_fraction_exceeded; player_b_unusable_frame_fraction_exceeded; player_a_max_consecutive_unusable_frames_exceeded; player_b_max_consecutive_unusable_frames_exceeded
no_throw_clip_268,not_rejected
no_throw_clip_269,player_a_unusable_frame_fraction_exceeded; player_a_max_consecutive_unusable_frames_exceeded; player_b_max_consecutive_unusable_frames_exceeded
no_throw_clip_27,player_a_unusable_frame_fraction_exceeded; player_a_max_consecutive_unusable_frames_exceeded
no_throw_clip_270,player_b_unusable_frame_fraction_exceeded; player_b_max_consecutive_unusable_frames_exceeded
no_throw_clip_271,player_a_unusable_frame_fraction_exceeded; player_b_unusable_frame_fraction_exceeded; player_a_max_consecutive_unusable_frames_exceeded; player_b_max_consecutive_unusable_frames_exceeded
no_throw_clip_272,player_a_unusable_frame_fraction_exceeded; player_a_max_consecutive_unusable_frames_exceeded; player_b_max_consecutive_unusable_frames_exceeded
no_throw_clip_273,player_b_unusable_frame_fraction_exceeded; player_a_max_consecutive_unusable_frames_exceeded; player_b_max_consecutive_unusable_frames_exceeded
no_throw_clip_274,player_a_unusable_frame_fraction_exceeded; player_b_unusable_frame_fraction_exceeded; player_a_max_consecutive_unusable_frames_exceeded; player_b_max_consecutive_unusable_frames_exceeded
no_throw_clip_275,player_a_unusable_frame_fraction_exceeded; player_b_unusable_frame_fraction_exceeded; player_a_max_consecutive_unusable_frames_exceeded; player_b_max_consecutive_unusable_frames_exceeded
no_throw_clip_276,player_b_unusable_frame_fraction_exceeded; player_a_max_consecutive_unusable_frames_exceeded; player_b_max_consecutive_unusable_frames_exceeded
no_throw_clip_277,player_a_unusable_frame_fraction_exceeded; player_b_unusable_frame_fraction_exceeded; player_a_max_consecutive_unusable_frames_exceeded; player_b_max_consecutive_unusable_frames_exceeded
no_throw_clip_278,player_b_unusable_frame_fraction_exceeded; player_b_max_consecutive_unusable_frames_exceeded
no_throw_clip_279,not_rejected
no_throw_clip_28,player_b_unusable_frame_fraction_exceeded; player_a_max_consecutive_unusable_frames_exceeded; player_b_max_consecutive_unusable_frames_exceeded
no_throw_clip_280,not_rejected
no_throw_clip_281,not_rejected
no_throw_clip_282,player_b_unusable_frame_fraction_exceeded; player_a_max_consecutive_unusable_frames_exceeded; player_b_max_consecutive_unusable_frames_exceeded
no_throw_clip_283,player_b_unusable_frame_fraction_exceeded; player_a_max_consecutive_unusable_frames_exceeded; player_b_max_consecutive_unusable_frames_exceeded
no_throw_clip_284,not_rejected
no_throw_clip_285,not_rejected
no_throw_clip_286,not_rejected
no_throw_clip_287,player_a_max_consecutive_unusable_frames_exceeded
no_throw_clip_288,not_rejected
no_throw_clip_289,player_a_max_consecutive_unusable_frames_exceeded
no_throw_clip_29,not_rejected
no_throw_clip_290,not_rejected
no_throw_clip_291,player_b_max_consecutive_unusable_frames_exceeded
no_throw_clip_292,not_rejected
no_throw_clip_293,player_b_unusable_frame_fraction_exceeded; player_b_max_consecutive_unusable_frames_exceeded
no_throw_clip_294,player_b_unusable_frame_fraction_exceeded; player_b_max_consecutive_unusable_frames_exceeded
no_throw_clip_295,player_a_max_consecutive_unusable_frames_exceeded
no_throw_clip_296,not_rejected
no_throw_clip_297,not_rejected
no_throw_clip_298,not_rejected
no_throw_clip_299,player_a_max_consecutive_unusable_frames_exceeded; player_b_max_consecutive_unusable_frames_exceeded
no_throw_clip_3,not_rejected
no_throw_clip_30,player_a_max_consecutive_unusable_frames_exceeded
no_throw_clip_300,player_a_max_consecutive_unusable_frames_exceeded; player_b_max_consecutive_unusable_frames_exceeded
no_throw_clip_301,not_rejected
no_throw_clip_302,player_a_unusable_frame_fraction_exceeded; player_a_max_consecutive_unusable_frames_exceeded
no_throw_clip_303,not_rejected
no_throw_clip_304,player_a_max_consecutive_unusable_frames_exceeded
no_throw_clip_305,not_rejected
no_throw_clip_306,player_b_unusable_frame_fraction_exceeded; player_a_max_consecutive_unusable_frames_exceeded; player_b_max_consecutive_unusable_frames_exceeded
no_throw_clip_307,player_b_unusable_frame_fraction_exceeded; player_a_max_consecutive_unusable_frames_exceeded; player_b_max_consecutive_unusable_frames_exceeded
no_throw_clip_308,not_rejected
no_throw_clip_309,not_rejected
no_throw_clip_31,not_rejected
no_throw_clip_310,player_a_unusable_frame_fraction_exceeded; player_b_unusable_frame_fraction_exceeded; player_a_max_consecutive_unusable_frames_exceeded; player_b_max_consecutive_unusable_frames_exceeded
no_throw_clip_311,player_b_unusable_frame_fraction_exceeded; player_b_max_consecutive_unusable_frames_exceeded
no_throw_clip_312,player_b_unusable_frame_fraction_exceeded; player_b_max_consecutive_unusable_frames_exceeded
no_throw_clip_313,player_a_max_consecutive_unusable_frames_exceeded
no_throw_clip_314,player_b_max_consecutive_unusable_frames_exceeded
no_throw_clip_315,player_a_unusable_frame_fraction_exceeded; player_b_unusable_frame_fraction_exceeded; player_a_max_consecutive_unusable_frames_exceeded; player_b_max_consecutive_unusable_frames_exceeded
no_throw_clip_316,player_a_max_consecutive_unusable_frames_exceeded; player_b_max_consecutive_unusable_frames_exceeded
no_throw_clip_317,player_a_unusable_frame_fraction_exceeded; player_b_unusable_frame_fraction_exceeded; player_a_max_consecutive_unusable_frames_exceeded; player_b_max_consecutive_unusable_frames_exceeded
no_throw_clip_318,player_a_unusable_frame_fraction_exceeded; player_b_unusable_frame_fraction_exceeded; player_a_max_consecutive_unusable_frames_exceeded; player_b_max_consecutive_unusable_frames_exceeded
no_throw_clip_319,player_a_unusable_frame_fraction_exceeded; player_b_unusable_frame_fraction_exceeded; player_a_max_consecutive_unusable_frames_exceeded; player_b_max_consecutive_unusable_frames_exceeded
no_throw_clip_32,not_rejected
no_throw_clip_320,player_b_unusable_frame_fraction_exceeded; player_b_max_consecutive_unusable_frames_exceeded
no_throw_clip_321,player_b_unusable_frame_fraction_exceeded; player_b_max_consecutive_unusable_frames_exceeded
no_throw_clip_322,not_rejected
no_throw_clip_323,not_rejected
no_throw_clip_324,not_rejected
no_throw_clip_325,not_rejected
no_throw_clip_326,player_b_max_consecutive_unusable_frames_exceeded
no_throw_clip_327,not_rejected
no_throw_clip_328,not_rejected
no_throw_clip_329,player_a_max_consecutive_unusable_frames_exceeded
no_throw_clip_33,not_rejected
no_throw_clip_330,player_a_max_consecutive_unusable_frames_exceeded
no_throw_clip_331,not_rejected
no_throw_clip_332,not_rejected
no_throw_clip_333,player_a_max_consecutive_unusable_frames_exceeded; player_b_max_consecutive_unusable_frames_exceeded
no_throw_clip_334,player_b_max_consecutive_unusable_frames_exceeded
no_throw_clip_335,not_rejected
no_throw_clip_336,not_rejected
no_throw_clip_337,player_b_max_consecutive_unusable_frames_exceeded
no_throw_clip_338,player_a_unusable_frame_fraction_exceeded; player_b_unusable_frame_fraction_exceeded; player_a_max_consecutive_unusable_frames_exceeded; player_b_max_consecutive_unusable_frames_exceeded
no_throw_clip_339,player_a_max_consecutive_unusable_frames_exceeded; player_b_max_consecutive_unusable_frames_exceeded
no_throw_clip_34,player_b_unusable_frame_fraction_exceeded; player_a_max_consecutive_unusable_frames_exceeded; player_b_max_consecutive_unusable_frames_exceeded
no_throw_clip_340,not_rejected
no_throw_clip_341,not_rejected
no_throw_clip_342,not_rejected
no_throw_clip_343,player_a_unusable_frame_fraction_exceeded; player_a_max_consecutive_unusable_frames_exceeded; player_b_max_consecutive_unusable_frames_exceeded
no_throw_clip_344,not_rejected
no_throw_clip_345,player_a_unusable_frame_fraction_exceeded; player_a_max_consecutive_unusable_frames_exceeded; player_b_max_consecutive_unusable_frames_exceeded
no_throw_clip_346,not_rejected
no_throw_clip_347,not_rejected
no_throw_clip_348,player_b_unusable_frame_fraction_exceeded; player_a_max_consecutive_unusable_frames_exceeded; player_b_max_consecutive_unusable_frames_exceeded
no_throw_clip_349,player_a_unusable_frame_fraction_exceeded; player_a_max_consecutive_unusable_frames_exceeded
no_throw_clip_35,player_b_max_consecutive_unusable_frames_exceeded
no_throw_clip_350,not_rejected
no_throw_clip_351,player_a_unusable_frame_fraction_exceeded; player_b_unusable_frame_fraction_exceeded; player_a_max_consecutive_unusable_frames_exceeded; player_b_max_consecutive_unusable_frames_exceeded
no_throw_clip_352,not_rejected
no_throw_clip_353,not_rejected
no_throw_clip_354,player_a_max_consecutive_unusable_frames_exceeded
no_throw_clip_355,player_a_unusable_frame_fraction_exceeded; player_a_max_consecutive_unusable_frames_exceeded
no_throw_clip_356,player_a_unusable_frame_fraction_exceeded; player_b_unusable_frame_fraction_exceeded; player_a_max_consecutive_unusable_frames_exceeded; player_b_max_consecutive_unusable_frames_exceeded
no_throw_clip_357,player_a_max_consecutive_unusable_frames_exceeded; player_b_max_consecutive_unusable_frames_exceeded
no_throw_clip_358,player_a_unusable_frame_fraction_exceeded; player_b_unusable_frame_fraction_exceeded; player_a_max_consecutive_unusable_frames_exceeded; player_b_max_consecutive_unusable_frames_exceeded
no_throw_clip_359,player_a_unusable_frame_fraction_exceeded; player_b_unusable_frame_fraction_exceeded; player_a_max_consecutive_unusable_frames_exceeded; player_b_max_consecutive_unusable_frames_exceeded
no_throw_clip_36,not_rejected
no_throw_clip_360,player_a_max_consecutive_unusable_frames_exceeded
no_throw_clip_361,not_rejected
no_throw_clip_362,not_rejected
no_throw_clip_363,not_rejected
no_throw_clip_364,player_b_unusable_frame_fraction_exceeded; player_b_max_consecutive_unusable_frames_exceeded
no_throw_clip_365,not_rejected
no_throw_clip_366,not_rejected
no_throw_clip_367,not_rejected
no_throw_clip_368,not_rejected
no_throw_clip_369,not_rejected
no_throw_clip_37,player_b_unusable_frame_fraction_exceeded; player_a_max_consecutive_unusable_frames_exceeded; player_b_max_consecutive_unusable_frames_exceeded
no_throw_clip_370,player_b_max_consecutive_unusable_frames_exceeded
no_throw_clip_371,not_rejected
no_throw_clip_372,player_a_unusable_frame_fraction_exceeded; player_b_unusable_frame_fraction_exceeded; player_a_max_consecutive_unusable_frames_exceeded; player_b_max_consecutive_unusable_frames_exceeded
no_throw_clip_373,player_b_unusable_frame_fraction_exceeded; player_a_max_consecutive_unusable_frames_exceeded; player_b_max_consecutive_unusable_frames_exceeded
no_throw_clip_374,player_a_max_consecutive_unusable_frames_exceeded
no_throw_clip_375,player_a_unusable_frame_fraction_exceeded; player_a_max_consecutive_unusable_frames_exceeded
no_throw_clip_376,player_a_max_consecutive_unusable_frames_exceeded
no_throw_clip_377,player_b_unusable_frame_fraction_exceeded; player_b_max_consecutive_unusable_frames_exceeded
no_throw_clip_378,player_b_unusable_frame_fraction_exceeded; player_b_max_consecutive_unusable_frames_exceeded
no_throw_clip_379,player_a_unusable_frame_fraction_exceeded; player_b_unusable_frame_fraction_exceeded; player_a_max_consecutive_unusable_frames_exceeded; player_b_max_consecutive_unusable_frames_exceeded
no_throw_clip_38,player_a_max_consecutive_unusable_frames_exceeded; player_b_max_consecutive_unusable_frames_exceeded
no_throw_clip_380,player_b_unusable_frame_fraction_exceeded; player_a_max_consecutive_unusable_frames_exceeded; player_b_max_consecutive_unusable_frames_exceeded
no_throw_clip_381,player_b_unusable_frame_fraction_exceeded; player_b_max_consecutive_unusable_frames_exceeded
no_throw_clip_382,player_a_unusable_frame_fraction_exceeded; player_b_unusable_frame_fraction_exceeded; player_a_max_consecutive_unusable_frames_exceeded; player_b_max_consecutive_unusable_frames_exceeded
no_throw_clip_383,player_b_unusable_frame_fraction_exceeded; player_b_max_consecutive_unusable_frames_exceeded
no_throw_clip_384,not_rejected
no_throw_clip_385,not_rejected
no_throw_clip_386,not_rejected
no_throw_clip_387,not_rejected
no_throw_clip_388,not_rejected
no_throw_clip_389,player_b_max_consecutive_unusable_frames_exceeded
no_throw_clip_39,player_b_unusable_frame_fraction_exceeded; player_b_max_consecutive_unusable_frames_exceeded
no_throw_clip_390,player_a_max_consecutive_unusable_frames_exceeded
no_throw_clip_391,not_rejected
no_throw_clip_392,not_rejected
no_throw_clip_393,not_rejected
no_throw_clip_394,not_rejected
no_throw_clip_395,player_b_max_consecutive_unusable_frames_exceeded
no_throw_clip_396,player_a_max_consecutive_unusable_frames_exceeded; player_b_max_consecutive_unusable_frames_exceeded
no_throw_clip_397,player_b_unusable_frame_fraction_exceeded; player_b_max_consecutive_unusable_frames_exceeded
no_throw_clip_398,not_rejected
no_throw_clip_399,player_a_unusable_frame_fraction_exceeded; player_a_max_consecutive_unusable_frames_exceeded; player_b_max_consecutive_unusable_frames_exceeded
no_throw_clip_4,not_rejected
no_throw_clip_40,player_b_unusable_frame_fraction_exceeded; player_a_max_consecutive_unusable_frames_exceeded; player_b_max_consecutive_unusable_frames_exceeded
no_throw_clip_400,not_rejected
no_throw_clip_401,not_rejected
no_throw_clip_402,not_rejected
no_throw_clip_403,player_b_unusable_frame_fraction_exceeded; player_b_max_consecutive_unusable_frames_exceeded
no_throw_clip_404,player_a_max_consecutive_unusable_frames_exceeded; player_b_max_consecutive_unusable_frames_exceeded
no_throw_clip_405,player_a_unusable_frame_fraction_exceeded; player_b_unusable_frame_fraction_exceeded; player_a_max_consecutive_unusable_frames_exceeded; player_b_max_consecutive_unusable_frames_exceeded
no_throw_clip_406,player_a_unusable_frame_fraction_exceeded; player_b_unusable_frame_fraction_exceeded; player_a_max_consecutive_unusable_frames_exceeded; player_b_max_consecutive_unusable_frames_exceeded
no_throw_clip_407,not_rejected
no_throw_clip_408,player_a_unusable_frame_fraction_exceeded; player_b_unusable_frame_fraction_exceeded; player_a_max_consecutive_unusable_frames_exceeded; player_b_max_consecutive_unusable_frames_exceeded
no_throw_clip_409,player_a_unusable_frame_fraction_exceeded; player_b_unusable_frame_fraction_exceeded; player_a_max_consecutive_unusable_frames_exceeded; player_b_max_consecutive_unusable_frames_exceeded
no_throw_clip_41,not_rejected
no_throw_clip_410,player_a_unusable_frame_fraction_exceeded; player_b_unusable_frame_fraction_exceeded; player_a_max_consecutive_unusable_frames_exceeded; player_b_max_consecutive_unusable_frames_exceeded
no_throw_clip_411,player_b_unusable_frame_fraction_exceeded; player_b_max_consecutive_unusable_frames_exceeded
no_throw_clip_412,player_b_unusable_frame_fraction_exceeded; player_b_max_consecutive_unusable_frames_exceeded
no_throw_clip_413,player_a_max_consecutive_unusable_frames_exceeded; player_b_max_consecutive_unusable_frames_exceeded
no_throw_clip_414,not_rejected
no_throw_clip_415,not_rejected
no_throw_clip_416,not_rejected
no_throw_clip_417,player_a_unusable_frame_fraction_exceeded; player_a_max_consecutive_unusable_frames_exceeded
no_throw_clip_418,not_rejected
no_throw_clip_419,not_rejected
no_throw_clip_42,not_rejected
no_throw_clip_420,player_a_max_consecutive_unusable_frames_exceeded; player_b_max_consecutive_unusable_frames_exceeded
no_throw_clip_421,player_a_unusable_frame_fraction_exceeded; player_a_max_consecutive_unusable_frames_exceeded
no_throw_clip_422,player_a_unusable_frame_fraction_exceeded; player_b_unusable_frame_fraction_exceeded; player_a_max_consecutive_unusable_frames_exceeded; player_b_max_consecutive_unusable_frames_exceeded
no_throw_clip_423,player_a_unusable_frame_fraction_exceeded; player_a_max_consecutive_unusable_frames_exceeded
no_throw_clip_424,player_b_unusable_frame_fraction_exceeded; player_b_max_consecutive_unusable_frames_exceeded
no_throw_clip_425,not_rejected
no_throw_clip_426,player_b_unusable_frame_fraction_exceeded; player_a_max_consecutive_unusable_frames_exceeded; player_b_max_consecutive_unusable_frames_exceeded
no_throw_clip_427,not_rejected
no_throw_clip_428,player_b_unusable_frame_fraction_exceeded; player_b_max_consecutive_unusable_frames_exceeded
no_throw_clip_429,player_b_unusable_frame_fraction_exceeded; player_b_max_consecutive_unusable_frames_exceeded
no_throw_clip_43,not_rejected
no_throw_clip_430,player_a_unusable_frame_fraction_exceeded; player_b_unusable_frame_fraction_exceeded; player_a_max_consecutive_unusable_frames_exceeded; player_b_max_consecutive_unusable_frames_exceeded
no_throw_clip_431,player_b_unusable_frame_fraction_exceeded; player_b_max_consecutive_unusable_frames_exceeded
no_throw_clip_432,not_rejected
no_throw_clip_433,player_a_unusable_frame_fraction_exceeded; player_b_unusable_frame_fraction_exceeded; player_a_max_consecutive_unusable_frames_exceeded; player_b_max_consecutive_unusable_frames_exceeded
no_throw_clip_434,player_a_unusable_frame_fraction_exceeded; player_b_unusable_frame_fraction_exceeded; player_a_max_consecutive_unusable_frames_exceeded; player_b_max_consecutive_unusable_frames_exceeded
no_throw_clip_435,player_a_unusable_frame_fraction_exceeded; player_b_unusable_frame_fraction_exceeded; player_a_max_consecutive_unusable_frames_exceeded; player_b_max_consecutive_unusable_frames_exceeded
no_throw_clip_436,player_a_unusable_frame_fraction_exceeded; player_b_unusable_frame_fraction_exceeded; player_a_max_consecutive_unusable_frames_exceeded; player_b_max_consecutive_unusable_frames_exceeded
no_throw_clip_437,player_a_unusable_frame_fraction_exceeded; player_b_unusable_frame_fraction_exceeded; player_a_max_consecutive_unusable_frames_exceeded; player_b_max_consecutive_unusable_frames_exceeded
no_throw_clip_438,player_a_unusable_frame_fraction_exceeded; player_b_unusable_frame_fraction_exceeded; player_a_max_consecutive_unusable_frames_exceeded; player_b_max_consecutive_unusable_frames_exceeded
no_throw_clip_439,player_a_unusable_frame_fraction_exceeded; player_b_unusable_frame_fraction_exceeded; player_a_max_consecutive_unusable_frames_exceeded; player_b_max_consecutive_unusable_frames_exceeded
no_throw_clip_44,not_rejected
no_throw_clip_440,player_b_unusable_frame_fraction_exceeded; player_b_max_consecutive_unusable_frames_exceeded
no_throw_clip_441,player_a_max_consecutive_unusable_frames_exceeded
no_throw_clip_442,not_rejected
no_throw_clip_443,not_rejected
no_throw_clip_444,player_a_max_consecutive_unusable_frames_exceeded
no_throw_clip_445,player_a_unusable_frame_fraction_exceeded; player_a_max_consecutive_unusable_frames_exceeded; player_b_max_consecutive_unusable_frames_exceeded
no_throw_clip_446,player_b_max_consecutive_unusable_frames_exceeded
no_throw_clip_447,not_rejected
no_throw_clip_448,not_rejected
no_throw_clip_449,not_rejected
no_throw_clip_45,player_a_max_consecutive_unusable_frames_exceeded
no_throw_clip_450,player_a_unusable_frame_fraction_exceeded; player_b_unusable_frame_fraction_exceeded; player_a_max_consecutive_unusable_frames_exceeded; player_b_max_consecutive_unusable_frames_exceeded
no_throw_clip_451,player_b_unusable_frame_fraction_exceeded; player_b_max_consecutive_unusable_frames_exceeded
no_throw_clip_452,player_b_unusable_frame_fraction_exceeded; player_b_max_consecutive_unusable_frames_exceeded
no_throw_clip_453,not_rejected
no_throw_clip_454,not_rejected
no_throw_clip_455,not_rejected
no_throw_clip_456,not_rejected
no_throw_clip_457,player_a_unusable_frame_fraction_exceeded; player_a_max_consecutive_unusable_frames_exceeded
no_throw_clip_458,player_a_max_consecutive_unusable_frames_exceeded; player_b_max_consecutive_unusable_frames_exceeded
no_throw_clip_459,not_rejected
no_throw_clip_46,not_rejected
no_throw_clip_460,not_rejected
no_throw_clip_461,not_rejected
no_throw_clip_462,player_b_unusable_frame_fraction_exceeded; player_b_max_consecutive_unusable_frames_exceeded
no_throw_clip_463,player_b_unusable_frame_fraction_exceeded; player_a_max_consecutive_unusable_frames_exceeded; player_b_max_consecutive_unusable_frames_exceeded
no_throw_clip_464,player_b_max_consecutive_unusable_frames_exceeded
no_throw_clip_465,not_rejected
no_throw_clip_466,player_b_unusable_frame_fraction_exceeded; player_a_max_consecutive_unusable_frames_exceeded; player_b_max_consecutive_unusable_frames_exceeded
no_throw_clip_467,player_a_unusable_frame_fraction_exceeded; player_a_max_consecutive_unusable_frames_exceeded
no_throw_clip_468,player_b_unusable_frame_fraction_exceeded; player_b_max_consecutive_unusable_frames_exceeded
no_throw_clip_469,player_b_unusable_frame_fraction_exceeded; player_a_max_consecutive_unusable_frames_exceeded; player_b_max_consecutive_unusable_frames_exceeded
no_throw_clip_47,player_b_unusable_frame_fraction_exceeded; player_b_max_consecutive_unusable_frames_exceeded
no_throw_clip_470,player_b_unusable_frame_fraction_exceeded; player_a_max_consecutive_unusable_frames_exceeded; player_b_max_consecutive_unusable_frames_exceeded
no_throw_clip_471,not_rejected
no_throw_clip_472,player_a_unusable_frame_fraction_exceeded; player_a_max_consecutive_unusable_frames_exceeded
no_throw_clip_473,player_b_unusable_frame_fraction_exceeded; player_b_max_consecutive_unusable_frames_exceeded
no_throw_clip_474,player_a_max_consecutive_unusable_frames_exceeded
no_throw_clip_475,not_rejected
no_throw_clip_476,not_rejected
no_throw_clip_477,not_rejected
no_throw_clip_478,player_a_max_consecutive_unusable_frames_exceeded
no_throw_clip_479,player_b_max_consecutive_unusable_frames_exceeded
no_throw_clip_48,player_a_unusable_frame_fraction_exceeded; player_a_max_consecutive_unusable_frames_exceeded
no_throw_clip_480,player_a_unusable_frame_fraction_exceeded; player_b_unusable_frame_fraction_exceeded; player_a_max_consecutive_unusable_frames_exceeded; player_b_max_consecutive_unusable_frames_exceeded
no_throw_clip_481,player_b_unusable_frame_fraction_exceeded; player_a_max_consecutive_unusable_frames_exceeded; player_b_max_consecutive_unusable_frames_exceeded
no_throw_clip_482,player_b_max_consecutive_unusable_frames_exceeded
no_throw_clip_483,not_rejected
no_throw_clip_484,player_b_max_consecutive_unusable_frames_exceeded
no_throw_clip_485,not_rejected
no_throw_clip_486,not_rejected
no_throw_clip_487,not_rejected
no_throw_clip_488,player_b_max_consecutive_unusable_frames_exceeded
no_throw_clip_489,not_rejected
no_throw_clip_49,not_rejected
no_throw_clip_490,player_a_unusable_frame_fraction_exceeded; player_a_max_consecutive_unusable_frames_exceeded; player_b_max_consecutive_unusable_frames_exceeded
no_throw_clip_491,not_rejected
no_throw_clip_492,player_a_max_consecutive_unusable_frames_exceeded; player_b_max_consecutive_unusable_frames_exceeded
no_throw_clip_493,not_rejected
no_throw_clip_494,player_a_unusable_frame_fraction_exceeded; player_a_max_consecutive_unusable_frames_exceeded
no_throw_clip_495,not_rejected
no_throw_clip_496,not_rejected
no_throw_clip_497,not_rejected
no_throw_clip_498,player_b_max_consecutive_unusable_frames_exceeded
no_throw_clip_499,not_rejected
no_throw_clip_5,player_a_unusable_frame_fraction_exceeded; player_b_unusable_frame_fraction_exceeded; player_a_max_consecutive_unusable_frames_exceeded; player_b_max_consecutive_unusable_frames_exceeded
no_throw_clip_50,not_rejected
no_throw_clip_500,player_a_max_consecutive_unusable_frames_exceeded; player_b_max_consecutive_unusable_frames_exceeded
no_throw_clip_501,player_b_max_consecutive_unusable_frames_exceeded
no_throw_clip_502,not_rejected
no_throw_clip_503,not_rejected
no_throw_clip_504,not_rejected
no_throw_clip_505,not_rejected
no_throw_clip_506,not_rejected
no_throw_clip_507,not_rejected
no_throw_clip_508,player_a_max_consecutive_unusable_frames_exceeded
no_throw_clip_509,not_rejected
no_throw_clip_51,not_rejected
no_throw_clip_510,not_rejected
no_throw_clip_511,not_rejected
no_throw_clip_512,not_rejected
no_throw_clip_513,not_rejected
no_throw_clip_514,player_b_unusable_frame_fraction_exceeded; player_a_max_consecutive_unusable_frames_exceeded; player_b_max_consecutive_unusable_frames_exceeded
no_throw_clip_515,player_b_unusable_frame_fraction_exceeded; player_a_max_consecutive_unusable_frames_exceeded; player_b_max_consecutive_unusable_frames_exceeded
no_throw_clip_516,not_rejected
no_throw_clip_517,not_rejected
no_throw_clip_518,player_a_unusable_frame_fraction_exceeded; player_a_max_consecutive_unusable_frames_exceeded
no_throw_clip_519,not_rejected
no_throw_clip_52,player_a_unusable_frame_fraction_exceeded; player_a_max_consecutive_unusable_frames_exceeded
no_throw_clip_520,not_rejected
no_throw_clip_521,not_rejected
no_throw_clip_522,not_rejected
no_throw_clip_523,not_rejected
no_throw_clip_524,not_rejected
no_throw_clip_525,not_rejected
no_throw_clip_526,not_rejected
no_throw_clip_527,player_b_max_consecutive_unusable_frames_exceeded
no_throw_clip_528,not_rejected
no_throw_clip_529,player_b_unusable_frame_fraction_exceeded; player_b_max_consecutive_unusable_frames_exceeded
no_throw_clip_53,not_rejected
no_throw_clip_530,player_b_unusable_frame_fraction_exceeded; player_a_max_consecutive_unusable_frames_exceeded; player_b_max_consecutive_unusable_frames_exceeded
no_throw_clip_531,player_a_max_consecutive_unusable_frames_exceeded
no_throw_clip_532,not_rejected
no_throw_clip_533,not_rejected
no_throw_clip_534,not_rejected
no_throw_clip_535,player_a_unusable_frame_fraction_exceeded; player_a_max_consecutive_unusable_frames_exceeded
no_throw_clip_536,not_rejected
no_throw_clip_537,not_rejected
no_throw_clip_538,player_a_unusable_frame_fraction_exceeded; player_b_unusable_frame_fraction_exceeded; player_a_max_consecutive_unusable_frames_exceeded; player_b_max_consecutive_unusable_frames_exceeded
no_throw_clip_539,not_rejected
no_throw_clip_54,not_rejected
no_throw_clip_540,player_a_unusable_frame_fraction_exceeded; player_b_unusable_frame_fraction_exceeded; player_a_max_consecutive_unusable_frames_exceeded; player_b_max_consecutive_unusable_frames_exceeded
no_throw_clip_541,player_b_unusable_frame_fraction_exceeded; player_b_max_consecutive_unusable_frames_exceeded
no_throw_clip_542,player_b_unusable_frame_fraction_exceeded; player_b_max_consecutive_unusable_frames_exceeded
no_throw_clip_543,player_b_max_consecutive_unusable_frames_exceeded
no_throw_clip_544,not_rejected
no_throw_clip_545,not_rejected
no_throw_clip_546,player_b_max_consecutive_unusable_frames_exceeded
no_throw_clip_547,not_rejected
no_throw_clip_548,player_a_max_consecutive_unusable_frames_exceeded; player_b_max_consecutive_unusable_frames_exceeded
no_throw_clip_549,not_rejected
no_throw_clip_55,player_b_unusable_frame_fraction_exceeded; player_b_max_consecutive_unusable_frames_exceeded
no_throw_clip_550,not_rejected
no_throw_clip_551,not_rejected
no_throw_clip_552,not_rejected
no_throw_clip_553,not_rejected
no_throw_clip_554,not_rejected
no_throw_clip_555,not_rejected
no_throw_clip_556,not_rejected
no_throw_clip_557,not_rejected
no_throw_clip_558,not_rejected
no_throw_clip_559,not_rejected
no_throw_clip_56,player_a_max_consecutive_unusable_frames_exceeded
no_throw_clip_560,not_rejected
no_throw_clip_561,not_rejected
no_throw_clip_562,not_rejected
no_throw_clip_563,not_rejected
no_throw_clip_564,player_b_max_consecutive_unusable_frames_exceeded
no_throw_clip_565,not_rejected
no_throw_clip_566,not_rejected
no_throw_clip_567,not_rejected
no_throw_clip_568,not_rejected
no_throw_clip_569,not_rejected
no_throw_clip_57,player_b_max_consecutive_unusable_frames_exceeded
no_throw_clip_570,not_rejected
no_throw_clip_571,not_rejected
no_throw_clip_572,not_rejected
no_throw_clip_573,not_rejected
no_throw_clip_574,not_rejected
no_throw_clip_575,player_b_unusable_frame_fraction_exceeded; player_a_max_consecutive_unusable_frames_exceeded; player_b_max_consecutive_unusable_frames_exceeded
no_throw_clip_576,player_b_unusable_frame_fraction_exceeded; player_b_max_consecutive_unusable_frames_exceeded
no_throw_clip_577,player_b_unusable_frame_fraction_exceeded; player_b_max_consecutive_unusable_frames_exceeded
no_throw_clip_578,player_b_max_consecutive_unusable_frames_exceeded
no_throw_clip_579,not_rejected
no_throw_clip_58,player_b_max_consecutive_unusable_frames_exceeded
no_throw_clip_580,player_b_max_consecutive_unusable_frames_exceeded
no_throw_clip_581,not_rejected
no_throw_clip_582,not_rejected
no_throw_clip_583,player_b_max_consecutive_unusable_frames_exceeded
no_throw_clip_584,not_rejected
no_throw_clip_585,not_rejected
no_throw_clip_586,not_rejected
no_throw_clip_587,not_rejected
no_throw_clip_588,not_rejected
no_throw_clip_589,not_rejected
no_throw_clip_59,not_rejected
no_throw_clip_590,not_rejected
no_throw_clip_591,not_rejected
no_throw_clip_592,not_rejected
no_throw_clip_593,player_a_max_consecutive_unusable_frames_exceeded
no_throw_clip_594,not_rejected
no_throw_clip_595,not_rejected
no_throw_clip_596,not_rejected
no_throw_clip_597,not_rejected
no_throw_clip_598,player_b_max_consecutive_unusable_frames_exceeded
no_throw_clip_599,not_rejected
no_throw_clip_6,not_rejected
no_throw_clip_60,player_b_unusable_frame_fraction_exceeded; player_b_max_consecutive_unusable_frames_exceeded
no_throw_clip_600,not_rejected
no_throw_clip_601,player_a_max_consecutive_unusable_frames_exceeded
no_throw_clip_602,not_rejected
no_throw_clip_603,not_rejected
no_throw_clip_604,not_rejected
no_throw_clip_605,not_rejected
no_throw_clip_606,not_rejected
no_throw_clip_607,not_rejected
no_throw_clip_608,player_b_unusable_frame_fraction_exceeded; player_b_max_consecutive_unusable_frames_exceeded
no_throw_clip_609,player_b_unusable_frame_fraction_exceeded; player_b_max_consecutive_unusable_frames_exceeded
no_throw_clip_61,player_a_max_consecutive_unusable_frames_exceeded
no_throw_clip_610,not_rejected
no_throw_clip_611,not_rejected
no_throw_clip_612,not_rejected
no_throw_clip_613,not_rejected
no_throw_clip_614,not_rejected
no_throw_clip_615,not_rejected
no_throw_clip_616,not_rejected
no_throw_clip_617,not_rejected
no_throw_clip_618,not_rejected
no_throw_clip_619,not_rejected
no_throw_clip_62,not_rejected
no_throw_clip_620,not_rejected
no_throw_clip_621,not_rejected
no_throw_clip_622,not_rejected
no_throw_clip_623,not_rejected
no_throw_clip_624,not_rejected
no_throw_clip_625,not_rejected
no_throw_clip_626,not_rejected
no_throw_clip_627,not_rejected
no_throw_clip_628,not_rejected
no_throw_clip_629,not_rejected
no_throw_clip_63,player_b_unusable_frame_fraction_exceeded; player_a_max_consecutive_unusable_frames_exceeded; player_b_max_consecutive_unusable_frames_exceeded
no_throw_clip_630,not_rejected
no_throw_clip_631,not_rejected
no_throw_clip_632,not_rejected
no_throw_clip_633,not_rejected
no_throw_clip_634,not_rejected
no_throw_clip_635,player_a_max_consecutive_unusable_frames_exceeded; player_b_max_consecutive_unusable_frames_exceeded
no_throw_clip_636,not_rejected
no_throw_clip_637,not_rejected
no_throw_clip_638,not_rejected
no_throw_clip_639,not_rejected
no_throw_clip_64,player_b_max_consecutive_unusable_frames_exceeded
no_throw_clip_640,player_b_unusable_frame_fraction_exceeded; player_b_max_consecutive_unusable_frames_exceeded
no_throw_clip_641,not_rejected
no_throw_clip_642,not_rejected
no_throw_clip_643,not_rejected
no_throw_clip_644,not_rejected
no_throw_clip_645,not_rejected
no_throw_clip_646,player_a_max_consecutive_unusable_frames_exceeded
no_throw_clip_647,player_b_max_consecutive_unusable_frames_exceeded
no_throw_clip_648,not_rejected
no_throw_clip_649,not_rejected
no_throw_clip_65,player_b_unusable_frame_fraction_exceeded; player_b_max_consecutive_unusable_frames_exceeded
no_throw_clip_650,not_rejected
no_throw_clip_651,not_rejected
no_throw_clip_652,player_a_unusable_frame_fraction_exceeded; player_a_max_consecutive_unusable_frames_exceeded
no_throw_clip_653,player_b_unusable_frame_fraction_exceeded; player_b_max_consecutive_unusable_frames_exceeded
no_throw_clip_654,player_a_unusable_frame_fraction_exceeded; player_a_max_consecutive_unusable_frames_exceeded; player_b_max_consecutive_unusable_frames_exceeded
no_throw_clip_655,player_b_max_consecutive_unusable_frames_exceeded
no_throw_clip_656,player_b_max_consecutive_unusable_frames_exceeded
no_throw_clip_657,not_rejected
no_throw_clip_658,player_b_unusable_frame_fraction_exceeded; player_a_max_consecutive_unusable_frames_exceeded; player_b_max_consecutive_unusable_frames_exceeded
no_throw_clip_659,not_rejected
no_throw_clip_66,player_a_unusable_frame_fraction_exceeded; player_b_unusable_frame_fraction_exceeded; player_a_max_consecutive_unusable_frames_exceeded; player_b_max_consecutive_unusable_frames_exceeded
no_throw_clip_660,not_rejected
no_throw_clip_661,player_a_unusable_frame_fraction_exceeded; player_b_unusable_frame_fraction_exceeded; player_a_max_consecutive_unusable_frames_exceeded; player_b_max_consecutive_unusable_frames_exceeded
no_throw_clip_662,player_b_unusable_frame_fraction_exceeded; player_b_max_consecutive_unusable_frames_exceeded
no_throw_clip_663,not_rejected
no_throw_clip_664,not_rejected
no_throw_clip_665,not_rejected
no_throw_clip_666,not_rejected
no_throw_clip_667,player_a_max_consecutive_unusable_frames_exceeded
no_throw_clip_668,not_rejected
no_throw_clip_669,not_rejected
no_throw_clip_67,player_b_unusable_frame_fraction_exceeded; player_b_max_consecutive_unusable_frames_exceeded
no_throw_clip_670,player_a_unusable_frame_fraction_exceeded; player_a_max_consecutive_unusable_frames_exceeded
no_throw_clip_671,player_a_unusable_frame_fraction_exceeded; player_a_max_consecutive_unusable_frames_exceeded
no_throw_clip_672,player_b_unusable_frame_fraction_exceeded; player_b_max_consecutive_unusable_frames_exceeded
no_throw_clip_673,not_rejected
no_throw_clip_674,not_rejected
no_throw_clip_675,not_rejected
no_throw_clip_676,not_rejected
no_throw_clip_677,not_rejected
no_throw_clip_678,not_rejected
no_throw_clip_679,not_rejected
no_throw_clip_68,player_a_unusable_frame_fraction_exceeded; player_a_max_consecutive_unusable_frames_exceeded; player_b_max_consecutive_unusable_frames_exceeded
no_throw_clip_680,not_rejected
no_throw_clip_681,not_rejected
no_throw_clip_682,player_a_max_consecutive_unusable_frames_exceeded
no_throw_clip_683,player_b_unusable_frame_fraction_exceeded; player_b_max_consecutive_unusable_frames_exceeded
no_throw_clip_684,player_b_unusable_frame_fraction_exceeded; player_a_max_consecutive_unusable_frames_exceeded; player_b_max_consecutive_unusable_frames_exceeded
no_throw_clip_685,not_rejected
no_throw_clip_686,not_rejected
no_throw_clip_687,player_a_max_consecutive_unusable_frames_exceeded
no_throw_clip_688,player_b_unusable_frame_fraction_exceeded; player_b_max_consecutive_unusable_frames_exceeded
no_throw_clip_689,player_a_unusable_frame_fraction_exceeded; player_b_unusable_frame_fraction_exceeded; player_a_max_consecutive_unusable_frames_exceeded; player_b_max_consecutive_unusable_frames_exceeded
no_throw_clip_69,player_b_unusable_frame_fraction_exceeded; player_b_max_consecutive_unusable_frames_exceeded
no_throw_clip_690,player_a_unusable_frame_fraction_exceeded; player_b_unusable_frame_fraction_exceeded; player_a_max_consecutive_unusable_frames_exceeded; player_b_max_consecutive_unusable_frames_exceeded
no_throw_clip_691,not_rejected
no_throw_clip_692,player_b_unusable_frame_fraction_exceeded; player_b_max_consecutive_unusable_frames_exceeded
no_throw_clip_693,player_b_unusable_frame_fraction_exceeded; player_b_max_consecutive_unusable_frames_exceeded
no_throw_clip_694,player_b_unusable_frame_fraction_exceeded; player_b_max_consecutive_unusable_frames_exceeded
no_throw_clip_695,player_a_max_consecutive_unusable_frames_exceeded; player_b_max_consecutive_unusable_frames_exceeded
no_throw_clip_696,player_a_max_consecutive_unusable_frames_exceeded
no_throw_clip_697,player_a_unusable_frame_fraction_exceeded; player_b_unusable_frame_fraction_exceeded; player_a_max_consecutive_unusable_frames_exceeded; player_b_max_consecutive_unusable_frames_exceeded
no_throw_clip_698,player_a_unusable_frame_fraction_exceeded; player_b_unusable_frame_fraction_exceeded; player_a_max_consecutive_unusable_frames_exceeded; player_b_max_consecutive_unusable_frames_exceeded
no_throw_clip_699,not_rejected
no_throw_clip_7,not_rejected
no_throw_clip_70,player_b_unusable_frame_fraction_exceeded; player_b_max_consecutive_unusable_frames_exceeded
no_throw_clip_700,not_rejected
no_throw_clip_701,player_b_max_consecutive_unusable_frames_exceeded
no_throw_clip_702,not_rejected
no_throw_clip_703,player_b_max_consecutive_unusable_frames_exceeded
no_throw_clip_704,not_rejected
no_throw_clip_705,player_b_unusable_frame_fraction_exceeded; player_b_max_consecutive_unusable_frames_exceeded
no_throw_clip_706,player_a_unusable_frame_fraction_exceeded; player_b_unusable_frame_fraction_exceeded; player_a_max_consecutive_unusable_frames_exceeded; player_b_max_consecutive_unusable_frames_exceeded
no_throw_clip_707,not_rejected
no_throw_clip_708,player_b_max_consecutive_unusable_frames_exceeded
no_throw_clip_709,player_a_unusable_frame_fraction_exceeded; player_a_max_consecutive_unusable_frames_exceeded; player_b_max_consecutive_unusable_frames_exceeded
no_throw_clip_71,player_b_unusable_frame_fraction_exceeded; player_a_max_consecutive_unusable_frames_exceeded; player_b_max_consecutive_unusable_frames_exceeded
no_throw_clip_710,not_rejected
no_throw_clip_711,not_rejected
no_throw_clip_712,player_b_unusable_frame_fraction_exceeded; player_b_max_consecutive_unusable_frames_exceeded
no_throw_clip_713,player_b_unusable_frame_fraction_exceeded; player_b_max_consecutive_unusable_frames_exceeded
no_throw_clip_714,player_b_max_consecutive_unusable_frames_exceeded
no_throw_clip_715,player_b_unusable_frame_fraction_exceeded; player_b_max_consecutive_unusable_frames_exceeded
no_throw_clip_716,not_rejected
no_throw_clip_717,not_rejected
no_throw_clip_718,not_rejected
no_throw_clip_719,player_b_unusable_frame_fraction_exceeded; player_b_max_consecutive_unusable_frames_exceeded
no_throw_clip_72,player_a_unusable_frame_fraction_exceeded; player_a_max_consecutive_unusable_frames_exceeded
no_throw_clip_720,not_rejected
no_throw_clip_721,not_rejected
no_throw_clip_722,not_rejected
no_throw_clip_723,not_rejected
no_throw_clip_724,player_a_max_consecutive_unusable_frames_exceeded; player_b_max_consecutive_unusable_frames_exceeded
no_throw_clip_725,not_rejected
no_throw_clip_726,not_rejected
no_throw_clip_727,not_rejected
no_throw_clip_728,not_rejected
no_throw_clip_729,not_rejected
no_throw_clip_73,player_b_unusable_frame_fraction_exceeded; player_b_max_consecutive_unusable_frames_exceeded
no_throw_clip_730,player_b_max_consecutive_unusable_frames_exceeded
no_throw_clip_731,not_rejected
no_throw_clip_732,not_rejected
no_throw_clip_733,not_rejected
no_throw_clip_734,player_b_max_consecutive_unusable_frames_exceeded
no_throw_clip_735,not_rejected
no_throw_clip_736,player_b_unusable_frame_fraction_exceeded; player_b_max_consecutive_unusable_frames_exceeded
no_throw_clip_737,not_rejected
no_throw_clip_738,player_a_max_consecutive_unusable_frames_exceeded
no_throw_clip_739,not_rejected
no_throw_clip_74,player_a_unusable_frame_fraction_exceeded; player_a_max_consecutive_unusable_frames_exceeded; player_b_max_consecutive_unusable_frames_exceeded
no_throw_clip_740,not_rejected
no_throw_clip_741,player_a_unusable_frame_fraction_exceeded; player_a_max_consecutive_unusable_frames_exceeded
no_throw_clip_742,player_a_max_consecutive_unusable_frames_exceeded
no_throw_clip_743,not_rejected
no_throw_clip_744,player_a_unusable_frame_fraction_exceeded; player_a_max_consecutive_unusable_frames_exceeded
no_throw_clip_745,not_rejected
no_throw_clip_746,not_rejected
no_throw_clip_747,not_rejected
no_throw_clip_748,not_rejected
no_throw_clip_749,player_a_max_consecutive_unusable_frames_exceeded
no_throw_clip_75,player_b_unusable_frame_fraction_exceeded; player_b_max_consecutive_unusable_frames_exceeded
no_throw_clip_750,not_rejected
no_throw_clip_751,not_rejected
no_throw_clip_752,player_b_max_consecutive_unusable_frames_exceeded
no_throw_clip_753,player_b_unusable_frame_fraction_exceeded; player_a_max_consecutive_unusable_frames_exceeded; player_b_max_consecutive_unusable_frames_exceeded
no_throw_clip_754,not_rejected
no_throw_clip_755,player_b_max_consecutive_unusable_frames_exceeded
no_throw_clip_756,not_rejected
no_throw_clip_757,not_rejected
no_throw_clip_758,not_rejected
no_throw_clip_759,not_rejected
no_throw_clip_76,not_rejected
no_throw_clip_760,not_rejected
no_throw_clip_761,not_rejected
no_throw_clip_762,not_rejected
no_throw_clip_763,not_rejected
no_throw_clip_764,player_a_max_consecutive_unusable_frames_exceeded
no_throw_clip_765,player_b_max_consecutive_unusable_frames_exceeded
no_throw_clip_766,player_b_unusable_frame_fraction_exceeded; player_a_max_consecutive_unusable_frames_exceeded; player_b_max_consecutive_unusable_frames_exceeded
no_throw_clip_767,player_b_max_consecutive_unusable_frames_exceeded
no_throw_clip_768,player_b_max_consecutive_unusable_frames_exceeded
no_throw_clip_769,not_rejected
no_throw_clip_77,player_a_unusable_frame_fraction_exceeded; player_b_unusable_frame_fraction_exceeded; player_a_max_consecutive_unusable_frames_exceeded; player_b_max_consecutive_unusable_frames_exceeded
no_throw_clip_770,player_a_max_consecutive_unusable_frames_exceeded
no_throw_clip_771,player_b_unusable_frame_fraction_exceeded; player_b_max_consecutive_unusable_frames_exceeded
no_throw_clip_772,player_b_max_consecutive_unusable_frames_exceeded
no_throw_clip_773,player_a_max_consecutive_unusable_frames_exceeded
no_throw_clip_774,player_b_unusable_frame_fraction_exceeded; player_b_max_consecutive_unusable_frames_exceeded
no_throw_clip_775,player_a_unusable_frame_fraction_exceeded; player_a_max_consecutive_unusable_frames_exceeded
no_throw_clip_776,not_rejected
no_throw_clip_777,not_rejected
no_throw_clip_778,not_rejected
no_throw_clip_779,not_rejected
no_throw_clip_78,not_rejected
no_throw_clip_780,not_rejected
no_throw_clip_781,not_rejected
no_throw_clip_782,not_rejected
no_throw_clip_783,player_a_max_consecutive_unusable_frames_exceeded
no_throw_clip_784,player_a_unusable_frame_fraction_exceeded; player_a_max_consecutive_unusable_frames_exceeded
no_throw_clip_785,player_a_max_consecutive_unusable_frames_exceeded; player_b_max_consecutive_unusable_frames_exceeded
no_throw_clip_786,not_rejected
no_throw_clip_787,not_rejected
no_throw_clip_788,not_rejected
no_throw_clip_789,not_rejected
no_throw_clip_79,not_rejected
no_throw_clip_790,not_rejected
no_throw_clip_791,not_rejected
no_throw_clip_792,not_rejected
no_throw_clip_793,not_rejected
no_throw_clip_794,not_rejected
no_throw_clip_795,not_rejected
no_throw_clip_796,not_rejected
no_throw_clip_797,not_rejected
no_throw_clip_798,not_rejected
no_throw_clip_799,not_rejected
no_throw_clip_8,not_rejected
no_throw_clip_80,not_rejected
no_throw_clip_800,not_rejected
no_throw_clip_801,not_rejected
no_throw_clip_802,not_rejected
no_throw_clip_803,not_rejected
no_throw_clip_804,not_rejected
no_throw_clip_805,not_rejected
no_throw_clip_806,player_b_max_consecutive_unusable_frames_exceeded
no_throw_clip_807,player_b_max_consecutive_unusable_frames_exceeded
no_throw_clip_808,not_rejected
no_throw_clip_809,player_a_max_consecutive_unusable_frames_exceeded
no_throw_clip_81,not_rejected
no_throw_clip_810,not_rejected
no_throw_clip_811,player_b_max_consecutive_unusable_frames_exceeded
no_throw_clip_812,player_b_max_consecutive_unusable_frames_exceeded
no_throw_clip_813,player_b_unusable_frame_fraction_exceeded; player_b_max_consecutive_unusable_frames_exceeded
no_throw_clip_814,player_a_max_consecutive_unusable_frames_exceeded; player_b_max_consecutive_unusable_frames_exceeded
no_throw_clip_815,player_a_unusable_frame_fraction_exceeded; player_b_unusable_frame_fraction_exceeded; player_a_max_consecutive_unusable_frames_exceeded; player_b_max_consecutive_unusable_frames_exceeded
no_throw_clip_816,player_a_unusable_frame_fraction_exceeded; player_b_unusable_frame_fraction_exceeded; player_a_max_consecutive_unusable_frames_exceeded; player_b_max_consecutive_unusable_frames_exceeded
no_throw_clip_817,player_a_unusable_frame_fraction_exceeded; player_b_unusable_frame_fraction_exceeded; player_a_max_consecutive_unusable_frames_exceeded; player_b_max_consecutive_unusable_frames_exceeded
no_throw_clip_818,player_a_max_consecutive_unusable_frames_exceeded
no_throw_clip_819,player_b_unusable_frame_fraction_exceeded; player_b_max_consecutive_unusable_frames_exceeded
no_throw_clip_82,not_rejected
no_throw_clip_820,player_b_unusable_frame_fraction_exceeded; player_b_max_consecutive_unusable_frames_exceeded
no_throw_clip_821,player_b_unusable_frame_fraction_exceeded; player_b_max_consecutive_unusable_frames_exceeded
no_throw_clip_822,not_rejected
no_throw_clip_823,player_b_max_consecutive_unusable_frames_exceeded
no_throw_clip_824,player_b_unusable_frame_fraction_exceeded; player_b_max_consecutive_unusable_frames_exceeded
no_throw_clip_825,player_a_unusable_frame_fraction_exceeded; player_a_max_consecutive_unusable_frames_exceeded; player_b_max_consecutive_unusable_frames_exceeded
no_throw_clip_826,player_b_unusable_frame_fraction_exceeded; player_b_max_consecutive_unusable_frames_exceeded
no_throw_clip_827,player_b_unusable_frame_fraction_exceeded; player_b_max_consecutive_unusable_frames_exceeded
no_throw_clip_828,player_a_unusable_frame_fraction_exceeded; player_a_max_consecutive_unusable_frames_exceeded; player_b_max_consecutive_unusable_frames_exceeded
no_throw_clip_829,not_rejected
no_throw_clip_83,not_rejected
no_throw_clip_830,not_rejected
no_throw_clip_831,player_a_unusable_frame_fraction_exceeded; player_a_max_consecutive_unusable_frames_exceeded
no_throw_clip_832,player_b_unusable_frame_fraction_exceeded; player_b_max_consecutive_unusable_frames_exceeded
no_throw_clip_833,player_a_unusable_frame_fraction_exceeded; player_a_max_consecutive_unusable_frames_exceeded
no_throw_clip_834,not_rejected
no_throw_clip_835,not_rejected
no_throw_clip_836,not_rejected
no_throw_clip_837,player_a_unusable_frame_fraction_exceeded; player_b_unusable_frame_fraction_exceeded; player_a_max_consecutive_unusable_frames_exceeded; player_b_max_consecutive_unusable_frames_exceeded
no_throw_clip_838,player_b_unusable_frame_fraction_exceeded; player_a_max_consecutive_unusable_frames_exceeded; player_b_max_consecutive_unusable_frames_exceeded
no_throw_clip_839,player_a_unusable_frame_fraction_exceeded; player_b_unusable_frame_fraction_exceeded; player_a_max_consecutive_unusable_frames_exceeded; player_b_max_consecutive_unusable_frames_exceeded
no_throw_clip_84,player_a_unusable_frame_fraction_exceeded; player_b_unusable_frame_fraction_exceeded; player_a_max_consecutive_unusable_frames_exceeded; player_b_max_consecutive_unusable_frames_exceeded
no_throw_clip_840,player_a_unusable_frame_fraction_exceeded; player_b_unusable_frame_fraction_exceeded; player_a_max_consecutive_unusable_frames_exceeded; player_b_max_consecutive_unusable_frames_exceeded
no_throw_clip_841,not_rejected
no_throw_clip_842,not_rejected
no_throw_clip_843,not_rejected
no_throw_clip_844,not_rejected
no_throw_clip_845,not_rejected
no_throw_clip_846,not_rejected
no_throw_clip_847,not_rejected
no_throw_clip_848,not_rejected
no_throw_clip_849,not_rejected
no_throw_clip_85,not_rejected
no_throw_clip_850,not_rejected
no_throw_clip_851,not_rejected
no_throw_clip_852,not_rejected
no_throw_clip_853,not_rejected
no_throw_clip_854,not_rejected
no_throw_clip_855,not_rejected
no_throw_clip_856,not_rejected
no_throw_clip_857,not_rejected
no_throw_clip_858,not_rejected
no_throw_clip_859,not_rejected
no_throw_clip_86,not_rejected
no_throw_clip_860,not_rejected
no_throw_clip_861,not_rejected
no_throw_clip_862,not_rejected
no_throw_clip_863,not_rejected
no_throw_clip_864,not_rejected
no_throw_clip_865,not_rejected
no_throw_clip_866,not_rejected
no_throw_clip_867,not_rejected
no_throw_clip_868,not_rejected
no_throw_clip_869,not_rejected
no_throw_clip_87,player_b_unusable_frame_fraction_exceeded; player_b_max_consecutive_unusable_frames_exceeded
no_throw_clip_870,not_rejected
no_throw_clip_871,not_rejected
no_throw_clip_872,not_rejected
no_throw_clip_873,not_rejected
no_throw_clip_874,not_rejected
no_throw_clip_875,not_rejected
no_throw_clip_876,not_rejected
no_throw_clip_877,player_a_unusable_frame_fraction_exceeded; player_b_unusable_frame_fraction_exceeded; player_a_max_consecutive_unusable_frames_exceeded; player_b_max_consecutive_unusable_frames_exceeded
no_throw_clip_878,player_a_max_consecutive_unusable_frames_exceeded; player_b_max_consecutive_unusable_frames_exceeded
no_throw_clip_879,not_rejected
no_throw_clip_88,not_rejected
no_throw_clip_880,player_b_unusable_frame_fraction_exceeded; player_b_max_consecutive_unusable_frames_exceeded
no_throw_clip_881,not_rejected
no_throw_clip_882,player_b_unusable_frame_fraction_exceeded; player_b_max_consecutive_unusable_frames_exceeded
no_throw_clip_883,not_rejected
no_throw_clip_884,player_b_max_consecutive_unusable_frames_exceeded
no_throw_clip_885,player_a_max_consecutive_unusable_frames_exceeded; player_b_max_consecutive_unusable_frames_exceeded
no_throw_clip_886,not_rejected
no_throw_clip_887,not_rejected
no_throw_clip_888,player_a_max_consecutive_unusable_frames_exceeded; player_b_max_consecutive_unusable_frames_exceeded
no_throw_clip_889,player_a_unusable_frame_fraction_exceeded; player_a_max_consecutive_unusable_frames_exceeded
no_throw_clip_89,not_rejected
no_throw_clip_890,player_a_max_consecutive_unusable_frames_exceeded; player_b_max_consecutive_unusable_frames_exceeded
no_throw_clip_891,not_rejected
no_throw_clip_892,player_a_unusable_frame_fraction_exceeded; player_a_max_consecutive_unusable_frames_exceeded
no_throw_clip_893,not_rejected
no_throw_clip_894,not_rejected
no_throw_clip_895,not_rejected
no_throw_clip_896,not_rejected
no_throw_clip_897,not_rejected
no_throw_clip_898,not_rejected
no_throw_clip_899,not_rejected
no_throw_clip_9,not_rejected
no_throw_clip_90,not_rejected
no_throw_clip_900,player_a_max_consecutive_unusable_frames_exceeded; player_b_max_consecutive_unusable_frames_exceeded
no_throw_clip_901,player_a_max_consecutive_unusable_frames_exceeded; player_b_max_consecutive_unusable_frames_exceeded
no_throw_clip_902,not_rejected
no_throw_clip_903,not_rejected
no_throw_clip_904,not_rejected
no_throw_clip_905,not_rejected
no_throw_clip_906,player_a_unusable_frame_fraction_exceeded; player_b_unusable_frame_fraction_exceeded; player_a_max_consecutive_unusable_frames_exceeded; player_b_max_consecutive_unusable_frames_exceeded
no_throw_clip_907,not_rejected
no_throw_clip_908,not_rejected
no_throw_clip_909,not_rejected
no_throw_clip_91,not_rejected
no_throw_clip_910,not_rejected
no_throw_clip_911,not_rejected
no_throw_clip_912,not_rejected
no_throw_clip_913,player_b_max_consecutive_unusable_frames_exceeded
no_throw_clip_914,not_rejected
no_throw_clip_915,not_rejected
no_throw_clip_916,player_b_unusable_frame_fraction_exceeded; player_b_max_consecutive_unusable_frames_exceeded
no_throw_clip_917,not_rejected
no_throw_clip_918,not_rejected
no_throw_clip_919,not_rejected
no_throw_clip_92,not_rejected
no_throw_clip_920,player_a_max_consecutive_unusable_frames_exceeded
no_throw_clip_921,player_b_unusable_frame_fraction_exceeded; player_a_max_consecutive_unusable_frames_exceeded; player_b_max_consecutive_unusable_frames_exceeded
no_throw_clip_922,not_rejected
no_throw_clip_923,not_rejected
no_throw_clip_924,player_a_max_consecutive_unusable_frames_exceeded; player_b_max_consecutive_unusable_frames_exceeded
no_throw_clip_925,player_b_unusable_frame_fraction_exceeded; player_a_max_consecutive_unusable_frames_exceeded; player_b_max_consecutive_unusable_frames_exceeded
no_throw_clip_926,not_rejected
no_throw_clip_927,not_rejected
no_throw_clip_928,player_b_unusable_frame_fraction_exceeded; player_b_max_consecutive_unusable_frames_exceeded
no_throw_clip_929,player_b_max_consecutive_unusable_frames_exceeded
no_throw_clip_93,not_rejected
no_throw_clip_930,not_rejected
no_throw_clip_931,not_rejected
no_throw_clip_932,not_rejected
no_throw_clip_933,player_b_unusable_frame_fraction_exceeded; player_b_max_consecutive_unusable_frames_exceeded
no_throw_clip_934,not_rejected
no_throw_clip_935,not_rejected
no_throw_clip_936,player_a_max_consecutive_unusable_frames_exceeded
no_throw_clip_937,player_b_max_consecutive_unusable_frames_exceeded
no_throw_clip_938,not_rejected
no_throw_clip_939,not_rejected
no_throw_clip_94,not_rejected
no_throw_clip_940,not_rejected
no_throw_clip_941,player_a_max_consecutive_unusable_frames_exceeded
no_throw_clip_942,player_a_unusable_frame_fraction_exceeded; player_b_unusable_frame_fraction_exceeded; player_a_max_consecutive_unusable_frames_exceeded; player_b_max_consecutive_unusable_frames_exceeded
no_throw_clip_943,not_rejected
no_throw_clip_944,not_rejected
no_throw_clip_945,player_a_max_consecutive_unusable_frames_exceeded; player_b_max_consecutive_unusable_frames_exceeded
no_throw_clip_946,player_a_unusable_frame_fraction_exceeded; player_a_max_consecutive_unusable_frames_exceeded
no_throw_clip_947,not_rejected
no_throw_clip_948,not_rejected
no_throw_clip_949,not_rejected
no_throw_clip_95,player_a_max_consecutive_unusable_frames_exceeded
no_throw_clip_950,not_rejected
no_throw_clip_951,not_rejected
no_throw_clip_952,not_rejected
no_throw_clip_953,player_b_max_consecutive_unusable_frames_exceeded
no_throw_clip_954,player_a_max_consecutive_unusable_frames_exceeded
no_throw_clip_955,not_rejected
no_throw_clip_956,player_b_max_consecutive_unusable_frames_exceeded
no_throw_clip_957,player_b_unusable_frame_fraction_exceeded; player_b_max_consecutive_unusable_frames_exceeded
no_throw_clip_958,player_b_max_consecutive_unusable_frames_exceeded
no_throw_clip_959,not_rejected
no_throw_clip_96,not_rejected
no_throw_clip_960,not_rejected
no_throw_clip_961,not_rejected
no_throw_clip_962,not_rejected
no_throw_clip_963,not_rejected
no_throw_clip_964,player_b_max_consecutive_unusable_frames_exceeded
no_throw_clip_965,not_rejected
no_throw_clip_966,player_b_unusable_frame_fraction_exceeded; player_b_max_consecutive_unusable_frames_exceeded
no_throw_clip_967,player_b_unusable_frame_fraction_exceeded; player_b_max_consecutive_unusable_frames_exceeded
no_throw_clip_968,not_rejected
no_throw_clip_969,player_a_max_consecutive_unusable_frames_exceeded
no_throw_clip_97,not_rejected
no_throw_clip_970,not_rejected
no_throw_clip_971,player_b_max_consecutive_unusable_frames_exceeded
no_throw_clip_972,player_b_max_consecutive_unusable_frames_exceeded
no_throw_clip_973,not_rejected
no_throw_clip_974,not_rejected
no_throw_clip_975,not_rejected
no_throw_clip_976,not_rejected
no_throw_clip_977,player_a_unusable_frame_fraction_exceeded; player_a_max_consecutive_unusable_frames_exceeded; player_b_max_consecutive_unusable_frames_exceeded
no_throw_clip_978,not_rejected
no_throw_clip_979,not_rejected
no_throw_clip_98,not_rejected
no_throw_clip_980,not_rejected
no_throw_clip_981,not_rejected
no_throw_clip_982,not_rejected
no_throw_clip_983,player_b_max_consecutive_unusable_frames_exceeded
no_throw_clip_984,player_b_unusable_frame_fraction_exceeded; player_b_max_consecutive_unusable_frames_exceeded
no_throw_clip_985,not_rejected
no_throw_clip_986,not_rejected
no_throw_clip_987,not_rejected
no_throw_clip_988,not_rejected
no_throw_clip_989,not_rejected
no_throw_clip_99,not_rejected
no_throw_clip_990,player_a_max_consecutive_unusable_frames_exceeded; player_b_max_consecutive_unusable_frames_exceeded
no_throw_clip_991,not_rejected
no_throw_clip_992,not_rejected
no_throw_clip_993,player_a_max_consecutive_unusable_frames_exceeded; player_b_max_consecutive_unusable_frames_exceeded
no_throw_clip_994,player_a_unusable_frame_fraction_exceeded; player_b_unusable_frame_fraction_exceeded; player_a_max_consecutive_unusable_frames_exceeded; player_b_max_consecutive_unusable_frames_exceeded
no_throw_clip_995,player_a_unusable_frame_fraction_exceeded; player_b_unusable_frame_fraction_exceeded; player_a_max_consecutive_unusable_frames_exceeded; player_b_max_consecutive_unusable_frames_exceeded
no_throw_clip_996,not_rejected
no_throw_clip_997,player_b_max_consecutive_unusable_frames_exceeded
no_throw_clip_998,not_rejected
no_throw_clip_999,player_a_unusable_frame_fraction_exceeded; player_a_max_consecutive_unusable_frames_exceeded; player_b_max_consecutive_unusable_frames_exceeded
attempt_id1,not_rejected
attempt_id10,not_rejected
attempt_id100,player_b_unusable_frame_fraction_exceeded; player_b_max_consecutive_unusable_frames_exceeded
attempt_id1000,player_b_unusable_frame_fraction_exceeded; player_b_max_consecutive_unusable_frames_exceeded
attempt_id1001,player_b_max_consecutive_unusable_frames_exceeded
attempt_id1002,player_b_max_consecutive_unusable_frames_exceeded
attempt_id101,player_b_unusable_frame_fraction_exceeded; player_b_max_consecutive_unusable_frames_exceeded
attempt_id102,not_rejected
attempt_id103,player_b_unusable_frame_fraction_exceeded; player_b_max_consecutive_unusable_frames_exceeded
attempt_id104,not_rejected
attempt_id105,not_rejected
attempt_id106,not_rejected
attempt_id107,not_rejected
attempt_id108,not_rejected
attempt_id109,not_rejected
attempt_id11,player_a_max_consecutive_unusable_frames_exceeded; player_b_max_consecutive_unusable_frames_exceeded
attempt_id110,not_rejected
attempt_id111,not_rejected
attempt_id112,player_b_max_consecutive_unusable_frames_exceeded
attempt_id113,not_rejected
attempt_id114,not_rejected
attempt_id115,not_rejected
attempt_id116,not_rejected
attempt_id117,not_rejected
attempt_id118,not_rejected
attempt_id119,not_rejected
attempt_id12,not_rejected
attempt_id120,not_rejected
attempt_id121,not_rejected
attempt_id122,not_rejected
attempt_id123,not_rejected
attempt_id124,not_rejected
attempt_id125,not_rejected
attempt_id126,not_rejected
attempt_id127,not_rejected
attempt_id128,not_rejected
attempt_id129,not_rejected
attempt_id13,not_rejected
attempt_id130,not_rejected
attempt_id131,not_rejected
attempt_id132,not_rejected
attempt_id133,not_rejected
attempt_id134,not_rejected
attempt_id135,not_rejected
attempt_id136,not_rejected
attempt_id137,not_rejected
attempt_id138,not_rejected
attempt_id139,not_rejected
attempt_id14,not_rejected
attempt_id140,not_rejected
attempt_id141,player_a_max_consecutive_unusable_frames_exceeded
attempt_id142,not_rejected
attempt_id143,not_rejected
attempt_id144,not_rejected
attempt_id15,not_rejected
attempt_id155,not_rejected
attempt_id16,not_rejected
attempt_id166,not_rejected
attempt_id17,not_rejected
attempt_id177,not_rejected
attempt_id178,not_rejected
attempt_id179,not_rejected
attempt_id18,not_rejected
attempt_id180,player_b_unusable_frame_fraction_exceeded; player_b_max_consecutive_unusable_frames_exceeded
attempt_id181,not_rejected
attempt_id182,not_rejected
attempt_id183,not_rejected
attempt_id184,not_rejected
attempt_id185,not_rejected
attempt_id186,not_rejected
attempt_id187,not_rejected
attempt_id188,not_rejected
attempt_id189,not_rejected
attempt_id19,not_rejected
attempt_id190,not_rejected
attempt_id191,not_rejected
attempt_id192,not_rejected
attempt_id193,player_b_unusable_frame_fraction_exceeded; player_b_max_consecutive_unusable_frames_exceeded
attempt_id194,not_rejected
attempt_id195,not_rejected
attempt_id196,not_rejected
attempt_id197,not_rejected
attempt_id198,not_rejected
attempt_id199,not_rejected
attempt_id2,not_rejected
attempt_id20,not_rejected
attempt_id200,not_rejected
attempt_id201,not_rejected
attempt_id202,not_rejected
attempt_id203,player_b_max_consecutive_unusable_frames_exceeded
attempt_id204,player_a_max_consecutive_unusable_frames_exceeded
attempt_id205,not_rejected
attempt_id206,player_b_max_consecutive_unusable_frames_exceeded
attempt_id207,not_rejected
attempt_id208,not_rejected
attempt_id209,not_rejected
attempt_id21,not_rejected
attempt_id210,not_rejected
attempt_id211,not_rejected
attempt_id212,player_b_max_consecutive_unusable_frames_exceeded
attempt_id213,player_b_unusable_frame_fraction_exceeded; player_b_max_consecutive_unusable_frames_exceeded
attempt_id214,not_rejected
attempt_id215,not_rejected
attempt_id216,player_b_unusable_frame_fraction_exceeded; player_b_max_consecutive_unusable_frames_exceeded
attempt_id217,not_rejected
attempt_id218,not_rejected
attempt_id219,not_rejected
attempt_id22,not_rejected
attempt_id220,not_rejected
attempt_id221,not_rejected
attempt_id222,not_rejected
attempt_id223,not_rejected
attempt_id224,not_rejected
attempt_id225,not_rejected
attempt_id226,player_b_max_consecutive_unusable_frames_exceeded
attempt_id227,player_b_unusable_frame_fraction_exceeded; player_b_max_consecutive_unusable_frames_exceeded
attempt_id228,not_rejected
attempt_id229,not_rejected
attempt_id23,not_rejected
attempt_id230,not_rejected
attempt_id231,not_rejected
attempt_id232,not_rejected
attempt_id233,not_rejected
attempt_id234,not_rejected
attempt_id235,not_rejected
attempt_id236,not_rejected
attempt_id237,not_rejected
attempt_id238,not_rejected
attempt_id239,not_rejected
attempt_id24,not_rejected
attempt_id240,not_rejected
attempt_id241,not_rejected
attempt_id242,not_rejected
attempt_id243,player_b_max_consecutive_unusable_frames_exceeded
attempt_id244,player_b_max_consecutive_unusable_frames_exceeded
attempt_id245,player_b_unusable_frame_fraction_exceeded; player_b_max_consecutive_unusable_frames_exceeded
attempt_id246,player_b_max_consecutive_unusable_frames_exceeded
attempt_id247,not_rejected
attempt_id248,not_rejected
attempt_id249,not_rejected
attempt_id25,not_rejected
attempt_id250,not_rejected
attempt_id251,not_rejected
attempt_id252,not_rejected
attempt_id253,not_rejected
attempt_id254,not_rejected
attempt_id255,not_rejected
attempt_id256,not_rejected
attempt_id257,not_rejected
attempt_id258,not_rejected
attempt_id259,not_rejected
attempt_id26,not_rejected
attempt_id260,not_rejected
attempt_id261,not_rejected
attempt_id262,not_rejected
attempt_id263,not_rejected
attempt_id264,not_rejected
attempt_id265,not_rejected
attempt_id266,not_rejected
attempt_id267,not_rejected
attempt_id268,not_rejected
attempt_id269,player_a_max_consecutive_unusable_frames_exceeded
attempt_id27,not_rejected
attempt_id270,player_a_max_consecutive_unusable_frames_exceeded
attempt_id271,player_a_max_consecutive_unusable_frames_exceeded
attempt_id272,not_rejected
attempt_id273,not_rejected
attempt_id274,not_rejected
attempt_id275,not_rejected
attempt_id276,not_rejected
attempt_id277,not_rejected
attempt_id28,not_rejected
attempt_id288,not_rejected
attempt_id289,not_rejected
attempt_id29,not_rejected
attempt_id290,not_rejected
attempt_id291,not_rejected
attempt_id292,player_a_unusable_frame_fraction_exceeded; player_a_max_consecutive_unusable_frames_exceeded
attempt_id293,not_rejected
attempt_id294,not_rejected
attempt_id295,not_rejected
attempt_id296,not_rejected
attempt_id297,not_rejected
attempt_id298,not_rejected
attempt_id299,not_rejected
attempt_id3,not_rejected
attempt_id30,not_rejected
attempt_id300,not_rejected
attempt_id301,not_rejected
attempt_id302,not_rejected
attempt_id303,not_rejected
attempt_id304,not_rejected
attempt_id305,not_rejected
attempt_id306,not_rejected
attempt_id307,not_rejected
attempt_id308,not_rejected
attempt_id309,not_rejected
attempt_id31,not_rejected
attempt_id310,not_rejected
attempt_id311,not_rejected
attempt_id312,not_rejected
attempt_id313,not_rejected
attempt_id314,not_rejected
attempt_id315,not_rejected
attempt_id316,not_rejected
attempt_id317,not_rejected
attempt_id318,player_a_max_consecutive_unusable_frames_exceeded; player_b_max_consecutive_unusable_frames_exceeded
attempt_id319,not_rejected
attempt_id32,not_rejected
attempt_id320,not_rejected
attempt_id321,not_rejected
attempt_id322,not_rejected
attempt_id33,not_rejected
attempt_id333,not_rejected
attempt_id334,not_rejected
attempt_id335,player_b_max_consecutive_unusable_frames_exceeded
attempt_id336,not_rejected
attempt_id337,not_rejected
attempt_id338,not_rejected
attempt_id339,not_rejected
attempt_id34,not_rejected
attempt_id340,player_b_max_consecutive_unusable_frames_exceeded
attempt_id341,not_rejected
attempt_id342,not_rejected
attempt_id343,not_rejected
attempt_id344,not_rejected
attempt_id345,not_rejected
attempt_id346,not_rejected
attempt_id347,not_rejected
attempt_id348,player_b_max_consecutive_unusable_frames_exceeded
attempt_id349,not_rejected
attempt_id35,not_rejected
attempt_id350,not_rejected
attempt_id351,not_rejected
attempt_id352,not_rejected
attempt_id353,not_rejected
attempt_id354,not_rejected
attempt_id355,not_rejected
attempt_id36,not_rejected
attempt_id366,not_rejected
attempt_id367,not_rejected
attempt_id368,not_rejected
attempt_id369,not_rejected
attempt_id37,not_rejected
attempt_id370,not_rejected
attempt_id371,player_a_max_consecutive_unusable_frames_exceeded
attempt_id372,not_rejected
attempt_id373,not_rejected
attempt_id374,not_rejected
attempt_id375,not_rejected
attempt_id376,not_rejected
attempt_id377,not_rejected
attempt_id378,not_rejected
attempt_id379,not_rejected
attempt_id38,not_rejected
attempt_id380,not_rejected
attempt_id381,not_rejected
attempt_id382,not_rejected
attempt_id383,player_a_unusable_frame_fraction_exceeded; player_b_unusable_frame_fraction_exceeded; player_a_max_consecutive_unusable_frames_exceeded; player_b_max_consecutive_unusable_frames_exceeded
attempt_id384,player_b_max_consecutive_unusable_frames_exceeded
attempt_id385,not_rejected
attempt_id386,not_rejected
attempt_id387,not_rejected
attempt_id388,not_rejected
attempt_id389,player_b_unusable_frame_fraction_exceeded; player_b_max_consecutive_unusable_frames_exceeded
attempt_id39,player_b_unusable_frame_fraction_exceeded; player_a_max_consecutive_unusable_frames_exceeded; player_b_max_consecutive_unusable_frames_exceeded
attempt_id390,not_rejected
attempt_id391,not_rejected
attempt_id392,not_rejected
attempt_id393,not_rejected
attempt_id394,not_rejected
attempt_id395,not_rejected
attempt_id396,not_rejected
attempt_id397,not_rejected
attempt_id398,not_rejected
attempt_id399,not_rejected
attempt_id4,not_rejected
attempt_id40,not_rejected
attempt_id400,not_rejected
attempt_id401,not_rejected
attempt_id402,not_rejected
attempt_id403,not_rejected
attempt_id404,not_rejected
attempt_id405,not_rejected
attempt_id406,player_a_unusable_frame_fraction_exceeded; player_b_unusable_frame_fraction_exceeded; player_a_max_consecutive_unusable_frames_exceeded; player_b_max_consecutive_unusable_frames_exceeded
attempt_id407,not_rejected
attempt_id408,not_rejected
attempt_id409,not_rejected
attempt_id41,player_b_max_consecutive_unusable_frames_exceeded
attempt_id410,player_b_unusable_frame_fraction_exceeded; player_b_max_consecutive_unusable_frames_exceeded
attempt_id411,not_rejected
attempt_id412,not_rejected
attempt_id413,not_rejected
attempt_id414,not_rejected
attempt_id415,not_rejected
attempt_id416,player_a_max_consecutive_unusable_frames_exceeded
attempt_id417,not_rejected
attempt_id418,not_rejected
attempt_id419,not_rejected
attempt_id42,not_rejected
attempt_id420,not_rejected
attempt_id421,not_rejected
attempt_id422,not_rejected
attempt_id423,not_rejected
attempt_id424,not_rejected
attempt_id425,not_rejected
attempt_id426,player_b_max_consecutive_unusable_frames_exceeded
attempt_id427,player_b_max_consecutive_unusable_frames_exceeded
attempt_id428,not_rejected
attempt_id429,not_rejected
attempt_id43,not_rejected
attempt_id430,not_rejected
attempt_id431,not_rejected
attempt_id432,not_rejected
attempt_id433,not_rejected
attempt_id434,not_rejected
attempt_id435,not_rejected
attempt_id436,player_b_max_consecutive_unusable_frames_exceeded
attempt_id437,not_rejected
attempt_id438,not_rejected
attempt_id439,not_rejected
attempt_id44,player_a_max_consecutive_unusable_frames_exceeded
attempt_id440,player_b_unusable_frame_fraction_exceeded; player_b_max_consecutive_unusable_frames_exceeded
attempt_id441,not_rejected
attempt_id442,player_a_unusable_frame_fraction_exceeded; player_b_unusable_frame_fraction_exceeded; player_a_max_consecutive_unusable_frames_exceeded; player_b_max_consecutive_unusable_frames_exceeded
attempt_id443,not_rejected
attempt_id444,not_rejected
attempt_id445,not_rejected
attempt_id446,player_a_max_consecutive_unusable_frames_exceeded; player_b_max_consecutive_unusable_frames_exceeded
attempt_id447,not_rejected
attempt_id448,not_rejected
attempt_id449,not_rejected
attempt_id45,not_rejected
attempt_id450,player_b_max_consecutive_unusable_frames_exceeded
attempt_id451,not_rejected
attempt_id452,player_a_max_consecutive_unusable_frames_exceeded
attempt_id453,player_a_max_consecutive_unusable_frames_exceeded; player_b_max_consecutive_unusable_frames_exceeded
attempt_id454,player_b_max_consecutive_unusable_frames_exceeded
attempt_id455,not_rejected
attempt_id456,not_rejected
attempt_id457,not_rejected
attempt_id458,not_rejected
attempt_id459,not_rejected
attempt_id46,player_b_max_consecutive_unusable_frames_exceeded
attempt_id460,not_rejected
attempt_id461,not_rejected
attempt_id462,player_b_unusable_frame_fraction_exceeded; player_b_max_consecutive_unusable_frames_exceeded
attempt_id463,player_b_unusable_frame_fraction_exceeded; player_a_max_consecutive_unusable_frames_exceeded; player_b_max_consecutive_unusable_frames_exceeded
attempt_id464,not_rejected
attempt_id465,not_rejected
attempt_id466,player_b_max_consecutive_unusable_frames_exceeded
attempt_id467,player_b_max_consecutive_unusable_frames_exceeded
attempt_id468,player_a_unusable_frame_fraction_exceeded; player_a_max_consecutive_unusable_frames_exceeded
attempt_id469,player_b_unusable_frame_fraction_exceeded; player_b_max_consecutive_unusable_frames_exceeded
attempt_id47,not_rejected
attempt_id470,not_rejected
attempt_id471,not_rejected
attempt_id472,not_rejected
attempt_id473,not_rejected
attempt_id474,not_rejected
attempt_id475,player_b_max_consecutive_unusable_frames_exceeded
attempt_id476,player_a_max_consecutive_unusable_frames_exceeded
attempt_id477,not_rejected
attempt_id478,not_rejected
attempt_id479,player_b_unusable_frame_fraction_exceeded; player_a_max_consecutive_unusable_frames_exceeded; player_b_max_consecutive_unusable_frames_exceeded
attempt_id48,not_rejected
attempt_id480,not_rejected
attempt_id481,player_a_max_consecutive_unusable_frames_exceeded; player_b_max_consecutive_unusable_frames_exceeded
attempt_id482,player_a_max_consecutive_unusable_frames_exceeded
attempt_id483,not_rejected
attempt_id484,not_rejected
attempt_id485,not_rejected
attempt_id486,not_rejected
attempt_id487,not_rejected
attempt_id488,player_b_max_consecutive_unusable_frames_exceeded
attempt_id489,player_b_max_consecutive_unusable_frames_exceeded
attempt_id49,not_rejected
attempt_id490,not_rejected
attempt_id491,player_a_max_consecutive_unusable_frames_exceeded
attempt_id492,not_rejected
attempt_id493,not_rejected
attempt_id494,not_rejected
attempt_id495,not_rejected
attempt_id496,not_rejected
attempt_id497,player_a_max_consecutive_unusable_frames_exceeded; player_b_max_consecutive_unusable_frames_exceeded
attempt_id498,not_rejected
attempt_id499,not_rejected
attempt_id5,not_rejected
attempt_id50,player_b_max_consecutive_unusable_frames_exceeded
attempt_id500,not_rejected
attempt_id501,not_rejected
attempt_id502,not_rejected
attempt_id503,not_rejected
attempt_id504,not_rejected
attempt_id505,not_rejected
attempt_id506,player_b_max_consecutive_unusable_frames_exceeded
attempt_id507,not_rejected
attempt_id508,not_rejected
attempt_id509,not_rejected
attempt_id51,player_a_max_consecutive_unusable_frames_exceeded
attempt_id510,not_rejected
attempt_id511,player_a_unusable_frame_fraction_exceeded; player_a_max_consecutive_unusable_frames_exceeded
attempt_id512,not_rejected
attempt_id513,player_b_max_consecutive_unusable_frames_exceeded
attempt_id514,not_rejected
attempt_id515,player_b_max_consecutive_unusable_frames_exceeded
attempt_id516,not_rejected
attempt_id517,not_rejected
attempt_id518,not_rejected
attempt_id519,player_b_unusable_frame_fraction_exceeded; player_b_max_consecutive_unusable_frames_exceeded
attempt_id52,not_rejected
attempt_id520,not_rejected
attempt_id521,not_rejected
attempt_id522,player_b_max_consecutive_unusable_frames_exceeded
attempt_id523,player_b_unusable_frame_fraction_exceeded; player_b_max_consecutive_unusable_frames_exceeded
attempt_id524,not_rejected
attempt_id525,not_rejected
attempt_id526,not_rejected
attempt_id527,not_rejected
attempt_id528,not_rejected
attempt_id529,not_rejected
attempt_id53,not_rejected
attempt_id530,not_rejected
attempt_id531,player_a_max_consecutive_unusable_frames_exceeded
attempt_id532,not_rejected
attempt_id533,player_a_max_consecutive_unusable_frames_exceeded
attempt_id534,player_b_max_consecutive_unusable_frames_exceeded
attempt_id535,not_rejected
attempt_id536,player_b_unusable_frame_fraction_exceeded; player_b_max_consecutive_unusable_frames_exceeded
attempt_id537,not_rejected
attempt_id538,not_rejected
attempt_id539,not_rejected
attempt_id54,not_rejected
attempt_id540,not_rejected
attempt_id541,not_rejected
attempt_id542,player_b_unusable_frame_fraction_exceeded; player_b_max_consecutive_unusable_frames_exceeded
attempt_id543,player_b_max_consecutive_unusable_frames_exceeded
attempt_id544,player_a_unusable_frame_fraction_exceeded; player_a_max_consecutive_unusable_frames_exceeded; player_b_max_consecutive_unusable_frames_exceeded
attempt_id545,player_b_unusable_frame_fraction_exceeded; player_b_max_consecutive_unusable_frames_exceeded
attempt_id546,not_rejected
attempt_id547,not_rejected
attempt_id548,player_b_unusable_frame_fraction_exceeded; player_b_max_consecutive_unusable_frames_exceeded
attempt_id549,not_rejected
attempt_id55,not_rejected
attempt_id550,not_rejected
attempt_id551,not_rejected
attempt_id552,not_rejected
attempt_id553,not_rejected
attempt_id554,not_rejected
attempt_id555,not_rejected
attempt_id556,not_rejected
attempt_id557,not_rejected
attempt_id558,not_rejected
attempt_id559,not_rejected
attempt_id56,not_rejected
attempt_id560,not_rejected
attempt_id561,not_rejected
attempt_id562,not_rejected
attempt_id563,not_rejected
attempt_id564,player_b_max_consecutive_unusable_frames_exceeded
attempt_id565,not_rejected
attempt_id566,not_rejected
attempt_id567,not_rejected
attempt_id568,not_rejected
attempt_id569,not_rejected
attempt_id57,not_rejected
attempt_id570,not_rejected
attempt_id571,not_rejected
attempt_id572,not_rejected
attempt_id573,not_rejected
attempt_id574,not_rejected
attempt_id575,not_rejected
attempt_id576,not_rejected
attempt_id577,not_rejected
attempt_id578,not_rejected
attempt_id579,not_rejected
attempt_id58,not_rejected
attempt_id580,player_b_max_consecutive_unusable_frames_exceeded
attempt_id581,not_rejected
attempt_id582,not_rejected
attempt_id583,not_rejected
attempt_id584,not_rejected
attempt_id585,not_rejected
attempt_id586,not_rejected
attempt_id587,not_rejected
attempt_id588,not_rejected
attempt_id589,not_rejected
attempt_id59,not_rejected
attempt_id590,not_rejected
attempt_id591,not_rejected
attempt_id592,not_rejected
attempt_id593,not_rejected
attempt_id594,player_a_max_consecutive_unusable_frames_exceeded
attempt_id595,not_rejected
attempt_id596,not_rejected
attempt_id597,not_rejected
attempt_id598,not_rejected
attempt_id599,player_b_max_consecutive_unusable_frames_exceeded
attempt_id6,not_rejected
attempt_id60,not_rejected
attempt_id600,not_rejected
attempt_id601,not_rejected
attempt_id602,not_rejected
attempt_id603,player_b_max_consecutive_unusable_frames_exceeded
attempt_id604,not_rejected
attempt_id605,not_rejected
attempt_id606,not_rejected
attempt_id607,not_rejected
attempt_id608,not_rejected
attempt_id609,not_rejected
attempt_id61,not_rejected
attempt_id610,not_rejected
attempt_id611,player_a_max_consecutive_unusable_frames_exceeded
attempt_id612,not_rejected
attempt_id613,player_b_unusable_frame_fraction_exceeded; player_b_max_consecutive_unusable_frames_exceeded
attempt_id614,not_rejected
attempt_id615,player_a_unusable_frame_fraction_exceeded; player_b_unusable_frame_fraction_exceeded; player_a_max_consecutive_unusable_frames_exceeded; player_b_max_consecutive_unusable_frames_exceeded
attempt_id616,player_b_max_consecutive_unusable_frames_exceeded
attempt_id617,player_a_unusable_frame_fraction_exceeded; player_a_max_consecutive_unusable_frames_exceeded; player_b_max_consecutive_unusable_frames_exceeded
attempt_id618,not_rejected
attempt_id619,player_a_max_consecutive_unusable_frames_exceeded; player_b_max_consecutive_unusable_frames_exceeded
attempt_id62,player_b_max_consecutive_unusable_frames_exceeded
attempt_id620,not_rejected
attempt_id621,player_a_max_consecutive_unusable_frames_exceeded
attempt_id622,player_a_max_consecutive_unusable_frames_exceeded; player_b_max_consecutive_unusable_frames_exceeded
attempt_id623,not_rejected
attempt_id624,not_rejected
attempt_id625,not_rejected
attempt_id626,not_rejected
attempt_id627,not_rejected
attempt_id628,not_rejected
attempt_id629,not_rejected
attempt_id63,not_rejected
attempt_id630,not_rejected
attempt_id631,player_b_max_consecutive_unusable_frames_exceeded
attempt_id632,not_rejected
attempt_id633,not_rejected
attempt_id634,not_rejected
attempt_id635,not_rejected
attempt_id636,not_rejected
attempt_id637,not_rejected
attempt_id638,not_rejected
attempt_id639,not_rejected
attempt_id64,player_b_max_consecutive_unusable_frames_exceeded
attempt_id640,not_rejected
attempt_id641,not_rejected
attempt_id642,player_b_unusable_frame_fraction_exceeded; player_b_max_consecutive_unusable_frames_exceeded
attempt_id643,not_rejected
attempt_id644,not_rejected
attempt_id645,not_rejected
attempt_id646,not_rejected
attempt_id647,not_rejected
attempt_id648,not_rejected
attempt_id649,not_rejected
attempt_id65,not_rejected
attempt_id650,not_rejected
attempt_id651,not_rejected
attempt_id652,not_rejected
attempt_id653,not_rejected
attempt_id654,not_rejected
attempt_id655,not_rejected
attempt_id656,not_rejected
attempt_id657,not_rejected
attempt_id658,not_rejected
attempt_id659,not_rejected
attempt_id66,not_rejected
attempt_id660,not_rejected
attempt_id661,not_rejected
attempt_id662,player_a_max_consecutive_unusable_frames_exceeded
attempt_id663,not_rejected
attempt_id664,not_rejected
attempt_id665,not_rejected
attempt_id666,not_rejected
attempt_id667,player_a_unusable_frame_fraction_exceeded; player_b_unusable_frame_fraction_exceeded; player_a_max_consecutive_unusable_frames_exceeded; player_b_max_consecutive_unusable_frames_exceeded
attempt_id668,not_rejected
attempt_id669,not_rejected
attempt_id67,not_rejected
attempt_id670,player_b_unusable_frame_fraction_exceeded; player_a_max_consecutive_unusable_frames_exceeded; player_b_max_consecutive_unusable_frames_exceeded
attempt_id671,not_rejected
attempt_id672,not_rejected
attempt_id673,not_rejected
attempt_id674,not_rejected
attempt_id675,not_rejected
attempt_id676,player_b_max_consecutive_unusable_frames_exceeded
attempt_id677,not_rejected
attempt_id678,not_rejected
attempt_id679,not_rejected
attempt_id68,not_rejected
attempt_id680,not_rejected
attempt_id681,not_rejected
attempt_id682,not_rejected
attempt_id683,not_rejected
attempt_id684,not_rejected
attempt_id685,not_rejected
attempt_id686,not_rejected
attempt_id687,player_b_max_consecutive_unusable_frames_exceeded
attempt_id688,not_rejected
attempt_id689,player_b_unusable_frame_fraction_exceeded; player_b_max_consecutive_unusable_frames_exceeded
attempt_id69,not_rejected
attempt_id690,not_rejected
attempt_id691,not_rejected
attempt_id692,not_rejected
attempt_id693,not_rejected
attempt_id694,not_rejected
attempt_id695,not_rejected
attempt_id696,not_rejected
attempt_id697,player_b_unusable_frame_fraction_exceeded; player_b_max_consecutive_unusable_frames_exceeded
attempt_id698,player_b_unusable_frame_fraction_exceeded; player_b_max_consecutive_unusable_frames_exceeded
attempt_id699,player_b_max_consecutive_unusable_frames_exceeded
attempt_id7,not_rejected
attempt_id70,not_rejected
attempt_id700,not_rejected
attempt_id701,not_rejected
attempt_id702,not_rejected
attempt_id703,not_rejected
attempt_id704,player_b_max_consecutive_unusable_frames_exceeded
attempt_id705,not_rejected
attempt_id706,player_b_max_consecutive_unusable_frames_exceeded
attempt_id707,player_b_max_consecutive_unusable_frames_exceeded
attempt_id708,not_rejected
attempt_id709,not_rejected
attempt_id71,not_rejected
attempt_id710,player_a_max_consecutive_unusable_frames_exceeded
attempt_id711,not_rejected
attempt_id712,not_rejected
attempt_id713,not_rejected
attempt_id714,not_rejected
attempt_id715,not_rejected
attempt_id716,not_rejected
attempt_id717,not_rejected
attempt_id718,not_rejected
attempt_id719,not_rejected
attempt_id72,not_rejected
attempt_id720,not_rejected
attempt_id721,player_a_max_consecutive_unusable_frames_exceeded
attempt_id722,not_rejected
attempt_id723,not_rejected
attempt_id724,not_rejected
attempt_id725,not_rejected
attempt_id726,not_rejected
attempt_id727,player_b_unusable_frame_fraction_exceeded; player_b_max_consecutive_unusable_frames_exceeded
attempt_id728,not_rejected
attempt_id729,not_rejected
attempt_id73,not_rejected
attempt_id730,not_rejected
attempt_id731,not_rejected
attempt_id732,not_rejected
attempt_id733,not_rejected
attempt_id734,not_rejected
attempt_id735,not_rejected
attempt_id736,not_rejected
attempt_id737,player_b_max_consecutive_unusable_frames_exceeded
attempt_id738,not_rejected
attempt_id739,not_rejected
attempt_id74,player_b_unusable_frame_fraction_exceeded; player_b_max_consecutive_unusable_frames_exceeded
attempt_id740,not_rejected
attempt_id741,not_rejected
attempt_id742,not_rejected
attempt_id743,not_rejected
attempt_id744,not_rejected
attempt_id745,not_rejected
attempt_id746,not_rejected
attempt_id747,not_rejected
attempt_id748,not_rejected
attempt_id749,not_rejected
attempt_id75,not_rejected
attempt_id750,not_rejected
attempt_id751,not_rejected
attempt_id752,not_rejected
attempt_id753,not_rejected
attempt_id754,not_rejected
attempt_id755,not_rejected
attempt_id756,not_rejected
attempt_id757,not_rejected
attempt_id758,player_b_max_consecutive_unusable_frames_exceeded
attempt_id759,not_rejected
attempt_id76,not_rejected
attempt_id760,not_rejected
attempt_id761,not_rejected
attempt_id762,not_rejected
attempt_id763,not_rejected
attempt_id764,player_a_max_consecutive_unusable_frames_exceeded
attempt_id765,not_rejected
attempt_id766,not_rejected
attempt_id767,not_rejected
attempt_id768,not_rejected
attempt_id769,not_rejected
attempt_id77,not_rejected
attempt_id770,not_rejected
attempt_id771,not_rejected
attempt_id772,not_rejected
attempt_id773,not_rejected
attempt_id774,not_rejected
attempt_id775,not_rejected
attempt_id776,not_rejected
attempt_id777,player_b_max_consecutive_unusable_frames_exceeded
attempt_id778,player_a_max_consecutive_unusable_frames_exceeded
attempt_id779,not_rejected
attempt_id78,not_rejected
attempt_id780,player_b_max_consecutive_unusable_frames_exceeded
attempt_id781,player_b_max_consecutive_unusable_frames_exceeded
attempt_id782,not_rejected
attempt_id783,not_rejected
attempt_id784,not_rejected
attempt_id785,not_rejected
attempt_id786,not_rejected
attempt_id787,player_a_max_consecutive_unusable_frames_exceeded
attempt_id788,not_rejected
attempt_id789,not_rejected
attempt_id79,player_a_unusable_frame_fraction_exceeded; player_b_unusable_frame_fraction_exceeded; player_a_max_consecutive_unusable_frames_exceeded; player_b_max_consecutive_unusable_frames_exceeded
attempt_id790,not_rejected
attempt_id791,player_b_max_consecutive_unusable_frames_exceeded
attempt_id792,not_rejected
attempt_id793,not_rejected
attempt_id794,not_rejected
attempt_id795,not_rejected
attempt_id796,not_rejected
attempt_id797,not_rejected
attempt_id798,not_rejected
attempt_id799,not_rejected
attempt_id8,not_rejected
attempt_id80,not_rejected
attempt_id800,not_rejected
attempt_id801,player_a_max_consecutive_unusable_frames_exceeded; player_b_max_consecutive_unusable_frames_exceeded
attempt_id802,not_rejected
attempt_id803,not_rejected
attempt_id804,not_rejected
attempt_id805,not_rejected
attempt_id806,not_rejected
attempt_id807,not_rejected
attempt_id808,not_rejected
attempt_id809,not_rejected
attempt_id81,not_rejected
attempt_id810,not_rejected
attempt_id811,not_rejected
attempt_id812,not_rejected
attempt_id813,not_rejected
attempt_id814,not_rejected
attempt_id815,not_rejected
attempt_id816,not_rejected
attempt_id817,not_rejected
attempt_id818,not_rejected
attempt_id819,not_rejected
attempt_id82,not_rejected
attempt_id820,not_rejected
attempt_id821,not_rejected
attempt_id822,not_rejected
attempt_id823,not_rejected
attempt_id824,player_b_unusable_frame_fraction_exceeded; player_b_max_consecutive_unusable_frames_exceeded
attempt_id825,not_rejected
attempt_id826,not_rejected
attempt_id827,not_rejected
attempt_id828,not_rejected
attempt_id829,not_rejected
attempt_id83,not_rejected
attempt_id830,not_rejected
attempt_id831,not_rejected
attempt_id832,not_rejected
attempt_id833,not_rejected
attempt_id834,not_rejected
attempt_id835,player_b_unusable_frame_fraction_exceeded; player_a_max_consecutive_unusable_frames_exceeded; player_b_max_consecutive_unusable_frames_exceeded
attempt_id836,not_rejected
attempt_id837,not_rejected
attempt_id838,not_rejected
attempt_id839,player_a_max_consecutive_unusable_frames_exceeded
attempt_id84,not_rejected
attempt_id840,player_b_max_consecutive_unusable_frames_exceeded
attempt_id841,player_b_unusable_frame_fraction_exceeded; player_b_max_consecutive_unusable_frames_exceeded
attempt_id842,player_b_unusable_frame_fraction_exceeded; player_b_max_consecutive_unusable_frames_exceeded
attempt_id843,not_rejected
attempt_id844,player_b_max_consecutive_unusable_frames_exceeded
attempt_id845,player_a_max_consecutive_unusable_frames_exceeded
attempt_id846,player_b_unusable_frame_fraction_exceeded; player_b_max_consecutive_unusable_frames_exceeded
attempt_id847,player_b_max_consecutive_unusable_frames_exceeded
attempt_id848,player_b_max_consecutive_unusable_frames_exceeded
attempt_id849,not_rejected
attempt_id85,player_b_max_consecutive_unusable_frames_exceeded
attempt_id850,player_b_max_consecutive_unusable_frames_exceeded
attempt_id851,not_rejected
attempt_id852,not_rejected
attempt_id853,not_rejected
attempt_id854,not_rejected
attempt_id855,not_rejected
attempt_id856,not_rejected
attempt_id857,not_rejected
attempt_id858,not_rejected
attempt_id859,not_rejected
attempt_id86,player_b_max_consecutive_unusable_frames_exceeded
attempt_id860,not_rejected
attempt_id861,not_rejected
attempt_id862,not_rejected
attempt_id863,not_rejected
attempt_id864,not_rejected
attempt_id865,not_rejected
attempt_id866,player_a_unusable_frame_fraction_exceeded; player_a_max_consecutive_unusable_frames_exceeded
attempt_id867,not_rejected
attempt_id868,not_rejected
attempt_id869,not_rejected
attempt_id87,not_rejected
attempt_id870,not_rejected
attempt_id871,not_rejected
attempt_id872,not_rejected
attempt_id873,not_rejected
attempt_id874,not_rejected
attempt_id875,not_rejected
attempt_id876,not_rejected
attempt_id877,not_rejected
attempt_id878,not_rejected
attempt_id879,not_rejected
attempt_id88,not_rejected
attempt_id880,not_rejected
attempt_id881,not_rejected
attempt_id882,not_rejected
attempt_id883,not_rejected
attempt_id884,not_rejected
attempt_id885,not_rejected
attempt_id886,not_rejected
attempt_id887,not_rejected
attempt_id888,not_rejected
attempt_id889,not_rejected
attempt_id89,not_rejected
attempt_id890,not_rejected
attempt_id891,not_rejected
attempt_id892,not_rejected
attempt_id893,not_rejected
attempt_id894,not_rejected
attempt_id895,not_rejected
attempt_id896,not_rejected
attempt_id897,not_rejected
attempt_id898,not_rejected
attempt_id899,not_rejected
attempt_id9,not_rejected
attempt_id90,not_rejected
attempt_id900,not_rejected
attempt_id901,not_rejected
attempt_id902,not_rejected
attempt_id903,player_b_max_consecutive_unusable_frames_exceeded
attempt_id904,not_rejected
attempt_id905,not_rejected
attempt_id906,not_rejected
attempt_id907,not_rejected
attempt_id908,not_rejected
attempt_id909,player_b_max_consecutive_unusable_frames_exceeded
attempt_id91,not_rejected
attempt_id910,player_a_unusable_frame_fraction_exceeded; player_a_max_consecutive_unusable_frames_exceeded
attempt_id911,not_rejected
attempt_id912,not_rejected
attempt_id913,not_rejected
attempt_id914,not_rejected
attempt_id915,not_rejected
attempt_id916,not_rejected
attempt_id917,player_a_max_consecutive_unusable_frames_exceeded; player_b_max_consecutive_unusable_frames_exceeded
attempt_id918,not_rejected
attempt_id919,not_rejected
attempt_id92,not_rejected
attempt_id920,not_rejected
attempt_id921,not_rejected
attempt_id922,not_rejected
attempt_id923,player_b_max_consecutive_unusable_frames_exceeded
attempt_id924,not_rejected
attempt_id925,player_a_max_consecutive_unusable_frames_exceeded
attempt_id926,not_rejected
attempt_id927,not_rejected
attempt_id928,not_rejected
attempt_id929,player_b_max_consecutive_unusable_frames_exceeded
attempt_id93,not_rejected
attempt_id930,not_rejected
attempt_id931,not_rejected
attempt_id932,not_rejected
attempt_id933,player_b_unusable_frame_fraction_exceeded; player_b_max_consecutive_unusable_frames_exceeded
attempt_id934,not_rejected
attempt_id935,not_rejected
attempt_id936,not_rejected
attempt_id937,not_rejected
attempt_id938,not_rejected
attempt_id939,not_rejected
attempt_id94,not_rejected
attempt_id940,not_rejected
attempt_id941,not_rejected
attempt_id942,not_rejected
attempt_id943,player_b_unusable_frame_fraction_exceeded; player_b_max_consecutive_unusable_frames_exceeded
attempt_id944,player_b_max_consecutive_unusable_frames_exceeded
attempt_id946,not_rejected
attempt_id947,not_rejected
attempt_id948,player_b_max_consecutive_unusable_frames_exceeded
attempt_id949,not_rejected
attempt_id95,not_rejected
attempt_id950,player_b_max_consecutive_unusable_frames_exceeded
attempt_id951,not_rejected
attempt_id952,not_rejected
attempt_id953,not_rejected
attempt_id954,not_rejected
attempt_id955,player_a_max_consecutive_unusable_frames_exceeded
attempt_id956,not_rejected
attempt_id957,not_rejected
attempt_id958,not_rejected
attempt_id959,not_rejected
attempt_id96,not_rejected
attempt_id960,not_rejected
attempt_id961,not_rejected
attempt_id962,not_rejected
attempt_id963,not_rejected
attempt_id964,not_rejected
attempt_id965,not_rejected
attempt_id966,not_rejected
attempt_id967,not_rejected
attempt_id968,not_rejected
attempt_id969,not_rejected
attempt_id97,not_rejected
attempt_id970,player_b_max_consecutive_unusable_frames_exceeded
attempt_id971,not_rejected
attempt_id972,not_rejected
attempt_id973,not_rejected
attempt_id974,not_rejected
attempt_id975,player_b_max_consecutive_unusable_frames_exceeded
attempt_id976,not_rejected
attempt_id977,not_rejected
attempt_id978,not_rejected
attempt_id979,player_a_max_consecutive_unusable_frames_exceeded
attempt_id98,not_rejected
attempt_id980,player_a_max_consecutive_unusable_frames_exceeded
attempt_id981,not_rejected
attempt_id982,not_rejected
attempt_id983,not_rejected
attempt_id984,not_rejected
attempt_id985,player_b_unusable_frame_fraction_exceeded; player_b_max_consecutive_unusable_frames_exceeded
attempt_id986,player_b_max_consecutive_unusable_frames_exceeded
attempt_id987,player_b_unusable_frame_fraction_exceeded; player_b_max_consecutive_unusable_frames_exceeded
attempt_id988,player_b_max_consecutive_unusable_frames_exceeded
attempt_id989,not_rejected
attempt_id99,not_rejected
attempt_id990,not_rejected
attempt_id991,not_rejected
attempt_id992,not_rejected
attempt_id993,player_b_max_consecutive_unusable_frames_exceeded
attempt_id994,not_rejected
attempt_id995,not_rejected
attempt_id996,not_rejected
attempt_id997,not_rejected
attempt_id998,player_a_max_consecutive_unusable_frames_exceeded; player_b_max_consecutive_unusable_frames_exceeded
attempt_id999,player_b_unusable_frame_fraction_exceeded; player_b_max_consecutive_unusable_frames_exceeded
